date,basis_binance,basis_deribit,basis_3m
2020-06-09,,6.0521,6.0521
2020-06-10,,5.8064,5.8064
2020-06-11,,3.6837,3.6837
2020-06-12,,3.5957,3.5957
2020-06-13,,4.6873,4.6873
2020-06-14,,4.1572,4.1572
2020-06-15,,2.5125,2.5125
2020-06-16,,3.164,3.164
2020-06-17,,4.1442,4.1442
2020-06-18,,3.5995,3.5995
2020-06-19,,2.9454,2.9454
2020-06-20,,3.4289,3.4289
2020-06-21,,3.0848,3.0848
2020-06-22,,4.5161,4.5161
2020-06-23,,4.0651,4.0651
2020-06-24,,3.4322,3.4322
2020-06-25,,3.2916,3.2916
2020-06-26,3.5569,2.6212,3.0891
2020-06-27,2.3336,1.7708,2.0522
2020-06-28,3.2961,2.355,2.8256
2020-06-29,3.1669,2.7824,2.9747
2020-06-30,3.255,3.05,3.1525
2020-07-01,3.3163,3.2422,3.2793
2020-07-02,2.5077,2.9776,2.7427
2020-07-03,3.1558,3.491,3.3234
2020-07-04,3.4688,3.5809,3.5248
2020-07-05,3.2078,3.5925,3.4002
2020-07-06,6.1147,5.2847,5.6997
2020-07-07,4.8506,3.9197,4.3851
2020-07-08,5.0718,4.2944,4.6831
2020-07-09,4.283,4.0061,4.1445
2020-07-10,5.4574,4.2931,4.8752
2020-07-11,5.1197,4.5436,4.8317
2020-07-12,5.4556,4.5588,5.0072
2020-07-13,5.5565,4.3982,4.9774
2020-07-14,5.3133,4.7762,5.0447
2020-07-15,6.1517,5.1658,5.6588
2020-07-16,5.7794,5.1247,5.4521
2020-07-17,5.4111,4.8028,5.1069
2020-07-18,5.5573,4.9093,5.2333
2020-07-19,6.5904,5.5336,6.062
2020-07-20,6.5301,5.4974,6.0138
2020-07-21,7.5962,5.8866,6.7414
2020-07-22,8.6988,7.3222,8.0105
2020-07-23,8.5335,6.3936,7.4636
2020-07-24,7.5079,7.1774,7.3426
2020-07-25,9.7176,8.6082,9.1629
2020-07-26,12.3125,9.8756,11.094
2020-07-27,17.5899,14.5279,16.0589
2020-07-28,16.0844,13.9332,15.0088
2020-07-29,15.0424,13.0726,14.0575
2020-07-30,17.221,14.8212,16.0211
2020-07-31,17.0833,15.1792,16.1313
2020-08-01,18.8029,16.552,17.6774
2020-08-02,15.4139,13.7005,14.5572
2020-08-03,12.9607,12.0513,12.506
2020-08-04,14.4309,12.7343,13.5826
2020-08-05,15.8706,13.3109,14.5908
2020-08-06,13.5094,12.3038,12.9066
2020-08-07,12.6983,10.3178,11.508
2020-08-08,15.0292,13.2395,14.1343
2020-08-09,14.3479,12.0256,13.1867
2020-08-10,17.5028,14.0673,15.785
2020-08-11,12.841,10.6382,11.7396
2020-08-12,13.7071,11.8673,12.7872
2020-08-13,15.647,13.104,14.3755
2020-08-14,14.8092,12.3229,13.566
2020-08-15,16.6642,14.2026,15.4334
2020-08-16,17.8105,15.2703,16.5404
2020-08-17,19.1212,15.3213,17.2213
2020-08-18,16.5931,12.3665,14.4798
2020-08-19,13.4111,10.5962,12.0036
2020-08-20,12.5326,10.6468,11.5897
2020-08-21,11.9838,8.8845,10.4342
2020-08-22,12.6977,9.0018,10.8498
2020-08-23,13.7832,10.3594,12.0713
2020-08-24,13.6307,10.4737,12.0522
2020-08-25,11.113,6.7409,8.9269
2020-08-26,12.16,7.9427,10.0513
2020-08-27,10.4593,6.7609,8.6101
2020-08-28,10.2167,7.9294,9.0731
2020-08-29,11.1877,8.7447,9.9662
2020-08-30,12.7534,10.8181,11.7857
2020-08-31,11.9333,10.0339,10.9836
2020-09-01,13.2923,11.6323,12.4623
2020-09-02,8.2702,6.4879,7.3791
2020-09-03,-2.328,1.3302,-0.4989
2020-09-04,3.8184,3.7669,3.7927
2020-09-05,3.7603,4.2518,4.0061
2020-09-06,4.5649,3.9561,4.2605
2020-09-07,4.9358,6.3839,5.6598
2020-09-08,5.2591,5.7655,5.5123
2020-09-09,4.4347,5.6877,5.0612
2020-09-10,3.6503,5.1577,4.404
2020-09-11,3.5633,4.575,4.0691
2020-09-12,4.6855,5.6448,5.1651
2020-09-13,4.1103,4.6503,4.3803
2020-09-14,5.941,6.5296,6.2353
2020-09-15,7.3603,7.8019,7.5811
2020-09-16,7.7533,8.2809,8.0171
2020-09-17,8.881,9.9599,9.4204
2020-09-18,7.4164,8.6509,8.0336
2020-09-19,8.4955,9.4358,8.9656
2020-09-20,7.5303,8.1719,7.8511
2020-09-21,5.1232,6.5834,5.8533
2020-09-22,4.849,5.4171,5.133
2020-09-23,5.0282,4.472,4.7501
2020-09-24,6.4091,6.5356,6.4724
2020-09-25,5.9035,6.4817,6.1926
2020-09-26,6.3209,7.0474,6.6841
2020-09-27,6.9928,6.9942,6.9935
2020-09-28,5.8065,6.3607,6.0836
2020-09-29,6.815,6.8391,6.8271
2020-09-30,6.5818,6.9213,6.7515
2020-10-01,6.8811,6.192,6.5365
2020-10-02,6.2362,5.933,6.0846
2020-10-03,5.9142,5.4241,5.6692
2020-10-04,7.1751,6.4499,6.8125
2020-10-05,6.9885,6.6243,6.8064
2020-10-06,6.6386,6.4243,6.5314
2020-10-07,6.3253,5.8983,6.1118
2020-10-08,8.0144,7.6656,7.84
2020-10-09,8.6207,8.0723,8.3465
2020-10-10,9.0944,8.8717,8.983
2020-10-11,9.4516,9.0026,9.2271
2020-10-12,11.7981,11.5252,11.6617
2020-10-13,9.3447,9.0934,9.219
2020-10-14,9.2704,9.269,9.2697
2020-10-15,10.3286,9.8906,10.1096
2020-10-16,8.6471,8.3193,8.4832
2020-10-17,9.3385,8.7554,9.047
2020-10-18,9.6857,9.2631,9.4744
2020-10-19,10.3274,9.3281,9.8277
2020-10-20,9.3625,9.6122,9.4873
2020-10-21,11.4992,10.1705,10.8348
2020-10-22,10.1045,9.2563,9.6804
2020-10-23,11.7234,11.2845,11.504
2020-10-24,12.7904,11.9197,12.355
2020-10-25,11.2683,10.7268,10.9976
2020-10-26,10.4034,8.8835,9.6434
2020-10-27,9.4809,8.0527,8.7668
2020-10-28,9.0672,7.1275,8.0974
2020-10-29,9.5454,8.6228,9.0841
2020-10-30,10.0179,8.5652,9.2915
2020-10-31,9.4135,7.8613,8.6374
2020-11-01,9.2647,8.5013,8.883
2020-11-02,7.174,6.4955,6.8347
2020-11-03,9.5618,9.3861,9.4739
2020-11-04,10.4471,9.1689,9.808
2020-11-05,10.7653,8.8728,9.819
2020-11-06,11.4223,9.6443,10.5333
2020-11-07,14.916,13.0183,13.9672
2020-11-08,13.3987,11.5665,12.4826
2020-11-09,10.9758,9.1644,10.0701
2020-11-10,9.789,8.6332,9.2111
2020-11-11,11.3812,9.8881,10.6347
2020-11-12,11.5021,10.6727,11.0874
2020-11-13,9.5835,8.6954,9.1394
2020-11-14,8.1664,7.0471,7.6067
2020-11-15,7.963,6.5241,7.2435
2020-11-16,9.6816,9.0066,9.3441
2020-11-17,9.1505,7.4804,8.3155
2020-11-18,8.6246,8.4709,8.5478
2020-11-19,9.8266,8.168,8.9973
2020-11-20,10.7364,8.9809,9.8587
2020-11-21,10.3378,9.3033,9.8206
2020-11-22,10.6771,10.4977,10.5874
2020-11-23,12.5627,10.7115,11.6371
2020-11-24,15.3672,12.9232,14.1452
2020-11-25,13.3319,10.7267,12.0293
2020-11-26,11.9499,11.3482,11.6491
2020-11-27,12.546,10.4615,11.5038
2020-11-28,11.6762,9.9514,10.8138
2020-11-29,12.312,11.5856,11.9488
2020-11-30,17.8445,15.7812,16.8128
2020-12-01,13.9497,12.0595,13.0046
2020-12-02,13.9482,13.2952,13.6217
2020-12-03,14.638,12.8077,13.7228
2020-12-04,12.248,10.721,11.4845
2020-12-05,14.0379,11.9175,12.9777
2020-12-06,15.0158,13.1608,14.0883
2020-12-07,13.7357,12.0047,12.8702
2020-12-08,12.3783,9.8689,11.1236
2020-12-09,11.1185,9.3958,10.2572
2020-12-10,10.3521,8.6652,9.5087
2020-12-11,9.8702,7.5962,8.7332
2020-12-12,10.6285,8.9738,9.8012
2020-12-13,14.6188,13.6896,14.1542
2020-12-14,13.6271,13.701,13.664
2020-12-15,14.0287,13.2992,13.6639
2020-12-16,18.5836,17.1056,17.8446
2020-12-17,18.5105,15.7364,17.1234
2020-12-18,18.4326,16.5829,17.5078
2020-12-19,21.4793,19.3175,20.3984
2020-12-20,18.4567,16.6484,17.5526
2020-12-21,16.0439,14.6442,15.344
2020-12-22,18.7466,16.944,17.8453
2020-12-23,16.1634,14.7443,15.4539
2020-12-24,18.246,16.1032,17.1746
2020-12-25,19.4967,18.6853,19.091
2020-12-26,21.1351,20.6176,20.8763
2020-12-27,21.5113,20.3763,20.9438
2020-12-28,20.8304,18.6905,19.7605
2020-12-29,20.4399,18.121,19.2805
2020-12-30,20.9591,19.613,20.286
2020-12-31,15.8224,13.1252,14.4738
2021-01-01,15.2756,13.7248,14.5002
2021-01-02,19.049,17.127,18.088
2021-01-03,22.7105,19.2553,20.9829
2021-01-04,20.5833,17.7814,19.1823
2021-01-05,21.2247,18.4656,19.8452
2021-01-06,23.2277,20.9388,22.0833
2021-01-07,23.5104,21.6054,22.5579
2021-01-08,19.5353,16.3193,17.9273
2021-01-09,20.7486,17.8806,19.3146
2021-01-10,19.8442,17.2943,18.5692
2021-01-11,20.7822,19.8707,20.3265
2021-01-12,22.3203,21.5324,21.9264
2021-01-13,23.1844,20.7877,21.986
2021-01-14,24.7207,22.9594,23.84
2021-01-15,22.0251,21.2854,21.6552
2021-01-16,21.7302,21.0333,21.3817
2021-01-17,22.2012,20.3662,21.2837
2021-01-18,25.0225,22.9218,23.9721
2021-01-19,22.6854,21.0704,21.8779
2021-01-20,18.7692,17.6019,18.1856
2021-01-21,13.0021,10.9138,11.958
2021-01-22,16.039,14.8911,15.465
2021-01-23,17.4036,15.5944,16.499
2021-01-24,17.8123,15.3596,16.586
2021-01-25,16.484,15.4467,15.9653
2021-01-26,15.0117,12.564,13.7879
2021-01-27,10.5133,8.4957,9.5045
2021-01-28,12.878,9.6566,11.2673
2021-01-29,19.6715,18.3993,19.0354
2021-01-30,16.0392,13.7811,14.9102
2021-01-31,14.7185,12.5716,13.645
2021-02-01,17.514,14.6112,16.0626
2021-02-02,23.2969,19.6919,21.4944
2021-02-03,26.9257,23.2063,25.066
2021-02-04,26.6477,23.1778,24.9127
2021-02-05,26.6716,23.373,25.0223
2021-02-06,30.4634,26.7488,28.6061
2021-02-07,22.7852,20.2706,21.5279
2021-02-08,32.7731,27.6421,30.2076
2021-02-09,31.9928,28.1598,30.0763
2021-02-10,30.219,25.1752,27.6971
2021-02-11,34.2293,28.0308,31.1301
2021-02-12,35.0289,28.4965,31.7627
2021-02-13,34.5999,29.7,32.15
2021-02-14,35.3336,31.445,33.3893
2021-02-15,35.4754,29.833,32.6542
2021-02-16,34.2142,28.9326,31.5734
2021-02-17,38.4725,34.6137,36.5431
2021-02-18,35.7239,33.4131,34.5685
2021-02-19,35.814,30.0378,32.9259
2021-02-20,31.9522,28.4153,30.1837
2021-02-21,35.0892,30.1958,32.6425
2021-02-22,29.0234,25.037,27.0302
2021-02-23,30.0531,25.3623,27.7077
2021-02-24,26.9169,22.6839,24.8004
2021-02-25,23.8171,21.5688,22.693
2021-02-26,22.8928,20.7772,21.835
2021-02-27,21.4117,19.5805,20.4961
2021-02-28,19.0279,18.4268,18.7273
2021-03-01,21.3515,20.9234,21.1374
2021-03-02,20.6666,19.0535,19.86
2021-03-03,22.31,21.8465,22.0783
2021-03-04,19.0505,18.1339,18.5922
2021-03-05,19.9935,17.0724,18.5329
2021-03-06,20.1198,18.2498,19.1848
2021-03-07,24.1815,21.4884,22.8349
2021-03-08,24.9526,21.9052,23.4289
2021-03-09,24.9953,23.0975,24.0464
2021-03-10,27.6508,25.073,26.3619
2021-03-11,31.1732,28.3084,29.7408
2021-03-12,27.8069,25.7788,26.7929
2021-03-13,38.3041,35.9921,37.1481
2021-03-14,34.396,32.8071,33.6016
2021-03-15,23.6296,21.9771,22.8033
2021-03-16,25.3347,23.4014,24.368
2021-03-17,27.0758,23.9208,25.4983
2021-03-18,25.7349,23.4103,24.5726
2021-03-19,27.115,25.5127,26.3139
2021-03-20,29.5036,26.313,27.9083
2021-03-21,26.3118,25.0012,25.6565
2021-03-22,23.9911,22.5463,23.2687
2021-03-23,24.9883,22.1709,23.5796
2021-03-24,22.2713,18.1678,20.2195
2021-03-25,21.9707,17.7248,19.8478
2021-03-26,22.054,18.0396,20.0468
2021-03-27,24.5075,20.6076,22.5576
2021-03-28,24.2739,21.0733,22.6736
2021-03-29,29.5077,24.5643,27.036
2021-03-30,31.9079,27.2336,29.5707
2021-03-31,34.1365,29.0872,31.6118
2021-04-01,34.7094,29.1164,31.9129
2021-04-02,35.1107,30.2583,32.6845
2021-04-03,33.0842,28.933,31.0086
2021-04-04,34.4574,29.489,31.9732
2021-04-05,41.0417,35.2724,38.157
2021-04-06,36.1628,31.965,34.0639
2021-04-07,31.4115,26.918,29.1648
2021-04-08,35.2375,30.074,32.6557
2021-04-09,35.9592,31.6666,33.8129
2021-04-10,45.0252,41.2349,43.1301
2021-04-11,45.1111,42.6924,43.9018
2021-04-12,43.3801,42.0705,42.7253
2021-04-13,49.6282,48.9308,49.2795
2021-04-14,40.5079,36.691,38.5995
2021-04-15,41.4782,38.6121,40.0452
2021-04-16,35.0527,32.3748,33.7137
2021-04-17,31.622,29.5204,30.5712
2021-04-18,21.866,22.2954,22.0807
2021-04-19,25.5232,24.688,25.1056
2021-04-20,24.5802,23.3528,23.9665
2021-04-21,25.7412,24.9419,25.3415
2021-04-22,22.3507,21.6317,21.9912
2021-04-23,20.3785,19.3677,19.8731
2021-04-24,20.4094,16.7659,18.5876
2021-04-25,22.0668,19.1103,20.5886
2021-04-26,24.4378,22.0147,23.2262
2021-04-27,23.6436,21.9923,22.818
2021-04-28,24.4584,23.4091,23.9337
2021-04-29,23.3799,22.4743,22.9271
2021-04-30,25.7225,23.4232,24.5728
2021-05-01,27.362,24.0979,25.73
2021-05-02,24.9506,22.1297,23.5401
2021-05-03,23.5581,22.6768,23.1175
2021-05-04,19.5853,18.2209,18.9031
2021-05-05,27.8283,24.9977,26.413
2021-05-06,24.5503,21.286,22.9182
2021-05-07,23.383,21.8975,22.6403
2021-05-08,28.8494,25.6443,27.2468
2021-05-09,27.5536,24.0455,25.7995
2021-05-10,23.5878,21.6366,22.6122
2021-05-11,25.8337,23.1169,24.4753
2021-05-12,21.2643,16.4721,18.8682
2021-05-13,22.477,17.0431,19.76
2021-05-14,20.0862,14.9415,17.5139
2021-05-15,17.02,11.8473,14.4337
2021-05-16,16.4464,10.9876,13.717
2021-05-17,15.7039,7.0448,11.3744
2021-05-18,13.361,9.454,11.4075
2021-05-19,10.0373,5.098,7.5677
2021-05-20,8.2984,3.6322,5.9653
2021-05-21,5.5249,2.6292,4.077
2021-05-22,6.2833,4.1892,5.2362
2021-05-23,4.7823,4.2637,4.523
2021-05-24,6.4884,3.5307,5.0095
2021-05-25,7.3431,4.5808,5.962
2021-05-26,7.9829,5.059,6.5209
2021-05-27,7.9025,4.9389,6.4207
2021-05-28,6.8989,4.5605,5.7297
2021-05-29,5.7452,3.8845,4.8149
2021-05-30,5.7463,4.0283,4.8873
2021-05-31,7.8869,7.155,7.5209
2021-06-01,7.175,4.7371,5.9561
2021-06-02,8.0233,7.0442,7.5337
2021-06-03,9.1139,6.9644,8.0392
2021-06-04,8.0062,6.8411,7.4237
2021-06-05,6.7387,6.4859,6.6123
2021-06-06,7.0265,6.5722,6.7994
2021-06-07,5.9431,4.6922,5.3176
2021-06-08,4.417,3.8381,4.1275
2021-06-09,7.9227,6.5493,7.236
2021-06-10,7.6904,5.116,6.4032
2021-06-11,7.7225,5.8102,6.7664
2021-06-12,6.3921,5.1327,5.7624
2021-06-13,9.4549,8.7621,9.1085
2021-06-14,8.7049,6.9841,7.8445
2021-06-15,8.2972,7.095,7.6961
2021-06-16,6.5617,4.1028,5.3322
2021-06-17,5.2956,0.1745,2.735
2021-06-18,4.9173,1.509,3.2131
2021-06-19,4.7286,2.3378,3.5332
2021-06-20,5.8852,2.8033,4.3443
2021-06-21,2.9646,0.8102,1.8874
2021-06-22,5.1128,4.3347,4.7238
2021-06-23,4.3336,3.2335,3.7836
2021-06-24,4.578,2.4655,3.5217
2021-06-25,4.2859,3.9789,4.1324
2021-06-26,2.5071,3.2532,2.8801
2021-06-27,3.5066,2.9967,3.2516
2021-06-28,3.6013,3.4893,3.5453
2021-06-29,4.2783,3.9953,4.1368
2021-06-30,5.0043,3.8748,4.4395
2021-07-01,2.9039,2.726,2.8149
2021-07-02,3.8196,3.6399,3.7298
2021-07-03,4.2269,3.7126,3.9698
2021-07-04,3.8538,3.54,3.6969
2021-07-05,3.0166,2.8974,2.957
2021-07-06,4.6226,3.5593,4.0909
2021-07-07,3.4568,2.8657,3.1613
2021-07-08,2.5953,2.5594,2.5773
2021-07-09,4.9572,4.1941,4.5756
2021-07-10,3.7676,3.6757,3.7217
2021-07-11,5.3192,4.6937,5.0064
2021-07-12,4.1599,3.5983,3.8791
2021-07-13,3.2256,3.0706,3.1481
2021-07-14,2.376,2.3982,2.3871
2021-07-15,2.3558,2.4583,2.407
2021-07-16,1.3052,1.778,1.5416
2021-07-17,1.5272,1.6425,1.5849
2021-07-18,2.1745,2.5143,2.3444
2021-07-19,0.5159,1.1982,0.8571
2021-07-20,0.9844,1.8572,1.4208
2021-07-21,2.827,3.0071,2.9171
2021-07-22,2.7208,2.9991,2.8599
2021-07-23,3.4794,6.4045,4.9419
2021-07-24,4.4064,9.073,6.7397
2021-07-25,4.7407,9.5004,7.1205
2021-07-26,3.589,8.15,5.8695
2021-07-27,5.1426,8.6906,6.9166
2021-07-28,6.1735,9.3431,7.7583
2021-07-29,6.6268,8.9213,7.7741
2021-07-30,6.8334,9.1392,7.9863
2021-07-31,6.7077,9.0274,7.8675
2021-08-01,4.9136,7.7592,6.3364
2021-08-02,5.6684,8.3496,7.009
2021-08-03,5.5022,6.7287,6.1154
2021-08-04,5.9191,7.4021,6.6606
2021-08-05,6.4939,8.5421,7.518
2021-08-06,7.0907,8.1424,7.6165
2021-08-07,6.9913,8.9831,7.9872
2021-08-08,6.2797,7.767,7.0234
2021-08-09,7.7959,10.211,9.0035
2021-08-10,7.0317,8.6763,7.854
2021-08-11,6.5266,8.6681,7.5974
2021-08-12,6.7134,8.4729,7.5931
2021-08-13,9.1969,10.7556,9.9763
2021-08-14,7.4492,9.3323,8.3908
2021-08-15,7.8258,9.7993,8.8126
2021-08-16,6.5309,8.9094,7.7201
2021-08-17,6.2792,7.5938,6.9365
2021-08-18,6.0441,8.0079,7.026
2021-08-19,8.7432,9.3089,9.026
2021-08-20,8.7651,9.1457,8.9554
2021-08-21,8.0743,9.0044,8.5393
2021-08-22,9.2803,10.1476,9.7139
2021-08-23,8.7862,10.2657,9.5259
2021-08-24,7.0036,7.6469,7.3252
2021-08-25,9.3688,9.4955,9.4322
2021-08-26,6.9741,7.4193,7.1967
2021-08-27,9.4399,9.6016,9.5207
2021-08-28,9.3683,10.0095,9.6889
2021-08-29,8.0174,8.8606,8.439
2021-08-30,7.1728,8.7449,7.9589
2021-08-31,8.0755,9.1529,8.6142
2021-09-01,9.4524,10.531,9.9917
2021-09-02,9.4489,10.2216,9.8353
2021-09-03,10.6174,10.8711,10.7443
2021-09-04,9.7836,10.3173,10.0504
2021-09-05,12.7027,13.0272,12.865
2021-09-06,12.7011,13.6757,13.1884
2021-09-07,8.5958,8.8034,8.6996
2021-09-08,6.9652,8.7993,7.8822
2021-09-09,8.1948,9.0104,8.6026
2021-09-10,7.7599,9.172,8.466
2021-09-11,8.4345,9.2652,8.8499
2021-09-12,8.4787,10.6479,9.5633
2021-09-13,7.7634,9.2975,8.5305
2021-09-14,9.1361,10.544,9.8401
2021-09-15,8.8522,9.7266,9.2894
2021-09-16,9.3239,10.4603,9.8921
2021-09-17,10.0291,9.7613,9.8952
2021-09-18,10.2291,10.1231,10.1761
2021-09-19,8.8213,8.9881,8.9047
2021-09-20,7.5024,6.8013,7.1519
2021-09-21,7.6256,7.0461,7.3358
2021-09-22,7.1962,7.1254,7.1608
2021-09-23,7.0573,6.6075,6.8324
2021-09-24,5.5704,5.3656,5.468
2021-09-25,5.7454,5.6478,5.6966
2021-09-26,7.0692,6.9938,7.0315
2021-09-27,6.0028,6.2862,6.1445
2021-09-28,5.2044,5.2463,5.2253
2021-09-29,5.5794,5.171,5.3752
2021-09-30,6.5227,6.436,6.4794
2021-10-01,7.7634,7.5696,7.6665
2021-10-02,7.4381,7.6719,7.555
2021-10-03,8.2434,8.4417,8.3425
2021-10-04,9.4838,9.0174,9.2506
2021-10-05,9.0039,9.9112,9.4576
2021-10-06,9.3251,10.0508,9.688
2021-10-07,10.0029,10.4224,10.2127
2021-10-08,10.3267,10.8333,10.58
2021-10-09,12.4728,11.7021,12.0875
2021-10-10,12.0523,12.0284,12.0403
2021-10-11,14.847,13.4598,14.1534
2021-10-12,13.791,12.9705,13.3807
2021-10-13,14.8797,13.8611,14.3704
2021-10-14,14.1803,13.0991,13.6397
2021-10-15,15.4414,14.4079,14.9246
2021-10-16,14.3174,12.7911,13.5542
2021-10-17,14.8483,13.2142,14.0313
2021-10-18,14.9893,13.2056,14.0975
2021-10-19,15.9259,14.6779,15.3019
2021-10-20,18.6883,16.3364,17.5123
2021-10-21,17.0265,15.5186,16.2725
2021-10-22,15.7583,13.702,14.7302
2021-10-23,16.5838,15.1076,15.8457
2021-10-24,16.0895,14.8942,15.4919
2021-10-25,17.8061,16.241,17.0236
2021-10-26,13.9453,13.5005,13.7229
2021-10-27,10.9878,11.7773,11.3826
2021-10-28,15.4605,14.8422,15.1514
2021-10-29,16.5094,15.6888,16.0991
2021-10-30,15.4662,14.9305,15.1983
2021-10-31,13.4477,13.5439,13.4958
2021-11-01,13.6658,13.441,13.5534
2021-11-02,17.6652,16.1097,16.8874
2021-11-03,17.1448,15.8759,16.5103
2021-11-04,15.4484,14.5345,14.9915
2021-11-05,14.4283,13.692,14.0601
2021-11-06,13.1007,13.1895,13.1451
2021-11-07,15.7158,14.7849,15.2504
2021-11-08,19.9682,18.3173,19.1427
2021-11-09,17.6921,16.381,17.0366
2021-11-10,13.5266,12.4697,12.9981
2021-11-11,13.3677,11.9259,12.6468
2021-11-12,12.4461,11.8322,12.1392
2021-11-13,13.0676,11.2272,12.1474
2021-11-14,13.1817,11.7242,12.4529
2021-11-15,11.7354,10.9481,11.3417
2021-11-16,10.7946,9.3432,10.0689
2021-11-17,12.186,10.7929,11.4894
2021-11-18,10.2515,8.5258,9.3887
2021-11-19,11.6724,10.0355,10.854
2021-11-20,12.9497,10.8973,11.9235
2021-11-21,12.5064,11.4465,11.9764
2021-11-22,10.3837,10.0194,10.2015
2021-11-23,11.9575,10.1252,11.0414
2021-11-24,11.614,10.5679,11.091
2021-11-25,13.5718,10.1388,11.8553
2021-11-26,8.1553,8.091,8.1232
2021-11-27,7.8344,7.9657,7.9
2021-11-28,12.0221,10.6468,11.3345
2021-11-29,11.3703,8.9694,10.1699
2021-11-30,12.1712,9.7976,10.9844
2021-12-01,11.9153,9.7847,10.85
2021-12-02,9.8585,8.3451,9.1018
2021-12-03,7.1095,6.4532,6.7814
2021-12-04,6.0653,5.6329,5.8491
2021-12-05,6.3371,6.5206,6.4288
2021-12-06,7.3367,8.7911,8.0639
2021-12-07,8.1261,8.7997,8.4629
2021-12-08,8.4439,9.2126,8.8283
2021-12-09,8.5995,8.6414,8.6204
2021-12-10,7.3263,6.7,7.0132
2021-12-11,8.357,7.5238,7.9404
2021-12-12,7.6948,7.5855,7.6401
2021-12-13,6.3639,6.4412,6.4026
2021-12-14,8.2534,7.7071,7.9803
2021-12-15,8.6762,8.2416,8.4589
2021-12-16,8.3834,7.6504,8.0169
2021-12-17,8.5622,7.1989,7.8806
2021-12-18,9.1082,7.2459,8.1771
2021-12-19,9.0998,7.1494,8.1246
2021-12-20,9.3925,8.0416,8.717
2021-12-21,9.3316,7.8162,8.5739
2021-12-22,9.5644,8.0828,8.8236
2021-12-23,11.1213,8.2533,9.6873
2021-12-24,10.714,9.172,9.943
2021-12-25,10.4324,8.7737,9.603
2021-12-26,10.0971,8.6353,9.3662
2021-12-27,10.1563,8.6562,9.4063
2021-12-28,8.845,7.8148,8.3299
2021-12-29,7.1369,6.9047,7.0208
2021-12-30,7.1915,6.4141,6.8028
2021-12-31,8.0179,7.0792,7.5486
2022-01-01,8.3486,8.2199,8.2842
2022-01-02,8.1118,8.2644,8.1881
2022-01-03,9.0753,8.1773,8.6263
2022-01-04,9.2349,8.3455,8.7902
2022-01-05,8.8422,7.5946,8.2184
2022-01-06,7.5808,6.7355,7.1582
2022-01-07,7.6883,6.483,7.0857
2022-01-08,7.5569,6.6473,7.1021
2022-01-09,7.4086,6.5243,6.9664
2022-01-10,7.1065,6.4861,6.7963
2022-01-11,7.1388,7.0658,7.1023
2022-01-12,6.4924,6.0677,6.2801
2022-01-13,6.1656,5.7049,5.9353
2022-01-14,6.3698,6.1473,6.2585
2022-01-15,6.4888,6.7735,6.6311
2022-01-16,6.409,6.3522,6.3806
2022-01-17,5.4344,5.6511,5.5427
2022-01-18,5.4264,5.6285,5.5275
2022-01-19,4.5293,4.4472,4.4883
2022-01-20,4.3051,3.7979,4.0515
2022-01-21,3.56,3.3875,3.4737
2022-01-22,5.3477,5.9635,5.6556
2022-01-23,5.8516,6.6775,6.2646
2022-01-24,4.8395,5.5276,5.1835
2022-01-25,4.9414,5.8312,5.3863
2022-01-26,4.3051,5.2253,4.7652
2022-01-27,3.882,5.4027,4.6423
2022-01-28,3.6281,4.9391,4.2836
2022-01-29,4.0035,5.3813,4.6924
2022-01-30,3.4626,5.0697,4.2661
2022-01-31,4.1591,5.287,4.7231
2022-02-01,3.775,5.3823,4.5786
2022-02-02,3.7534,4.9033,4.3283
2022-02-03,3.762,4.5541,4.1581
2022-02-04,4.2452,5.0426,4.6439
2022-02-05,3.5327,4.2235,3.8781
2022-02-06,3.8568,4.3312,4.094
2022-02-07,3.7879,4.1288,3.9583
2022-02-08,2.9802,3.1835,3.0819
2022-02-09,2.7163,2.7925,2.7544
2022-02-10,2.5503,3.2392,2.8947
2022-02-11,2.6573,3.006,2.8317
2022-02-12,2.7016,2.7705,2.7361
2022-02-13,2.5464,3.1546,2.8505
2022-02-14,2.7899,3.3708,3.0804
2022-02-15,2.8344,3.4064,3.1204
2022-02-16,2.8911,3.6697,3.2804
2022-02-17,2.0319,2.7344,2.3832
2022-02-18,2.4738,3.3736,2.9237
2022-02-19,2.6013,3.6207,3.111
2022-02-20,2.1075,2.5732,2.3403
2022-02-21,2.2797,3.8756,3.0776
2022-02-22,1.9618,2.9765,2.4691
2022-02-23,2.1599,2.8748,2.5173
2022-02-24,1.6828,4.1927,2.9377
2022-02-25,1.6699,3.2938,2.4818
2022-02-26,1.0611,2.7187,1.8899
2022-02-27,0.6545,2.1631,1.4088
2022-02-28,1.9566,3.02,2.4883
2022-03-01,2.1546,2.8798,2.5172
2022-03-02,2.6109,3.0242,2.8175
2022-03-03,3.0421,3.6429,3.3425
2022-03-04,2.7908,2.7706,2.7807
2022-03-05,2.7834,2.833,2.8082
2022-03-06,2.7267,2.7128,2.7197
2022-03-07,2.1435,3.4445,2.794
2022-03-08,2.5347,2.7059,2.6203
2022-03-09,2.802,2.8622,2.8321
2022-03-10,1.9122,2.3718,2.142
2022-03-11,2.2574,3.1213,2.6894
2022-03-12,2.4218,1.8026,2.1122
2022-03-13,1.7811,2.2581,2.0196
2022-03-14,3.3389,2.8351,3.087
2022-03-15,3.6207,3.5376,3.5792
2022-03-16,3.9578,3.3685,3.6631
2022-03-17,3.3348,2.9419,3.1383
2022-03-18,4.2239,3.9519,4.0879
2022-03-19,3.4158,3.921,3.6684
2022-03-20,3.5311,3.3539,3.4425
2022-03-21,3.0698,3.2264,3.1481
2022-03-22,4.3244,5.1447,4.7345
2022-03-23,4.6147,5.2708,4.9427
2022-03-24,4.084,4.6543,4.3691
2022-03-25,4.4735,5.1973,4.8354
2022-03-26,4.5247,5.0795,4.8021
2022-03-27,4.505,5.1014,4.8032
2022-03-28,4.8302,5.1474,4.9888
2022-03-29,4.8023,5.2957,5.049
2022-03-30,4.8622,5.1712,5.0167
2022-03-31,4.8447,5.2757,5.0602
2022-04-01,4.7143,5.2302,4.9723
2022-04-02,4.8384,5.5305,5.1845
2022-04-03,5.1744,5.6218,5.3981
2022-04-04,5.3783,6.1106,5.7444
2022-04-05,5.102,5.4911,5.2966
2022-04-06,4.1654,4.8941,4.5297
2022-04-07,3.8467,4.4173,4.132
2022-04-08,2.9105,3.9492,3.4298
2022-04-09,3.0868,4.0839,3.5854
2022-04-10,3.4498,3.657,3.5534
2022-04-11,2.8585,3.219,3.0388
2022-04-12,2.2424,3.9222,3.0823
2022-04-13,2.224,2.9167,2.5704
2022-04-14,2.133,2.7193,2.4261
2022-04-15,2.1699,2.8265,2.4982
2022-04-16,2.6843,3.357,3.0207
2022-04-17,2.3952,2.6702,2.5327
2022-04-18,2.4078,3.1141,2.761
2022-04-19,3.1362,3.245,3.1906
2022-04-20,2.7511,3.1533,2.9522
2022-04-21,2.3952,2.7406,2.5679
2022-04-22,1.8975,2.5015,2.1995
2022-04-23,1.7584,2.389,2.0737
2022-04-24,1.9564,2.505,2.2307
2022-04-25,2.6196,3.4862,3.0529
2022-04-26,2.0677,2.7545,2.4111
2022-04-27,2.2018,2.698,2.4499
2022-04-28,2.4268,3.201,2.8139
2022-04-29,2.1416,2.9911,2.5663
2022-04-30,1.9375,3.0028,2.4702
2022-05-01,2.4043,3.0409,2.7226
2022-05-02,2.5778,3.1934,2.8856
2022-05-03,2.321,3.0881,2.7045
2022-05-04,3.4898,3.9248,3.7073
2022-05-05,1.825,2.4383,2.1317
2022-05-06,2.7281,2.783,2.7556
2022-05-07,2.8659,2.9001,2.883
2022-05-08,1.9743,3.5811,2.7777
2022-05-09,2.2088,2.4374,2.3231
2022-05-10,2.9829,3.5781,3.2805
2022-05-11,3.4826,1.6953,2.5889
2022-05-12,3.8687,2.7536,3.3111
2022-05-13,3.2383,3.2106,3.2244
2022-05-14,2.8879,3.3386,3.1132
2022-05-15,2.7334,2.8982,2.8158
2022-05-16,3.147,3.0693,3.1081
2022-05-17,3.4095,3.7792,3.5944
2022-05-18,2.7229,1.8856,2.3043
2022-05-19,3.6908,3.2179,3.4543
2022-05-20,3.117,2.8275,2.9723
2022-05-21,3.3363,2.3663,2.8513
2022-05-22,3.3928,3.03,3.2114
2022-05-23,2.8699,2.3053,2.5876
2022-05-24,3.096,2.4308,2.7634
2022-05-25,2.2057,1.8911,2.0484
2022-05-26,2.6199,2.3751,2.4975
2022-05-27,2.1001,1.8438,1.972
2022-05-28,2.8858,2.6948,2.7903
2022-05-29,3.0912,3.171,3.1311
2022-05-30,2.9632,3.2105,3.0868
2022-05-31,3.8162,3.5111,3.6637
2022-06-01,3.4095,2.2937,2.8516
2022-06-02,3.5083,2.7351,3.1217
2022-06-03,3.4022,3.0318,3.217
2022-06-04,3.2282,2.6698,2.949
2022-06-05,3.0009,2.6844,2.8427
2022-06-06,3.6768,3.3409,3.5088
2022-06-07,2.91,2.9975,2.9537
2022-06-08,2.6357,2.337,2.4864
2022-06-09,2.9693,2.1699,2.5696
2022-06-10,2.4631,2.1478,2.3055
2022-06-11,2.9795,2.15,2.5648
2022-06-12,2.6944,2.6049,2.6497
2022-06-13,1.8341,2.8108,2.3225
2022-06-14,2.4064,-1.7703,0.3181
2022-06-15,1.9253,-0.1344,0.8954
2022-06-16,0.582,-0.425,0.0785
2022-06-17,0.7132,0.8108,0.762
2022-06-18,1.9392,-0.1648,0.8872
2022-06-19,2.7124,-0.0954,1.3085
2022-06-20,2.1125,0.586,1.3493
2022-06-21,1.5934,-0.2586,0.6674
2022-06-22,1.0155,0.5221,0.7688
2022-06-23,0.9682,-0.033,0.4676
2022-06-24,1.0402,0.7468,0.8935
2022-06-25,1.0766,0.6585,0.8675
2022-06-26,1.1828,0.7203,0.9515
2022-06-27,1.0513,0.0553,0.5533
2022-06-28,0.7648,0.3805,0.5727
2022-06-29,0.8036,0.3491,0.5764
2022-06-30,0.3643,-0.0786,0.1428
2022-07-01,1.0469,0.8853,0.9661
2022-07-02,1.2577,1.4501,1.3539
2022-07-03,1.4577,1.3897,1.4237
2022-07-04,2.387,1.7436,2.0653
2022-07-05,2.1242,2.4693,2.2968
2022-07-06,2.3396,1.6677,2.0037
2022-07-07,1.5859,1.5823,1.5841
2022-07-08,0.8925,0.7339,0.8132
2022-07-09,1.4925,1.4916,1.492
2022-07-10,1.4839,1.5524,1.5181
2022-07-11,1.4009,1.375,1.3879
2022-07-12,1.4681,0.9999,1.234
2022-07-13,1.5172,1.6609,1.589
2022-07-14,1.8151,1.7314,1.7733
2022-07-15,1.782,1.313,1.5475
2022-07-16,2.1784,1.3383,1.7584
2022-07-17,1.8426,1.4829,1.6627
2022-07-18,2.6026,2.6855,2.644
2022-07-19,2.6745,2.0437,2.3591
2022-07-20,2.884,1.8275,2.3558
2022-07-21,1.8741,2.177,2.0256
2022-07-22,1.7184,1.8511,1.7848
2022-07-23,1.8156,1.6927,1.7541
2022-07-24,2.1411,2.1335,2.1373
2022-07-25,1.8533,1.482,1.6677
2022-07-26,1.8185,2.1585,1.9885
2022-07-27,2.0728,1.9096,1.9912
2022-07-28,2.6361,2.6548,2.6455
2022-07-29,3.3191,2.7231,3.0211
2022-07-30,2.6893,2.2716,2.4805
2022-07-31,2.6346,2.4049,2.5197
2022-08-01,2.7039,2.7373,2.7206
2022-08-02,2.4015,1.6527,2.0271
2022-08-03,2.4833,2.3829,2.4331
2022-08-04,2.1849,2.0699,2.1274
2022-08-05,2.853,2.0311,2.442
2022-08-06,2.7813,1.6933,2.2373
2022-08-07,2.7092,2.0179,2.3636
2022-08-08,3.0312,1.5438,2.2875
2022-08-09,1.9188,1.5347,1.7268
2022-08-10,2.9284,2.2244,2.5764
2022-08-11,2.6281,2.1086,2.3684
2022-08-12,2.7758,3.1507,2.9632
2022-08-13,2.3678,2.5181,2.4429
2022-08-14,2.1428,1.8784,2.0106
2022-08-15,1.1396,1.3628,1.2512
2022-08-16,1.2934,1.7053,1.4994
2022-08-17,0.751,0.9787,0.8648
2022-08-18,0.2935,0.668,0.4807
2022-08-19,0.3959,0.3254,0.3607
2022-08-20,0.5922,0.4643,0.5282
2022-08-21,0.9023,0.7499,0.8261
2022-08-22,0.4169,0.2939,0.3554
2022-08-23,0.9312,0.5301,0.7307
2022-08-24,0.2568,0.5918,0.4243
2022-08-25,0.3485,0.3418,0.3451
2022-08-26,-0.5243,-0.9173,-0.7208
2022-08-27,-0.6377,0.0972,-0.2702
2022-08-28,-0.761,-1.6924,-1.2267
2022-08-29,0.1307,0.3223,0.2265
2022-08-30,-0.4547,-1.239,-0.8469
2022-08-31,-0.1441,-0.6732,-0.4087
2022-09-01,0.2256,0.2106,0.2181
2022-09-02,0.6028,0.4071,0.505
2022-09-03,0.1959,-0.4363,-0.1202
2022-09-04,0.4415,0.2642,0.3528
2022-09-05,0.3882,0.7473,0.5677
2022-09-06,-0.306,-0.8631,-0.5846
2022-09-07,0.4714,0.1942,0.3328
2022-09-08,0.426,0.4665,0.4462
2022-09-09,1.3696,1.4312,1.4004
2022-09-10,1.0623,0.8338,0.948
2022-09-11,1.1758,1.2379,1.2069
2022-09-12,1.3564,0.6334,0.9949
2022-09-13,-0.1464,-0.1859,-0.1661
2022-09-14,0.1396,-0.3194,-0.0899
2022-09-15,0.5086,0.0253,0.267
2022-09-16,0.3212,-1.0819,-0.3803
2022-09-17,0.4683,0.445,0.4567
2022-09-18,0.1199,-0.1741,-0.0271
2022-09-19,0.2242,-0.2668,-0.0213
2022-09-20,0.2565,-0.3265,-0.035
2022-09-21,0.1438,-0.6966,-0.2764
2022-09-22,0.7277,1.0058,0.8668
2022-09-23,1.0986,0.076,0.5873
2022-09-24,0.6733,-0.0395,0.3169
2022-09-25,0.8661,-0.4081,0.229
2022-09-26,0.9681,0.0727,0.5204
2022-09-27,0.908,0.1702,0.5391
2022-09-28,0.7715,-0.0228,0.3744
2022-09-29,0.6386,0.3061,0.4723
2022-09-30,1.4583,0.4702,0.9642
2022-10-01,1.7746,0.2683,1.0215
2022-10-02,1.5307,0.1139,0.8223
2022-10-03,2.0224,0.3837,1.203
2022-10-04,1.9351,0.4453,1.1902
2022-10-05,1.6137,0.5664,1.09
2022-10-06,1.7934,0.0863,0.9399
2022-10-07,1.2076,-0.0484,0.5796
2022-10-08,1.0305,-0.1294,0.4505
2022-10-09,1.5087,0.2444,0.8766
2022-10-10,1.2131,0.2326,0.7228
2022-10-11,1.4001,-0.7688,0.3157
2022-10-12,1.5048,-0.1457,0.6795
2022-10-13,1.5543,0.2712,0.9127
2022-10-14,0.9809,-0.0475,0.4667
2022-10-15,0.8402,-0.1196,0.3603
2022-10-16,0.9094,0.0167,0.463
2022-10-17,1.4045,0.232,0.8182
2022-10-18,1.1321,-0.0643,0.5339
2022-10-19,1.3525,0.3245,0.8385
2022-10-20,1.2183,-0.3051,0.4566
2022-10-21,1.3886,0.5169,0.9527
2022-10-22,1.485,0.3863,0.9357
2022-10-23,1.9607,0.2198,1.0902
2022-10-24,1.2049,0.2577,0.7313
2022-10-25,2.9369,1.2971,2.117
2022-10-26,1.7982,0.7718,1.285
2022-10-27,1.8944,0.6748,1.2846
2022-10-28,1.9407,0.8894,1.4151
2022-10-29,1.7766,1.1068,1.4417
2022-10-30,1.7498,1.3373,1.5436
2022-10-31,1.7988,1.3999,1.5994
2022-11-01,1.8589,1.3753,1.6171
2022-11-02,1.4346,1.1752,1.3049
2022-11-03,1.6555,0.8969,1.2762
2022-11-04,2.1397,1.4122,1.7759
2022-11-05,2.5684,1.6438,2.1061
2022-11-06,2.4496,1.9383,2.194
2022-11-07,2.3322,1.3124,1.8223
2022-11-08,1.7129,0.0393,0.8761
2022-11-09,0.0207,-4.7589,-2.3691
2022-11-10,-1.832,-3.7306,-2.7813
2022-11-11,-1.4525,-6.6395,-4.046
2022-11-12,-2.5204,-5.8703,-4.1954
2022-11-13,-2.5159,-6.4309,-4.4734
2022-11-14,-2.1185,-6.7956,-4.4571
2022-11-15,-2.0035,-7.1601,-4.5818
2022-11-16,-2.1466,-5.8714,-4.009
2022-11-17,-2.0022,-5.9067,-3.9544
2022-11-18,-2.5271,-5.0869,-3.807
2022-11-19,-2.2916,-5.3788,-3.8352
2022-11-20,-3.461,-5.7881,-4.6245
2022-11-21,-3.3201,-5.1783,-4.2492
2022-11-22,-2.8032,-4.303,-3.5531
2022-11-23,-2.4259,-4.0704,-3.2481
2022-11-24,-2.3912,-2.9459,-2.6685
2022-11-25,-2.2067,-2.126,-2.1663
2022-11-26,-2.73,-3.1112,-2.9206
2022-11-27,-1.832,-1.7736,-1.8028
2022-11-28,-1.9789,-2.05,-2.0145
2022-11-29,-1.6077,-1.636,-1.6219
2022-11-30,-0.2315,-0.2117,-0.2216
2022-12-01,-0.9303,-1.1351,-1.0327
2022-12-02,-0.3472,-0.8237,-0.5855
2022-12-03,-0.5933,-1.1916,-0.8924
2022-12-04,0.0137,-0.5535,-0.2699
2022-12-05,-0.4001,-0.7822,-0.5911
2022-12-06,0.0021,-1.1686,-0.5832
2022-12-07,-0.2524,-1.2696,-0.761
2022-12-08,0.4534,-0.891,-0.2188
2022-12-09,0.0443,-1.172,-0.5638
2022-12-10,0.2644,-2.3765,-1.056
2022-12-11,0.2632,-1.8544,-0.7956
2022-12-12,0.7706,-1.7839,-0.5067
2022-12-13,1.7557,-0.6496,0.553
2022-12-14,2.5629,-0.6106,0.9762
2022-12-15,1.738,-1.2527,0.2427
2022-12-16,0.1211,-3.5275,-1.7032
2022-12-17,0.8227,-2.5889,-0.8831
2022-12-18,0.8523,-2.8764,-1.012
2022-12-19,0.4214,-4.2289,-1.9038
2022-12-20,0.8042,-2.9309,-1.0633
2022-12-21,1.1836,-2.7642,-0.7903
2022-12-22,0.4976,-3.5735,-1.538
2022-12-23,0.6822,-2.5692,-0.9435
2022-12-24,0.5079,-2.8716,-1.1818
2022-12-25,-0.0649,-2.6494,-1.3571
2022-12-26,0.3258,-2.8282,-1.2512
2022-12-27,-0.7543,-3.1241,-1.9392
2022-12-28,-0.6066,-2.6453,-1.6259
2022-12-29,-0.6471,-2.4998,-1.5734
2022-12-30,-0.6888,-1.6939,-1.1914
2022-12-31,0.7209,-1.4484,-0.3637
2023-01-01,0.8814,-1.2286,-0.1736
2023-01-02,1.0601,-0.6307,0.2147
2023-01-03,1.2927,-0.4907,0.401
2023-01-04,2.2029,0.0448,1.1239
2023-01-05,2.1599,-0.3376,0.9112
2023-01-06,2.5857,0.4967,1.5412
2023-01-07,2.2708,0.0018,1.1363
2023-01-08,2.6634,0.423,1.5432
2023-01-09,2.6152,0.7212,1.6682
2023-01-10,2.807,0.5443,1.6756
2023-01-11,3.0825,0.7268,1.9046
2023-01-12,2.8586,1.775,2.3168
2023-01-13,2.9381,1.6049,2.2715
2023-01-14,3.742,2.7931,3.2676
2023-01-15,4.0221,2.8752,3.4486
2023-01-16,3.9766,2.9527,3.4647
2023-01-17,3.6933,3.1032,3.3982
2023-01-18,4.0752,3.1588,3.617
2023-01-19,4.0477,3.4536,3.7507
2023-01-20,4.3834,3.2994,3.8414
2023-01-21,4.165,3.5786,3.8718
2023-01-22,4.3939,3.6241,4.009
2023-01-23,4.3707,3.7989,4.0848
2023-01-24,4.7458,3.6223,4.1841
2023-01-25,5.1065,3.9838,4.5452
2023-01-26,5.0463,3.3728,4.2095
2023-01-27,5.0273,3.6904,4.3588
2023-01-28,5.1103,3.4425,4.2764
2023-01-29,5.7693,4.476,5.1227
2023-01-30,4.8377,3.4616,4.1496
2023-01-31,5.2155,4.5832,4.8994
2023-02-01,5.6806,4.8417,5.2612
2023-02-02,5.5886,4.5776,5.0831
2023-02-03,5.7593,4.6525,5.2059
2023-02-04,5.2636,3.5567,4.4101
2023-02-05,4.8998,4.0572,4.4785
2023-02-06,4.9197,3.5544,4.237
2023-02-07,4.8711,3.6967,4.2839
2023-02-08,4.6708,3.1255,3.8982
2023-02-09,4.6836,2.6913,3.6875
2023-02-10,4.3999,2.4389,3.4194
2023-02-11,3.985,1.6413,2.8132
2023-02-12,4.2,1.5649,2.8824
2023-02-13,4.0246,1.4391,2.7319
2023-02-14,4.9908,2.1935,3.5921
2023-02-15,5.7756,3.4156,4.5956
2023-02-16,6.2874,3.6241,4.9558
2023-02-17,6.229,4.7378,5.4834
2023-02-18,7.1251,5.446,6.2855
2023-02-19,7.0212,5.1825,6.1019
2023-02-20,7.9162,5.974,6.9451
2023-02-21,8.1132,5.6905,6.9018
2023-02-22,7.5675,5.4467,6.5071
2023-02-23,7.4066,4.8547,6.1307
2023-02-24,7.2301,3.9322,5.5812
2023-02-25,7.5952,4.302,5.9486
2023-02-26,7.7468,3.9933,5.87
2023-02-27,7.6401,4.1817,5.9109
2023-02-28,7.0573,3.4251,5.2412
2023-03-01,8.0115,4.6831,6.3473
2023-03-02,7.0299,3.5383,5.2841
2023-03-03,5.908,2.8679,4.3879
2023-03-04,5.6576,3.03,4.3438
2023-03-05,5.761,2.253,4.007
2023-03-06,5.4164,2.353,3.8847
2023-03-07,5.1192,2.621,3.8701
2023-03-08,5.0108,2.2196,3.6152
2023-03-09,4.9587,2.189,3.5739
2023-03-10,2.1011,0.1823,1.1417
2023-03-11,-3.8349,-5.4943,-4.6646
2023-03-12,-2.1888,-2.0856,-2.1372
2023-03-13,1.5825,-0.0574,0.7626
2023-03-14,3.1112,2.0215,2.5663
2023-03-15,2.5604,0.9169,1.7387
2023-03-16,2.1549,1.6538,1.9044
2023-03-17,2.4894,2.937,2.7132
2023-03-18,2.6733,2.2228,2.4481
2023-03-19,3.081,2.6635,2.8723
2023-03-20,3.2369,2.2177,2.7273
2023-03-21,2.7841,2.0514,2.4177
2023-03-22,2.5754,1.6374,2.1064
2023-03-23,3.2097,3.3324,3.2711
2023-03-24,3.1495,1.8264,2.488
2023-03-25,3.9372,2.8017,3.3694
2023-03-26,3.9491,2.5121,3.2306
2023-03-27,3.917,2.808,3.3625
2023-03-28,4.2721,3.1393,3.7057
2023-03-29,4.8767,3.5693,4.223
2023-03-30,5.1131,4.382,4.7476
2023-03-31,5.3419,4.7131,5.0275
2023-04-01,5.2301,4.5771,4.9036
2023-04-02,5.2787,4.018,4.6483
2023-04-03,5.3508,3.3533,4.352
2023-04-04,5.3177,3.7483,4.533
2023-04-05,5.6362,4.1629,4.8996
2023-04-06,4.9822,3.3828,4.1825
2023-04-07,4.6207,2.9766,3.7987
2023-04-08,5.1118,3.317,4.2144
2023-04-09,5.7755,3.2608,4.5181
2023-04-10,5.7476,3.7884,4.768
2023-04-11,5.0815,3.4701,4.2758
2023-04-12,5.24,2.7551,3.9975
2023-04-13,5.4673,3.2525,4.3599
2023-04-14,4.2724,2.8086,3.5405
2023-04-15,5.1572,3.1173,4.1372
2023-04-16,5.3465,2.9359,4.1412
2023-04-17,4.4247,2.5955,3.5101
2023-04-18,5.3709,3.134,4.2524
2023-04-19,4.2856,2.524,3.4048
2023-04-20,4.5151,1.7305,3.1228
2023-04-21,3.1709,1.7706,2.4707
2023-04-22,2.6099,1.093,1.8514
2023-04-23,3.1542,1.2135,2.1838
2023-04-24,3.1783,1.301,2.2396
2023-04-25,3.5819,1.8354,2.7087
2023-04-26,3.3588,1.4823,2.4205
2023-04-27,3.4881,1.8567,2.6724
2023-04-28,3.3478,1.4203,2.3841
2023-04-29,3.657,1.6048,2.6309
2023-04-30,4.1073,1.6741,2.8907
2023-05-01,3.6071,1.3727,2.4899
2023-05-02,3.6459,1.1611,2.4035
2023-05-03,4.2737,1.5102,2.892
2023-05-04,3.8715,1.5424,2.707
2023-05-05,4.1372,1.6699,2.9036
2023-05-06,2.4822,1.1901,1.8361
2023-05-07,2.8874,0.8671,1.8773
2023-05-08,3.1254,1.6362,2.3808
2023-05-09,3.1072,1.1512,2.1292
2023-05-10,3.1852,1.6782,2.4317
2023-05-11,2.8737,0.7245,1.7991
2023-05-12,2.8667,0.7202,1.7934
2023-05-13,3.1651,0.9472,2.0561
2023-05-14,3.3007,0.4361,1.8684
2023-05-15,3.5654,1.3479,2.4567
2023-05-16,3.5398,0.9487,2.2442
2023-05-17,3.7057,1.2311,2.4684
2023-05-18,3.2491,1.0778,2.1635
2023-05-19,3.3213,1.4005,2.3609
2023-05-20,3.6808,1.374,2.5274
2023-05-21,3.4662,1.2763,2.3712
2023-05-22,3.6023,1.5405,2.5714
2023-05-23,4.2282,2.2916,3.2599
2023-05-24,3.6672,1.5634,2.6153
2023-05-25,3.432,1.1705,2.3013
2023-05-26,4.0679,1.4586,2.7633
2023-05-27,4.0532,1.542,2.7976
2023-05-28,4.9305,3.2479,4.0892
2023-05-29,4.8149,2.7577,3.7863
2023-05-30,4.9767,2.6583,3.8175
2023-05-31,4.2602,1.583,2.9216
2023-06-01,3.434,1.9008,2.6674
2023-06-02,4.0992,2.614,3.3566
2023-06-03,3.7496,2.4259,3.0878
2023-06-04,3.8883,2.4003,3.1443
2023-06-05,2.983,1.3561,2.1695
2023-06-06,4.374,2.7336,3.5538
2023-06-07,3.9783,2.1365,3.0574
2023-06-08,4.2713,2.1282,3.1997
2023-06-09,4.4384,2.2564,3.3474
2023-06-10,4.2332,2.6138,3.4235
2023-06-11,4.6191,2.3202,3.4696
2023-06-12,4.8412,2.9546,3.8979
2023-06-13,4.6956,2.9627,3.8291
2023-06-14,3.8963,2.1453,3.0208
2023-06-15,5.0699,3.634,4.352
2023-06-16,5.1206,3.8331,4.4769
2023-06-17,5.2582,4.021,4.6396
2023-06-18,5.3637,3.8122,4.5879
2023-06-19,5.8394,4.4105,5.1249
2023-06-20,5.2983,5.4045,5.3514
2023-06-21,5.822,5.897,5.8595
2023-06-22,5.6712,5.6194,5.6453
2023-06-23,5.8825,4.9006,5.3916
2023-06-24,6.2926,4.9428,5.6177
2023-06-25,6.3874,5.1269,5.7572
2023-06-26,5.7216,5.2589,5.4903
2023-06-27,6.7332,5.4221,6.0777
2023-06-28,6.363,4.9202,5.6416
2023-06-29,6.5545,5.427,5.9908
2023-06-30,6.6056,5.6801,6.1429
2023-07-01,6.7881,5.6133,6.2007
2023-07-02,7.1803,5.8681,6.5242
2023-07-03,7.3588,6.847,7.1029
2023-07-04,6.702,6.6565,6.6793
2023-07-05,6.8037,7.1063,6.955
2023-07-06,6.5648,6.4361,6.5004
2023-07-07,6.8843,6.0506,6.4675
2023-07-08,6.7168,6.537,6.6269
2023-07-09,6.9905,6.5086,6.7496
2023-07-10,7.3617,6.9068,7.1342
2023-07-11,7.9149,7.0704,7.4926
2023-07-12,7.7016,6.6862,7.1939
2023-07-13,7.8957,7.1914,7.5435
2023-07-14,7.4235,6.2321,6.8278
2023-07-15,7.0709,6.7329,6.9019
2023-07-16,7.1782,6.6052,6.8917
2023-07-17,7.1495,6.7605,6.955
2023-07-18,7.1976,6.4353,6.8165
2023-07-19,6.9962,6.5351,6.7656
2023-07-20,7.2725,6.966,7.1193
2023-07-21,7.1442,6.8367,6.9904
2023-07-22,6.9687,6.0545,6.5116
2023-07-23,7.0438,6.5084,6.7761
2023-07-24,6.4392,6.0097,6.2245
2023-07-25,6.5597,6.003,6.2813
2023-07-26,6.8568,5.9064,6.3816
2023-07-27,6.3176,5.7072,6.0124
2023-07-28,6.7963,5.8929,6.3446
2023-07-29,6.5907,5.7763,6.1835
2023-07-30,6.4613,5.5709,6.0161
2023-07-31,6.6366,5.6497,6.1431
2023-08-01,7.0776,6.7415,6.9096
2023-08-02,7.4613,6.4402,6.9507
2023-08-03,7.3216,7.1,7.2108
2023-08-04,7.2454,6.6769,6.9611
2023-08-05,7.7671,7.0465,7.4068
2023-08-06,7.7896,7.325,7.5573
2023-08-07,7.9347,7.4605,7.6976
2023-08-08,7.9553,7.7468,7.851
2023-08-09,7.8522,7.4241,7.6381
2023-08-10,7.5239,7.5744,7.5491
2023-08-11,7.6358,7.6343,7.635
2023-08-12,7.5513,7.2781,7.4147
2023-08-13,7.5081,7.9489,7.7285
2023-08-14,7.9359,8.1157,8.0258
2023-08-15,7.6847,8.0758,7.8802
2023-08-16,7.7195,7.5866,7.653
2023-08-17,5.2817,5.5904,5.4361
2023-08-18,5.9215,5.38,5.6508
2023-08-19,5.7127,6.0678,5.8902
2023-08-20,5.6278,5.5595,5.5936
2023-08-21,5.44,5.9232,5.6816
2023-08-22,5.6194,4.899,5.2592
2023-08-23,5.547,5.2581,5.4026
2023-08-24,5.2634,5.0954,5.1794
2023-08-25,4.9075,4.6532,4.7803
2023-08-26,5.1301,4.8021,4.9661
2023-08-27,4.5736,4.631,4.6023
2023-08-28,4.4304,4.4638,4.4471
2023-08-29,4.3545,4.7699,4.5622
2023-08-30,4.2151,4.5255,4.3703
2023-08-31,3.721,4.0865,3.9038
2023-09-01,4.1567,4.4753,4.316
2023-09-02,3.8336,4.5851,4.2094
2023-09-03,4.0075,4.7549,4.3812
2023-09-04,4.0145,4.9125,4.4635
2023-09-05,4.0235,4.387,4.2052
2023-09-06,4.1894,4.8413,4.5154
2023-09-07,4.2866,4.5391,4.4129
2023-09-08,3.8636,4.36,4.1118
2023-09-09,3.8015,4.5957,4.1986
2023-09-10,3.7584,4.4638,4.1111
2023-09-11,3.8326,4.4153,4.1239
2023-09-12,3.7754,4.209,3.9922
2023-09-13,3.7158,4.3726,4.0442
2023-09-14,3.9989,4.212,4.1055
2023-09-15,4.16,4.21,4.185
2023-09-16,3.884,3.8195,3.8517
2023-09-17,3.4765,3.7815,3.629
2023-09-18,3.9563,4.2334,4.0948
2023-09-19,3.759,4.1255,3.9422
2023-09-20,3.9888,4.5235,4.2562
2023-09-21,4.0106,4.1212,4.0659
2023-09-22,4.3993,4.6391,4.5192
2023-09-23,4.4639,4.615,4.5395
2023-09-24,4.1513,4.2461,4.1987
2023-09-25,4.477,5.0435,4.7602
2023-09-26,4.3473,4.9188,4.633
2023-09-27,4.9874,4.7055,4.8464
2023-09-28,5.3821,5.045,5.2135
2023-09-29,4.4615,4.4029,4.4322
2023-09-30,4.4659,4.8932,4.6796
2023-10-01,5.4034,4.9039,5.1537
2023-10-02,5.1536,5.3742,5.2639
2023-10-03,5.1664,5.1863,5.1764
2023-10-04,5.133,5.522,5.3275
2023-10-05,5.21,5.3037,5.2568
2023-10-06,5.3139,5.5458,5.4298
2023-10-07,5.1622,4.9982,5.0802
2023-10-08,5.5875,5.187,5.3873
2023-10-09,5.5345,4.7983,5.1664
2023-10-10,5.2125,5.0503,5.1314
2023-10-11,4.1853,3.7167,3.951
2023-10-12,4.4376,3.6882,4.0629
2023-10-13,3.9009,4.014,3.9575
2023-10-14,4.259,4.3685,4.3137
2023-10-15,4.2499,3.767,4.0085
2023-10-16,4.7177,5.3906,5.0542
2023-10-17,4.6124,4.9559,4.7841
2023-10-18,4.7841,5.0086,4.8964
2023-10-19,4.4698,5.1072,4.7885
2023-10-20,4.2072,5.389,4.7981
2023-10-21,4.1936,4.9205,4.557
2023-10-22,4.7196,5.3899,5.0548
2023-10-23,5.412,7.5065,6.4593
2023-10-24,6.3426,7.6967,7.0196
2023-10-25,7.6362,8.1731,7.9047
2023-10-26,7.7953,8.0098,7.9025
2023-10-27,7.5966,7.609,7.6028
2023-10-28,8.0333,8.6011,8.3172
2023-10-29,8.2003,9.0233,8.6118
2023-10-30,8.4461,9.0618,8.7539
2023-10-31,8.4469,9.276,8.8614
2023-11-01,9.62,10.7278,10.1739
2023-11-02,9.291,11.0297,10.1604
2023-11-03,8.9873,10.0859,9.5366
2023-11-04,9.1969,10.5183,9.8576
2023-11-05,9.3706,11.6158,10.4932
2023-11-06,9.7268,11.342,10.5344
2023-11-07,10.1241,12.0217,11.0729
2023-11-08,10.0081,11.6296,10.8188
2023-11-09,9.3669,11.2478,10.3073
2023-11-10,9.8407,11.2815,10.5611
2023-11-11,9.3915,11.2269,10.3092
2023-11-12,9.541,11.6389,10.59
2023-11-13,9.4016,11.561,10.4813
2023-11-14,10.104,11.1339,10.619
2023-11-15,10.7658,12.4285,11.5971
2023-11-16,9.2385,10.5904,9.9144
2023-11-17,9.1858,9.5313,9.3586
2023-11-18,8.2993,8.3057,8.3025
2023-11-19,9.253,9.3196,9.2863
2023-11-20,9.0684,8.9565,9.0124
2023-11-21,7.092,7.383,7.2375
2023-11-22,9.5313,9.2549,9.3931
2023-11-23,9.7447,9.4325,9.5886
2023-11-24,10.2813,10.5643,10.4228
2023-11-25,10.4924,10.9994,10.7459
2023-11-26,10.6514,11.0959,10.8736
2023-11-27,9.4635,9.8699,9.6667
2023-11-28,9.7271,10.2332,9.9801
2023-11-29,8.9941,9.6751,9.3346
2023-11-30,9.313,9.6423,9.4776
2023-12-01,9.8894,10.188,10.0387
2023-12-02,9.9181,10.8166,10.3674
2023-12-03,10.457,11.8973,11.1771
2023-12-04,11.0387,11.1764,11.1075
2023-12-05,9.7744,10.1975,9.9859
2023-12-06,9.4403,9.4337,9.437
2023-12-07,9.4582,9.6358,9.547
2023-12-08,10.1321,9.9383,10.0352
2023-12-09,10.5907,9.94,10.2653
2023-12-10,11.0224,9.736,10.3792
2023-12-11,11.2489,11.0251,11.137
2023-12-12,10.2739,10.9909,10.6324
2023-12-13,10.4845,11.124,10.8043
2023-12-14,10.2318,10.1421,10.1869
2023-12-15,10.25,10.7839,10.517
2023-12-16,10.924,11.2414,11.0827
2023-12-17,10.7504,11.3625,11.0564
2023-12-18,11.5439,11.2903,11.4171
2023-12-19,10.9155,11.2797,11.0976
2023-12-20,13.7373,12.7757,13.2565
2023-12-21,14.5235,12.9323,13.7279
2023-12-22,13.9997,13.1322,13.5659
2023-12-23,13.8783,13.0336,13.456
2023-12-24,13.6444,12.7982,13.2213
2023-12-25,15.025,13.4868,14.2559
2023-12-26,14.7601,13.9203,14.3402
2023-12-27,16.1408,14.9505,15.5457
2023-12-28,15.7589,14.8132,15.2861
2023-12-29,17.2753,15.5951,16.4352
2023-12-30,19.4296,17.9466,18.6881
2023-12-31,20.6974,18.6652,19.6813
2024-01-01,21.5205,20.2684,20.8944
2024-01-02,19.8946,18.494,19.1943
2024-01-03,15.6587,15.5262,15.5925
2024-01-04,16.1746,15.2038,15.6892
2024-01-05,13.4397,12.3964,12.918
2024-01-06,13.494,12.2965,12.8952
2024-01-07,13.9847,13.6626,13.8236
2024-01-08,13.8583,12.9776,13.4179
2024-01-09,13.4016,13.4216,13.4116
2024-01-10,13.3561,12.2153,12.7857
2024-01-11,11.9589,11.8206,11.8897
2024-01-12,10.7253,10.2553,10.4903
2024-01-13,8.9698,9.7683,9.3691
2024-01-14,8.9345,9.4216,9.178
2024-01-15,8.9946,9.2639,9.1293
2024-01-16,9.7725,9.9217,9.8471
2024-01-17,10.3111,10.2424,10.2767
2024-01-18,8.6627,8.6841,8.6734
2024-01-19,9.4314,9.1216,9.2765
2024-01-20,9.7349,8.9146,9.3247
2024-01-21,9.7076,8.8218,9.2647
2024-01-22,8.2892,8.1853,8.2373
2024-01-23,9.0956,9.1298,9.1127
2024-01-24,9.4086,9.42,9.4143
2024-01-25,9.7346,9.5163,9.6254
2024-01-26,9.6614,9.3633,9.5124
2024-01-27,9.7605,9.1096,9.435
2024-01-28,9.7631,9.5175,9.6403
2024-01-29,10.3052,9.4222,9.8637
2024-01-30,10.3383,9.543,9.9406
2024-01-31,9.5806,9.602,9.5913
2024-02-01,9.2551,9.0503,9.1527
2024-02-02,9.5585,9.1287,9.3436
2024-02-03,8.9605,8.6426,8.8015
2024-02-04,9.5061,9.0381,9.2721
2024-02-05,9.7263,9.0389,9.3826
2024-02-06,10.0102,9.2331,9.6217
2024-02-07,10.6338,9.2577,9.9458
2024-02-08,10.2838,10.2734,10.2786
2024-02-09,10.1851,9.8278,10.0065
2024-02-10,10.8419,10.0461,10.444
2024-02-11,11.9946,11.619,11.8068
2024-02-12,13.1189,13.358,13.2384
2024-02-13,11.3772,11.8551,11.6162
2024-02-14,12.9865,13.2426,13.1145
2024-02-15,13.467,13.2756,13.3713
2024-02-16,13.4187,13.9272,13.6729
2024-02-17,13.8508,13.9062,13.8785
2024-02-18,15.1536,15.0311,15.0924
2024-02-19,15.6613,15.8825,15.7719
2024-02-20,15.3433,15.7795,15.5614
2024-02-21,14.8855,14.7136,14.7996
2024-02-22,15.5607,15.6838,15.6222
2024-02-23,15.9166,14.4917,15.2042
2024-02-24,17.1283,15.553,16.3406
2024-02-25,17.8922,16.3957,17.1439
2024-02-26,18.6903,17.0131,17.8517
2024-02-27,19.3294,17.6119,18.4707
2024-02-28,17.6053,16.488,17.0466
2024-02-29,18.7677,17.3487,18.0582
2024-03-01,18.6814,16.2607,17.4711
2024-03-02,19.1577,16.7814,17.9696
2024-03-03,22.023,19.653,20.838
2024-03-04,25.0224,19.381,22.2017
2024-03-05,27.8657,20.2736,24.0697
2024-03-06,26.4651,19.3075,22.8863
2024-03-07,25.3782,19.7402,22.5592
2024-03-08,23.4827,18.3935,20.9381
2024-03-09,25.0295,20.4684,22.749
2024-03-10,28.5236,23.2408,25.8822
2024-03-11,28.9942,26.0078,27.501
2024-03-12,27.7249,24.6716,26.1983
2024-03-13,25.3685,23.7771,24.5728
2024-03-14,26.9731,23.8511,25.4121
2024-03-15,27.0948,21.9327,24.5137
2024-03-16,25.5282,21.4966,23.5124
2024-03-17,28.2774,23.9026,26.09
2024-03-18,22.8126,18.7758,20.7942
2024-03-19,19.5059,17.9796,18.7427
2024-03-20,25.8661,20.5379,23.202
2024-03-21,23.7134,18.6955,21.2044
2024-03-22,23.276,18.7266,21.0013
2024-03-23,22.6961,18.768,20.7321
2024-03-24,24.2912,19.7852,22.0382
2024-03-25,23.5262,19.9328,21.7295
2024-03-26,24.6786,20.3228,22.5007
2024-03-27,25.4322,20.0393,22.7358
2024-03-28,25.9919,20.7899,23.3909
2024-03-29,27.0879,21.7836,24.4358
2024-03-30,28.6392,22.9746,25.8069
2024-03-31,37.1626,27.5067,32.3346
2024-04-01,29.2574,22.9507,26.104
2024-04-02,24.5834,19.632,22.1077
2024-04-03,17.763,17.2669,17.5149
2024-04-04,20.6104,17.0524,18.8314
2024-04-05,20.0315,16.6483,18.3399
2024-04-06,17.9658,15.8294,16.8976
2024-04-07,18.1663,17.133,17.6496
2024-04-08,21.7955,20.6135,21.2045
2024-04-09,19.0852,17.0628,18.074
2024-04-10,19.6064,17.3528,18.4796
2024-04-11,18.9343,17.1,18.0172
2024-04-12,14.3755,13.0523,13.7139
2024-04-13,10.0093,8.2091,9.1092
2024-04-14,12.2442,9.7151,10.9796
2024-04-15,11.7121,10.6388,11.1754
2024-04-16,11.3968,10.1962,10.7965
2024-04-17,9.6025,9.0915,9.347
2024-04-18,10.7031,9.4902,10.0967
2024-04-19,7.3396,7.7358,7.5377
2024-04-20,9.5475,9.4323,9.4899
2024-04-21,9.978,9.5112,9.7446
2024-04-22,11.2231,10.7162,10.9697
2024-04-23,11.0826,9.4969,10.2898
2024-04-24,11.6439,9.4212,10.5326
2024-04-25,10.0873,8.6468,9.367
2024-04-26,9.1864,8.0959,8.6411
2024-04-27,9.4501,8.2306,8.8404
2024-04-28,9.0705,8.2035,8.637
2024-04-29,8.9309,8.0732,8.5021
2024-04-30,7.6618,6.7281,7.1949
2024-05-01,5.7591,6.8509,6.305
2024-05-02,6.1832,6.7907,6.487
2024-05-03,8.8284,8.6921,8.7603
2024-05-04,9.3507,9.2564,9.3035
2024-05-05,9.1003,9.4321,9.2662
2024-05-06,9.5848,9.881,9.7329
2024-05-07,9.1957,9.5335,9.3646
2024-05-08,7.763,8.9307,8.3468
2024-05-09,8.9721,9.2893,9.1307
2024-05-10,8.1597,8.5048,8.3322
2024-05-11,8.3202,8.4761,8.3981
2024-05-12,8.6334,8.7874,8.7104
2024-05-13,8.4708,8.9618,8.7163
2024-05-14,8.5765,9.6802,9.1283
2024-05-15,9.2894,10.4881,9.8888
2024-05-16,9.3079,11.0787,10.1933
2024-05-17,10.0267,11.7291,10.8779
2024-05-18,10.6586,12.321,11.4898
2024-05-19,10.5609,12.0514,11.3061
2024-05-20,12.7268,13.2825,13.0047
2024-05-21,13.615,13.505,13.56
2024-05-22,14.0744,14.151,14.1127
2024-05-23,13.9095,14.1733,14.0414
2024-05-24,13.2944,13.2546,13.2745
2024-05-25,12.2583,13.1744,12.7164
2024-05-26,12.315,13.6648,12.9899
2024-05-27,13.6951,14.7973,14.2462
2024-05-28,14.1588,14.8039,14.4813
2024-05-29,13.4607,13.5558,13.5082
2024-05-30,12.5135,13.6588,13.0862
2024-05-31,13.1767,14.4902,13.8335
2024-06-01,13.7544,14.4377,14.096
2024-06-02,13.8567,15.3604,14.6086
2024-06-03,13.8523,14.402,14.1271
2024-06-04,12.8116,15.2349,14.0233
2024-06-05,12.7828,14.3175,13.5501
2024-06-06,13.4504,14.313,13.8817
2024-06-07,13.3631,14.404,13.8835
2024-06-08,13.3097,13.9522,13.631
2024-06-09,13.6693,14.7147,14.192
2024-06-10,13.3831,13.643,13.513
2024-06-11,11.2558,12.6427,11.9492
2024-06-12,11.5488,13.104,12.3264
2024-06-13,12.1545,12.9445,12.5495
2024-06-14,11.2756,11.767,11.5213
2024-06-15,11.1049,11.6256,11.3652
2024-06-16,12.2615,12.2961,12.2788
2024-06-17,12.6087,12.3071,12.4579
2024-06-18,11.0785,10.7899,10.9342
2024-06-19,11.2932,10.2156,10.7544
2024-06-20,10.8742,9.6412,10.2577
2024-06-21,11.4103,10.0338,10.7221
2024-06-22,11.281,10.115,10.698
2024-06-23,11.093,9.9492,10.5211
2024-06-24,10.7283,10.9819,10.8551
2024-06-25,11.4165,10.4792,10.9479
2024-06-26,10.4957,9.4973,9.9965
2024-06-27,10.4434,9.7832,10.1133
2024-06-28,11.7012,10.3661,11.0337
2024-06-29,11.8735,10.0732,10.9733
2024-06-30,13.7449,11.632,12.6884
2024-07-01,12.0294,10.7528,11.3911
2024-07-02,10.3859,9.3345,9.8602
2024-07-03,8.8453,7.7903,8.3178
2024-07-04,8.7108,7.0948,7.9028
2024-07-05,9.451,8.7074,9.0792
2024-07-06,9.7228,8.6983,9.2105
2024-07-07,8.6166,7.8528,8.2347
2024-07-08,9.2953,8.7721,9.0337
2024-07-09,8.9762,8.7288,8.8525
2024-07-10,8.8823,9.5413,9.2118
2024-07-11,8.8167,8.6346,8.7256
2024-07-12,9.1527,9.4753,9.314
2024-07-13,9.5072,10.0952,9.8012
2024-07-14,11.0993,11.9221,11.5107
2024-07-15,11.2141,11.6851,11.4496
2024-07-16,11.1187,12.1586,11.6387
2024-07-17,10.5116,12.223,11.3673
2024-07-18,10.8163,12.2254,11.5208
2024-07-19,11.0488,12.8893,11.9691
2024-07-20,12.1402,13.1732,12.6567
2024-07-21,12.6437,14.1501,13.3969
2024-07-22,11.6512,13.4648,12.558
2024-07-23,10.8101,12.6257,11.7179
2024-07-24,10.6727,11.4894,11.0811
2024-07-25,10.111,10.6297,10.3704
2024-07-26,10.4407,11.3761,10.9084
2024-07-27,10.6507,11.0411,10.8459
2024-07-28,10.9583,11.5363,11.2473
2024-07-29,10.7019,11.3031,11.0025
2024-07-30,11.0962,11.6693,11.3828
2024-07-31,10.0158,10.7817,10.3987
2024-08-01,8.9309,10.0526,9.4917
2024-08-02,7.4707,8.105,7.7879
2024-08-03,7.5045,7.96,7.7322
2024-08-04,7.5605,8.2754,7.918
2024-08-05,7.3277,8.4402,7.884
2024-08-06,7.6466,9.1302,8.3884
2024-08-07,7.8209,8.7514,8.2861
2024-08-08,8.4263,10.1891,9.3077
2024-08-09,8.4984,10.1894,9.3439
2024-08-10,8.8176,10.4095,9.6135
2024-08-11,8.0842,9.6702,8.8772
2024-08-12,7.6863,9.0765,8.3814
2024-08-13,8.2463,9.6742,8.9602
2024-08-14,7.9725,8.9016,8.4371
2024-08-15,7.5186,9.2559,8.3872
2024-08-16,7.3388,9.3078,8.3233
2024-08-17,7.7338,9.1966,8.4652
2024-08-18,7.3129,9.3954,8.3541
2024-08-19,6.9939,9.255,8.1244
2024-08-20,6.7848,8.4578,7.6213
2024-08-21,7.2887,8.7998,8.0443
2024-08-22,7.1777,8.4029,7.7903
2024-08-23,6.8799,8.6549,7.7674
2024-08-24,6.834,8.8387,7.8363
2024-08-25,6.6537,8.5759,7.6148
2024-08-26,7.1481,7.9719,7.56
2024-08-27,6.0792,8.1136,7.0964
2024-08-28,6.3014,7.3486,6.825
2024-08-29,6.2342,7.3668,6.8005
2024-08-30,6.4743,7.6183,7.0463
2024-08-31,6.2273,7.4353,6.8313
2024-09-01,6.2244,7.2812,6.7528
2024-09-02,6.5084,7.541,7.0247
2024-09-03,6.4444,7.4501,6.9473
2024-09-04,6.5397,7.4399,6.9898
2024-09-05,6.5228,6.7434,6.6331
2024-09-06,6.7429,6.9309,6.8369
2024-09-07,6.8258,6.9129,6.8694
2024-09-08,6.8265,7.3465,7.0865
2024-09-09,7.3642,7.3966,7.3804
2024-09-10,7.1283,7.9443,7.5363
2024-09-11,6.5118,7.2265,6.8691
2024-09-12,6.6973,7.3261,7.0117
2024-09-13,7.0669,7.5606,7.3137
2024-09-14,7.1637,7.3623,7.263
2024-09-15,6.7758,8.0027,7.3892
2024-09-16,6.5695,7.1801,6.8748
2024-09-17,6.6443,6.1776,6.4109
2024-09-18,7.475,7.2062,7.3406
2024-09-19,7.993,7.2482,7.6206
2024-09-20,7.4376,7.246,7.3418
2024-09-21,7.3908,7.2562,7.3235
2024-09-22,7.0493,7.1041,7.0767
2024-09-23,7.2649,7.1159,7.1904
2024-09-24,6.7791,7.3133,7.0462
2024-09-25,7.5751,7.3641,7.4696
2024-09-26,6.2912,6.8118,6.5515
2024-09-27,7.728,7.5972,7.6626
2024-09-28,7.8192,8.1351,7.9772
2024-09-29,8.0543,8.7864,8.4204
2024-09-30,7.4414,7.2393,7.3404
2024-10-01,6.774,7.3735,7.0737
2024-10-02,7.074,7.5872,7.3306
2024-10-03,7.0212,7.7738,7.3975
2024-10-04,7.2852,7.6846,7.4849
2024-10-05,7.6418,8.1245,7.8831
2024-10-06,8.6094,8.3397,8.4746
2024-10-07,8.153,8.2482,8.2006
2024-10-08,7.794,7.969,7.8815
2024-10-09,8.1372,8.5275,8.3323
2024-10-10,7.6181,7.7887,7.7034
2024-10-11,8.9655,8.2219,8.5937
2024-10-12,8.5887,8.467,8.5278
2024-10-13,8.9792,8.9717,8.9754
2024-10-14,10.2022,10.068,10.1351
2024-10-15,8.6418,9.2387,8.9403
2024-10-16,8.7242,8.6406,8.6824
2024-10-17,8.1539,8.8331,8.4935
2024-10-18,8.6414,9.3022,8.9718
2024-10-19,8.2061,8.9721,8.5891
2024-10-20,9.8569,10.5253,10.1911
2024-10-21,9.193,9.7763,9.4846
2024-10-22,9.7696,9.7466,9.7581
2024-10-23,9.6939,10.3282,10.0111
2024-10-24,10.4747,10.9131,10.6939
2024-10-25,9.9692,10.2092,10.0892
2024-10-26,10.2849,10.5396,10.4122
2024-10-27,11.0259,11.1668,11.0963
2024-10-28,11.4518,11.6899,11.5709
2024-10-29,12.693,12.9809,12.837
2024-10-30,12.4092,12.7812,12.5952
2024-10-31,11.4446,11.8496,11.6471
2024-11-01,10.9722,11.2667,11.1194
2024-11-02,10.4888,10.2625,10.3756
2024-11-03,10.4129,10.1885,10.3007
2024-11-04,10.0383,9.8626,9.9504
2024-11-05,10.1176,9.9363,10.0269
2024-11-06,11.0615,11.7328,11.3972
2024-11-07,12.823,12.7653,12.7942
2024-11-08,12.3607,12.0532,12.2069
2024-11-09,12.9396,13.0824,13.011
2024-11-10,14.3982,15.136,14.7671
2024-11-11,14.3584,14.8125,14.5855
2024-11-12,12.2129,13.3164,12.7647
2024-11-13,13.8166,12.8264,13.3215
2024-11-14,13.3846,12.9765,13.1805
2024-11-15,13.6135,13.4849,13.5492
2024-11-16,14.4982,13.85,14.1741
2024-11-17,14.702,14.6127,14.6574
2024-11-18,15.27,15.203,15.2365
2024-11-19,15.5491,15.0759,15.3125
2024-11-20,15.2357,14.3033,14.7695
2024-11-21,15.5716,14.7522,15.1619
2024-11-22,15.3243,14.5142,14.9192
2024-11-23,15.9095,14.915,15.4122
2024-11-24,15.3782,15.1971,15.2876
2024-11-25,15.1205,14.6688,14.8947
2024-11-26,15.5146,13.8409,14.6777
2024-11-27,15.5882,14.2075,14.8979
2024-11-28,16.6373,16.3404,16.4888
2024-11-29,15.9949,15.7864,15.8907
2024-11-30,16.8071,16.0393,16.4232
2024-12-01,17.114,16.836,16.975
2024-12-02,16.3196,15.1959,15.7578
2024-12-03,16.7266,15.759,16.2428
2024-12-04,16.6139,16.0765,16.3452
2024-12-05,15.8611,16.5713,16.2162
2024-12-06,16.3769,16.7383,16.5576
2024-12-07,15.5425,15.2629,15.4027
2024-12-08,16.7884,17.0123,16.9004
2024-12-09,14.1126,14.6323,14.3724
2024-12-10,14.4256,14.4062,14.4159
2024-12-11,13.8816,14.2504,14.066
2024-12-12,14.7255,14.4758,14.6007
2024-12-13,14.456,13.9452,14.2006
2024-12-14,14.4588,13.8609,14.1599
2024-12-15,16.6587,16.3622,16.5104
2024-12-16,14.9212,14.111,14.5161
2024-12-17,14.6705,13.8459,14.2582
2024-12-18,15.444,12.8404,14.1422
2024-12-19,16.338,14.179,15.2585
2024-12-20,14.261,12.1007,13.1809
2024-12-21,14.2498,11.7668,13.0083
2024-12-22,14.21,11.9963,13.1031
2024-12-23,14.6388,12.3767,13.5077
2024-12-24,13.3726,11.9666,12.6696
2024-12-25,13.965,12.2655,13.1153
2024-12-26,13.6224,11.46,12.5412
2024-12-27,14.1901,11.8362,13.0132
2024-12-28,14.123,11.8222,12.9726
2024-12-29,14.5349,12.208,13.3714
2024-12-30,14.8691,12.3055,13.5873
2024-12-31,15.2113,13.0456,14.1285
2025-01-01,15.8717,13.6088,14.7403
2025-01-02,15.9642,13.9801,14.9721
2025-01-03,15.2321,13.7641,14.4981
2025-01-04,14.2316,13.3873,13.8094
2025-01-05,12.8511,12.4689,12.66
2025-01-06,12.7319,12.6425,12.6872
2025-01-07,12.3293,12.2248,12.277
2025-01-08,12.2275,11.527,11.8772
2025-01-09,12.6621,11.738,12.2
2025-01-10,11.3158,11.4556,11.3857
2025-01-11,10.858,10.7014,10.7797
2025-01-12,10.643,10.5684,10.6057
2025-01-13,11.5554,11.7266,11.641
2025-01-14,11.8523,11.6086,11.7305
2025-01-15,12.7744,12.1436,12.459
2025-01-16,13.7643,13.1668,13.4656
2025-01-17,13.6644,13.5829,13.6237
2025-01-18,13.1771,12.9586,13.0678
2025-01-19,14.9114,14.3244,14.6179
2025-01-20,13.6253,12.9164,13.2709
2025-01-21,13.596,13.0875,13.3418
2025-01-22,12.8463,12.1561,12.5012
2025-01-23,13.7358,12.3583,13.047
2025-01-24,12.3499,11.3768,11.8633
2025-01-25,12.2284,11.4985,11.8635
2025-01-26,13.4309,11.8042,12.6176
2025-01-27,12.8999,11.4841,12.192
2025-01-28,12.2413,11.5492,11.8952
2025-01-29,12.2654,12.004,12.1347
2025-01-30,10.6101,10.8147,10.7124
2025-01-31,11.7807,10.9182,11.3494
2025-02-01,12.6011,11.4016,12.0014
2025-02-02,11.6532,10.5356,11.0944
2025-02-03,10.6204,9.4809,10.0507
2025-02-04,9.7882,9.637,9.7126
2025-02-05,9.6008,8.8005,9.2007
2025-02-06,9.7884,9.5782,9.6833
2025-02-07,8.8374,8.1375,8.4874
2025-02-08,8.5832,8.1191,8.3512
2025-02-09,9.1367,8.6259,8.8813
2025-02-10,8.7959,8.1005,8.4482
2025-02-11,8.8713,8.6746,8.7729
2025-02-12,8.6424,8.5212,8.5818
2025-02-13,8.466,8.1554,8.3107
2025-02-14,8.5375,8.4551,8.4963
2025-02-15,8.1847,8.4585,8.3216
2025-02-16,8.4849,8.7913,8.6381
2025-02-17,7.4736,6.673,7.0733
2025-02-18,7.6086,6.9521,7.2803
2025-02-19,7.1523,6.9417,7.047
2025-02-20,7.3834,7.8067,7.595
2025-02-21,6.9906,7.1745,7.0825
2025-02-22,7.3268,7.138,7.2324
2025-02-23,7.6529,7.6954,7.6742
2025-02-24,7.1541,6.7086,6.9313
2025-02-25,8.2585,7.7115,7.985
2025-02-26,7.6655,7.2062,7.4358
2025-02-27,8.5144,8.2751,8.3947
2025-02-28,7.7724,7.874,7.8232
2025-03-01,7.7437,7.0948,7.4193
2025-03-02,6.2885,6.1702,6.2294
2025-03-03,7.0682,6.039,6.5536
2025-03-04,5.989,5.704,5.8465
2025-03-05,6.3726,6.1718,6.2722
2025-03-06,6.1078,5.9951,6.0514
2025-03-07,6.3045,5.696,6.0002
2025-03-08,6.3121,5.6435,5.9778
2025-03-09,6.4449,5.9497,6.1973
2025-03-10,6.9565,5.5019,6.2292
2025-03-11,6.2886,4.5501,5.4194
2025-03-12,7.0926,6.1808,6.6367
2025-03-13,7.2662,6.1064,6.6863
2025-03-14,6.3232,5.9145,6.1188
2025-03-15,6.3358,5.3666,5.8512
2025-03-16,6.4181,5.8735,6.1458
2025-03-17,6.7102,5.5142,6.1122
2025-03-18,5.7461,4.254,5.0
2025-03-19,5.1615,5.33,5.2458
2025-03-20,5.2761,4.685,4.9806
2025-03-21,5.2264,4.9931,5.1098
2025-03-22,5.3852,5.0734,5.2293
2025-03-23,5.2352,5.0377,5.1364
2025-03-24,5.1371,5.1309,5.134
2025-03-25,5.685,5.7481,5.7166
2025-03-26,5.2378,5.3156,5.2767
2025-03-27,5.1443,5.1456,5.1449
2025-03-28,4.8494,4.9802,4.9148
2025-03-29,4.6536,4.3638,4.5087
2025-03-30,4.461,3.8319,4.1465
2025-03-31,4.7319,4.3865,4.5592
2025-04-01,5.3062,5.2935,5.2998
2025-04-02,4.5938,4.6014,4.5976
2025-04-03,5.6832,5.2897,5.4865
2025-04-04,5.7353,5.2332,5.4843
2025-04-05,5.6263,5.1287,5.3775
2025-04-06,4.7421,4.4904,4.6162
2025-04-07,5.5797,5.4179,5.4988
2025-04-08,6.6385,5.7416,6.19
2025-04-09,6.6974,6.3074,6.5024
2025-04-10,5.8466,5.9904,5.9185
2025-04-11,5.2778,5.1405,5.2092
2025-04-12,5.5279,5.6543,5.5911
2025-04-13,5.7952,5.5372,5.6662
2025-04-14,4.988,4.7139,4.851
2025-04-15,5.6831,5.5768,5.6299
2025-04-16,5.7406,5.7629,5.7517
2025-04-17,5.3851,5.4752,5.4301
2025-04-18,5.6856,5.43,5.5578
2025-04-19,6.1932,6.1981,6.1957
2025-04-20,5.5935,5.5728,5.5832
2025-04-21,5.3182,5.8367,5.5775
2025-04-22,5.5527,5.9639,5.7583
2025-04-23,5.5936,5.0716,5.3326
2025-04-24,5.8351,5.6954,5.7652
2025-04-25,5.9657,6.0742,6.02
2025-04-26,6.6239,6.7499,6.6869
2025-04-27,6.1109,6.5889,6.3499
2025-04-28,6.1765,6.4271,6.3018
2025-04-29,6.8521,6.974,6.9131
2025-04-30,6.8412,6.6483,6.7447
2025-05-01,6.4674,6.5739,6.5207
2025-05-02,5.9196,6.4542,6.1869
2025-05-03,5.7604,6.2763,6.0184
2025-05-04,4.6699,5.3981,5.034
2025-05-05,5.4646,6.0414,5.753
2025-05-06,4.9287,5.4285,5.1786
2025-05-07,4.7342,5.4034,5.0688
2025-05-08,6.0828,6.2966,6.1897
2025-05-09,5.8342,6.4331,6.1336
2025-05-10,6.6381,6.443,6.5405
2025-05-11,6.8295,7.2885,7.059
2025-05-12,6.5369,7.0352,6.786
2025-05-13,7.2859,7.4517,7.3688
2025-05-14,6.9321,7.4383,7.1852
2025-05-15,6.0661,6.523,6.2946
2025-05-16,6.1177,6.6959,6.4068
2025-05-17,5.4523,6.5738,6.013
2025-05-18,7.2844,7.8984,7.5914
2025-05-19,6.3625,7.149,6.7558
2025-05-20,6.5659,7.3604,6.9631
2025-05-21,7.629,7.8213,7.7252
2025-05-22,7.8574,8.111,7.9842
2025-05-23,7.6089,7.2901,7.4495
2025-05-24,7.327,7.8166,7.5718
2025-05-25,7.4022,7.6087,7.5054
2025-05-26,7.72,8.037,7.8785
2025-05-27,7.6846,7.8251,7.7549
2025-05-28,7.607,7.54,7.5735
2025-05-29,7.5367,7.621,7.5788
2025-05-30,7.0448,7.0323,7.0386
2025-05-31,6.9772,7.5005,7.2388
2025-06-01,7.2674,7.6081,7.4377
2025-06-02,7.1912,7.2839,7.2376
2025-06-03,6.7182,6.6029,6.6606
2025-06-04,6.0569,5.965,6.011
2025-06-05,5.8503,6.0674,5.9588
2025-06-06,6.0627,6.048,6.0554
2025-06-07,5.7407,5.4837,5.6122
2025-06-08,6.4837,5.9339,6.2088
2025-06-09,5.7981,6.3266,6.0624
2025-06-10,6.2103,6.4334,6.3219
2025-06-11,5.9003,5.7989,5.8496
2025-06-12,4.8426,5.5226,5.1826
2025-06-13,5.1501,5.7322,5.4411
2025-06-14,5.0757,5.6031,5.3394
2025-06-15,5.2732,5.3488,5.311
2025-06-16,5.1471,5.6802,5.4137
2025-06-17,5.3844,5.8772,5.6308
2025-06-18,4.9444,5.3045,5.1245
2025-06-19,4.8422,5.327,5.0846
2025-06-20,5.2921,5.3625,5.3273
2025-06-21,4.914,5.0464,4.9802
2025-06-22,4.4628,4.8858,4.6743
2025-06-23,4.697,5.0625,4.8798
2025-06-24,4.9936,5.1823,5.0879
2025-06-25,5.1691,5.1088,5.1389
2025-06-26,5.0706,4.8436,4.9571
2025-06-27,4.4682,4.632,4.5501
2025-06-28,4.4525,4.5889,4.5207
2025-06-29,4.85,5.0911,4.9706
2025-06-30,4.5063,4.6301,4.5682
2025-07-01,3.5876,4.1935,3.8905
2025-07-02,3.929,4.776,4.3525
2025-07-03,4.4701,5.2134,4.8417
2025-07-04,4.3173,5.2311,4.7742
2025-07-05,3.9371,4.9056,4.4214
2025-07-06,4.7439,5.6495,5.1967
2025-07-07,4.3581,5.2517,4.8049
2025-07-08,4.8921,5.5763,5.2342
2025-07-09,5.8748,6.8777,6.3763
2025-07-10,6.0233,6.4524,6.2378
2025-07-11,6.5786,6.8835,6.7311
2025-07-12,7.0385,7.1315,7.085
2025-07-13,7.3082,7.6619,7.485
2025-07-14,7.4709,7.6423,7.5566
2025-07-15,7.8704,7.7382,7.8043
2025-07-16,7.5669,7.8826,7.7248
2025-07-17,7.112,7.5304,7.3212
2025-07-18,7.5551,7.1501,7.3526
2025-07-19,8.1501,7.7967,7.9734
2025-07-20,8.3377,7.8026,8.0702
2025-07-21,8.0907,7.9365,8.0136
2025-07-22,8.4006,8.523,8.4618
2025-07-23,8.8141,8.3597,8.5869
2025-07-24,8.4116,7.9881,8.1998
2025-07-25,8.1417,8.298,8.2198
2025-07-26,8.4335,8.365,8.3993
2025-07-27,9.1219,8.9033,9.0126
2025-07-28,8.9402,8.4699,8.7051
2025-07-29,8.5173,8.2387,8.378
2025-07-30,6.9557,6.9008,6.9283
2025-07-31,6.8947,6.7915,6.8431
2025-08-01,5.7272,6.2573,5.9923
2025-08-02,6.9477,6.6965,6.8221
2025-08-03,6.6166,6.498,6.5573
2025-08-04,7.2666,7.3311,7.2988
2025-08-05,7.4643,7.2556,7.3599
2025-08-06,7.1945,7.3692,7.2818
2025-08-07,7.7029,7.9709,7.8369
2025-08-08,7.9894,8.123,8.0562
2025-08-09,8.5577,8.9672,8.7624
2025-08-10,8.4865,8.9977,8.7421
2025-08-11,8.7534,9.2354,8.9944
2025-08-12,9.0972,9.6767,9.387
2025-08-13,9.5243,9.9736,9.7489
2025-08-14,9.2281,9.516,9.372
2025-08-15,8.54,8.661,8.6005
2025-08-16,8.3251,8.8486,8.5868
2025-08-17,7.9077,8.272,8.0899
2025-08-18,6.7453,7.0727,6.909
2025-08-19,6.44,6.6527,6.5463
2025-08-20,6.5774,7.0153,6.7964
2025-08-21,6.7874,7.0066,6.897
2025-08-22,8.1436,8.8809,8.5122
2025-08-23,8.5441,8.8339,8.689
2025-08-24,9.0891,9.3641,9.2266
2025-08-25,7.2734,7.7505,7.5119
2025-08-26,7.7838,8.9168,8.3503
2025-08-27,7.7364,7.9248,7.8306
2025-08-28,7.301,8.2003,7.7506
2025-08-29,7.3662,7.5855,7.4759
2025-08-30,6.7675,6.7316,6.7496
2025-08-31,6.7589,6.8349,6.7969
2025-09-01,6.6261,7.1965,6.9113
2025-09-02,6.6708,7.0155,6.8431
2025-09-03,6.8506,7.1386,6.9946
2025-09-04,5.8821,6.0911,5.9866
2025-09-05,6.0561,5.9355,5.9958
2025-09-06,6.3992,6.5273,6.4633
2025-09-07,6.9714,6.8849,6.9282
2025-09-08,6.6531,6.7626,6.7078
2025-09-09,7.3602,7.427,7.3936
2025-09-10,6.8623,7.3233,7.0928
2025-09-11,7.7222,9.0043,8.3632
2025-09-12,7.607,8.1791,7.893
2025-09-13,8.2395,8.7902,8.5148
2025-09-14,8.486,9.1608,8.8234
2025-09-15,7.6198,8.3643,7.9921
2025-09-16,6.816,7.4574,7.1367
2025-09-17,6.1528,7.034,6.5934
2025-09-18,6.7873,7.9695,7.3784
2025-09-19,6.8537,7.2816,7.0676
2025-09-20,6.7466,7.1901,6.9683
2025-09-21,6.8175,7.3431,7.0803
2025-09-22,6.5761,6.9333,6.7547
2025-09-23,6.6884,7.0004,6.8444
2025-09-24,6.4524,6.9658,6.7091
2025-09-25,6.4971,6.5773,6.5372
2025-09-26,6.5767,6.5609,6.5688
2025-09-27,6.4398,6.4471,6.4434
2025-09-28,6.451,6.528,6.4895
2025-09-29,7.2599,7.0727,7.1663
2025-09-30,7.402,6.8862,7.1441
2025-10-01,7.2721,7.1897,7.2309
2025-10-02,7.6243,7.7384,7.6814
2025-10-03,7.5324,7.7453,7.6388
2025-10-04,7.7054,7.9335,7.8194
2025-10-05,8.3341,8.5551,8.4446
2025-10-06,8.313,8.4144,8.3637
2025-10-07,8.3665,8.6938,8.5301
2025-10-08,8.031,8.2042,8.1176
2025-10-09,7.7816,7.5575,7.6696
2025-10-10,7.0841,6.9321,7.0081
2025-10-11,7.3653,7.1499,7.2576
2025-10-12,7.3416,7.1304,7.236
2025-10-13,6.8195,6.5956,6.7076
2025-10-14,5.6661,6.4102,6.0382
2025-10-15,6.2219,6.4075,6.3147
2025-10-16,6.0675,6.2857,6.1766
2025-10-17,5.7545,5.8359,5.7952
2025-10-18,6.3843,6.6458,6.5151
2025-10-19,6.3042,6.3531,6.3287
2025-10-20,5.9782,6.4447,6.2114
2025-10-21,5.4963,6.0525,5.7744
2025-10-22,5.938,6.6113,6.2746
2025-10-23,5.8568,5.9172,5.887
2025-10-24,5.623,6.0325,5.8277
2025-10-25,5.9147,6.1141,6.0144
2025-10-26,6.5354,6.6783,6.6069
2025-10-27,6.1456,6.5591,6.3524
2025-10-28,5.9231,6.391,6.157
2025-10-29,4.9414,5.2561,5.0987
2025-10-30,5.3942,5.5474,5.4708
2025-10-31,5.4567,5.714,5.5853
2025-11-01,5.3561,5.7143,5.5352
2025-11-02,5.182,5.7712,5.4766
2025-11-03,4.8896,5.1274,5.0085
2025-11-04,4.0653,4.4676,4.2664
2025-11-05,5.0303,5.7355,5.3829
2025-11-06,4.8966,4.626,4.7613
2025-11-07,4.842,4.7041,4.7731
2025-11-08,4.4157,4.6839,4.5498
2025-11-09,4.1692,5.0254,4.5973
2025-11-10,4.6208,4.6476,4.6342
2025-11-11,4.1644,5.1237,4.6441
2025-11-12,3.6748,4.5896,4.1322
2025-11-13,4.2016,4.6318,4.4167
2025-11-14,4.1581,4.4036,4.2809
2025-11-15,4.2647,4.2676,4.2661
2025-11-16,4.3597,4.6159,4.4878
2025-11-17,4.3639,4.2817,4.3228
2025-11-18,4.7224,4.6828,4.7026
2025-11-19,4.7684,4.6353,4.7018
2025-11-20,4.5544,4.5629,4.5586
2025-11-21,3.8476,4.1895,4.0186
2025-11-22,3.6299,3.6631,3.6465
2025-11-23,4.3078,4.4825,4.3952
2025-11-24,4.809,5.2697,5.0393
2025-11-25,4.7023,5.1565,4.9294
2025-11-26,5.1817,5.5993,5.3905
2025-11-27,4.7598,4.898,4.8289
2025-11-28,4.6884,5.4985,5.0935
2025-11-29,5.2826,5.404,5.3433
2025-11-30,5.1481,5.2651,5.2066
2025-12-01,4.9115,4.9093,4.9104
2025-12-02,4.893,5.6417,5.2673
2025-12-03,4.9444,4.8629,4.9036
2025-12-04,4.6831,4.5862,4.6347
2025-12-05,4.3761,4.3096,4.3428
2025-12-06,3.8209,4.3204,4.0707
2025-12-07,4.7562,4.7843,4.7702
2025-12-08,4.0925,4.0363,4.0644
2025-12-09,4.3046,4.8682,4.5864
2025-12-10,4.2548,3.7463,4.0006
2025-12-11,3.8038,4.5882,4.196
2025-12-12,4.2421,3.871,4.0566
2025-12-13,4.6431,4.2885,4.4658
2025-12-14,3.9304,3.7838,3.8571
2025-12-15,3.6221,3.2647,3.4434
2025-12-16,3.6933,3.7819,3.7376
2025-12-17,4.1897,4.0891,4.1394
2025-12-18,4.1883,4.4451,4.3167
2025-12-19,4.6802,5.1314,4.9058
2025-12-20,4.4677,4.9597,4.7137
2025-12-21,4.546,5.0233,4.7847
2025-12-22,4.8425,4.4571,4.6498
2025-12-23,4.6846,4.9373,4.811
2025-12-24,4.4636,5.1282,4.7959
2025-12-25,4.7109,5.2591,4.985
2025-12-26,4.9349,5.5463,5.2406
2025-12-27,5.3372,6.063,5.7001
2025-12-28,5.3317,5.6998,5.5158
2025-12-29,4.7549,5.0441,4.8995
2025-12-30,4.6394,4.8287,4.7341
2025-12-31,4.6481,4.7738,4.7109
2026-01-01,4.5119,4.6568,4.5844
2026-01-02,4.3722,4.3107,4.3414
2026-01-03,4.8144,4.8985,4.8564
2026-01-04,5.7543,5.1784,5.4663
2026-01-05,4.7684,5.4185,5.0934
2026-01-06,5.3414,5.4551,5.3983
2026-01-07,5.2244,5.3,5.2622
2026-01-08,4.9315,4.9066,4.919
2026-01-09,4.902,4.9215,4.9117
2026-01-10,5.1745,5.149,5.1618
2026-01-11,5.3308,5.33,5.3304
2026-01-12,4.9159,5.1119,5.0139
2026-01-13,5.1473,4.9994,5.0734
2026-01-14,4.5811,4.876,4.7285
2026-01-15,4.794,5.0451,4.9196
2026-01-16,4.983,5.2031,5.0931
2026-01-17,4.7769,4.9664,4.8716
2026-01-18,4.8583,4.8751,4.8667
2026-01-19,4.5727,4.6885,4.6306
2026-01-20,4.5894,4.3914,4.4904
2026-01-21,4.5556,4.6997,4.6276
2026-01-22,4.7919,4.6439,4.7179
2026-01-23,5.0683,4.7136,4.8909
2026-01-24,5.0063,4.8012,4.9037
2026-01-25,5.1293,4.8445,4.9869
2026-01-26,5.2294,5.1992,5.2143
2026-01-27,5.1811,4.9186,5.0498
2026-01-28,4.9116,4.5647,4.7381
2026-01-29,5.2204,4.8478,5.0341
2026-01-30,5.4076,4.9855,5.1966
2026-01-31,3.6032,3.5906,3.5969
2026-02-01,4.2479,3.7487,3.9983
2026-02-02,3.3879,3.7018,3.5449
2026-02-03,4.0484,4.3224,4.1854
2026-02-04,3.9063,4.3354,4.1209
2026-02-05,2.7332,3.4969,3.1151
2026-02-06,1.969,2.4425,2.2058
2026-02-07,3.3122,3.3948,3.3535
2026-02-08,3.2499,3.5937,3.4218
2026-02-09,3.0502,3.3263,3.1883
2026-02-10,2.553,2.6342,2.5936
2026-02-11,2.2776,2.3008,2.2892
2026-02-12,2.5458,2.7256,2.6357
2026-02-13,2.05,2.468,2.259
2026-02-14,2.2744,2.647,2.4607
2026-02-15,2.8862,2.8659,2.8761
2026-02-16,2.1779,2.6546,2.4162
2026-02-17,3.1544,3.1119,3.1331
2026-02-18,2.5042,2.7991,2.6516
2026-02-19,2.8063,2.8236,2.8149
2026-02-20,3.2025,3.3819,3.2922
2026-02-21,3.3187,3.1379,3.2283
2026-02-22,3.1911,3.1292,3.1601
2026-02-23,2.6963,2.1405,2.4184
2026-02-24,2.3245,2.2393,2.2819
2026-02-25,1.8432,1.7778,1.8105
2026-02-26,1.6613,1.4297,1.5455
2026-02-27,2.1887,2.0402,2.1144
2026-02-28,2.2008,2.2156,2.2082
2026-03-01,2.1036,2.0737,2.0887
2026-03-02,2.1948,2.5843,2.3895
2026-03-03,2.0832,1.749,1.9161
2026-03-04,2.9566,3.1538,3.0552
2026-03-05,2.3968,2.5697,2.4832
2026-03-06,2.1554,1.9547,2.055
2026-03-07,2.0477,1.6964,1.8721
2026-03-08,1.8846,1.7132,1.7989
2026-03-09,2.4346,1.9729,2.2038
2026-03-10,2.0938,2.4023,2.2481
2026-03-11,2.0856,2.217,2.1513
2026-03-12,2.1672,2.414,2.2906
2026-03-13,2.5902,2.3099,2.45
2026-03-14,2.1374,1.8069,1.9721
2026-03-15,1.946,2.0291,1.9875
2026-03-16,2.2645,2.4126,2.3385
2026-03-17,2.7802,2.8697,2.8249
2026-03-18,2.572,2.6838,2.6279
2026-03-19,2.2043,2.4672,2.3357
2026-03-20,2.4415,2.5894,2.5154
2026-03-21,2.2488,2.4165,2.3327
2026-03-22,2.0771,2.1922,2.1346
2026-03-23,2.3699,2.7651,2.5675
2026-03-24,2.2252,2.4658,2.3455
2026-03-25,2.0106,2.4841,2.2473
2026-03-26,2.3095,2.5721,2.4408
2026-03-27,2.2762,2.3627,2.3194
2026-03-28,2.2778,2.3089,2.2933
2026-03-29,1.9314,2.1072,2.0193
2026-03-30,2.4019,2.4616,2.4318
2026-03-31,2.0823,2.4111,2.2467
2026-04-01,1.9586,2.2844,2.1215
2026-04-02,2.0701,2.2508,2.1605
2026-04-03,2.1827,2.4216,2.3022
2026-04-04,2.2376,2.4218,2.3297
2026-04-05,2.1776,2.5266,2.3521
2026-04-06,3.056,2.8261,2.941
2026-04-07,2.6321,3.0808,2.8565
2026-04-08,1.9121,2.4277,2.1699
2026-04-09,1.9302,2.3102,2.1202
2026-04-10,1.8704,1.9779,1.9241
2026-04-11,1.3864,1.9363,1.6614
2026-04-12,1.2992,1.3901,1.3446
2026-04-13,1.5169,1.785,1.6509
2026-04-14,1.7814,2.0553,1.9183
2026-04-15,1.4469,1.9642,1.7056
2026-04-16,1.6109,1.9544,1.7826
2026-04-17,1.6596,2.0985,1.8791
2026-04-18,1.7471,2.1564,1.9517
2026-04-19,1.8976,2.0228,1.9602
2026-04-20,1.2,1.4228,1.3114
2026-04-21,1.5745,1.5375,1.556
2026-04-22,1.0302,1.0429,1.0365
2026-04-23,1.3341,1.15,1.2421
2026-04-24,1.3547,1.3973,1.376
2026-04-25,1.2333,1.1349,1.1841
2026-04-26,1.2124,1.2999,1.2562
2026-04-27,1.3181,1.5375,1.4278
2026-04-28,1.2504,1.4114,1.3309
2026-04-29,1.9686,1.4923,1.7304
2026-04-30,1.4563,1.4869,1.4716
2026-05-01,1.5768,1.484,1.5304
2026-05-02,1.4655,1.3102,1.3879
2026-05-03,1.512,1.6566,1.5843
2026-05-04,1.3559,1.6043,1.4801
2026-05-05,1.4506,1.6333,1.542
2026-05-06,1.7062,1.7562,1.7312
2026-05-07,1.5968,1.9448,1.7708
2026-05-08,1.7852,2.1385,1.9619
2026-05-09,1.7722,1.9374,1.8548
2026-05-10,1.5431,1.538,1.5405
2026-05-11,1.9326,2.1645,2.0486
2026-05-12,1.6639,2.2521,1.958
2026-05-13,2.0017,2.1162,2.0589
2026-05-14,1.7419,1.7766,1.7593
2026-05-15,1.2978,1.6571,1.4775
2026-05-16,1.3443,1.7024,1.5233
2026-05-17,1.6997,1.8199,1.7598
2026-05-18,1.4957,1.3706,1.4331
2026-05-19,2.2383,1.9406,2.0895
2026-05-20,2.1378,1.9131,2.0255
2026-05-21,2.295,2.3194,2.3072
2026-05-22,2.0205,2.1248,2.0726
2026-05-23,2.0425,1.8993,1.9709
2026-05-24,2.3759,2.3635,2.3697
2026-05-25,2.6659,2.6752,2.6706
2026-05-26,2.6113,2.5471,2.5792
2026-05-27,2.8643,3.156,3.0102
2026-05-28,2.9094,2.8597,2.8845
2026-05-29,3.0235,2.8934,2.9585
2026-05-30,2.7498,2.7607,2.7552
2026-05-31,2.7053,3.0826,2.8939
2026-06-01,3.3483,3.1739,3.2611
2026-06-02,2.9859,2.7716,2.8788
2026-06-03,2.6951,2.2935,2.4943
2026-06-04,2.7762,2.6616,2.7189
2026-06-05,3.1338,3.2339,3.1838
2026-06-06,3.2062,2.9076,3.0569
2026-06-07,2.739,2.7731,2.756
2026-06-08,3.1444,2.9982,3.0713
2026-06-09,2.9408,3.0594,3.0001
2026-06-10,3.3011,3.1868,3.2439
2026-06-11,3.268,3.1813,3.2247
2026-06-12,3.2585,3.1178,3.1882
2026-06-13,3.0825,2.7039,2.8932
2026-06-14,2.9683,3.1056,3.0369
2026-06-15,2.9804,3.4284,3.2044
2026-06-16,2.9193,2.8755,2.8974
2026-06-17,3.0379,3.1916,3.1148
2026-06-18,3.1769,3.387,3.282
2026-06-19,3.0882,3.6388,3.3635
2026-06-20,3.0868,3.6926,3.3897
2026-06-21,3.2764,3.9019,3.5891
2026-06-22,3.3759,3.791,3.5834
2026-06-23,3.1002,3.574,3.3371
2026-06-24,2.5027,2.9992,2.7509
2026-06-25,2.7495,2.947,2.8483
2026-06-26,2.716,3.1092,2.9126
2026-06-27,2.6715,3.2353,2.9534
2026-06-28,3.3862,3.5584,3.4723
2026-06-29,3.0577,3.6888,3.3733
2026-06-30,3.2864,3.4233,3.3548
2026-07-01,3.2782,3.937,3.6076
2026-07-02,3.4363,3.5656,3.501
2026-07-03,3.3802,3.4888,3.4345
2026-07-04,3.5418,3.4582,3.5
2026-07-05,3.6655,3.6468,3.6562
2026-07-06,4.0103,3.4667,3.7385
2026-07-07,3.7188,3.5645,3.6416
2026-07-08,3.5756,3.7505,3.663
2026-07-09,4.0853,3.8224,3.9538
2026-07-10,3.8603,3.8553,3.8578
2026-07-11,3.4905,3.9134,3.702
2026-07-12,3.6011,3.8965,3.7488
2026-07-13,3.5588,3.9185,3.7386
2026-07-14,3.7735,3.9673,3.8704
2026-07-15,3.9089,3.9951,3.952
2026-07-16,4.0443,4.4351,4.2397
2026-07-17,3.6364,4.2777,3.9571
2026-07-18,3.893,4.098,3.9955
2026-07-19,4.0322,4.158,4.0951
2026-07-20,4.1496,4.2296,4.1896
2026-07-21,4.2145,4.3658,4.2901
2026-07-22,3.9837,4.223,4.1034
2026-07-23,3.6479,4.0658,3.8569
2026-07-24,3.9073,4.1746,4.0409
2026-07-25,3.8545,4.2204,4.0374
2026-07-26,4.2393,4.3586,4.2989
2026-07-27,4.4146,4.3285,4.3715
2026-07-28,4.0542,4.3281,4.1911
2026-07-29,4.0278,4.4437,4.2358
2026-07-30,3.92,4.2253,4.0727
2026-07-31,4.1053,4.171,4.1381
2026-08-01,4.1298,4.3135,4.2217
2026-08-02,4.2592,4.207,4.2331
2026-08-03,4.0978,4.0967,4.0973
2026-08-04,4.366,4.356,4.361
2026-08-05,4.1901,4.2981,4.2441
2026-08-06,4.3775,4.4009,4.3892
2026-08-07,4.1787,4.0372,4.1079
2026-08-08,4.3155,4.3222,4.3189
2026-08-09,4.182,4.1344,4.1582
2026-08-10,3.9863,4.1603,4.0733
2026-08-11,4.1401,4.6144,4.3773
2026-08-12,4.4271,4.5163,4.4717
2026-08-13,4.6857,4.8623,4.774
2026-08-14,4.3337,4.7,4.5168
2026-08-15,4.3463,4.6655,4.5059
2026-08-16,4.3545,4.3612,4.3578
2026-08-17,4.883,4.8161,4.8495
2026-08-18,4.7976,4.7517,4.7746
2026-08-19,4.1258,4.2163,4.1711
2026-08-20,4.4428,4.6478,4.5453
2026-08-21,4.2655,4.2708,4.2681
2026-08-22,4.9152,4.5799,4.7476
2026-08-23,5.5215,5.8858,5.7037
2026-08-24,4.5037,4.594,4.5488
2026-08-25,4.8217,4.1947,4.5082
2026-08-26,4.9958,4.2584,4.6271
2026-08-27,4.5765,4.4887,4.5326
2026-08-28,4.7576,4.0449,4.4013
2026-08-29,5.0962,4.6975,4.8968
2026-08-30,5.2053,4.7071,4.9562
2026-08-31,5.0841,4.4293,4.7567
2026-09-01,4.629,4.4438,4.5364
2026-09-02,4.302,4.0277,4.1649
2026-09-03,4.6978,4.426,4.5619
2026-09-04,3.9636,3.6591,3.8113
2026-09-05,4.1004,3.7739,3.9371
2026-09-06,4.5107,4.349,4.4299
2026-09-07,4.5928,4.2914,4.4421
2026-09-08,4.5403,4.4795,4.5099
2026-09-09,4.7109,4.4035,4.5572
2026-09-10,4.4555,4.4885,4.472
2026-09-11,4.5842,4.2784,4.4313
2026-09-12,4.9544,4.6546,4.8045
2026-09-13,5.0565,4.5157,4.7861
2026-09-14,4.8611,4.619,4.74
2026-09-15,5.3356,5.0912,5.2134
2026-09-16,5.4058,5.3895,5.3977
2026-09-17,5.594,5.343,5.4685
2026-09-18,5.088,5.2535,5.1708
2026-09-19,5.2768,5.3496,5.3132
2026-09-20,5.1149,5.3942,5.2545
2026-09-21,5.3578,,5.3578
