date,btc_reserve_usd,stable_reserve_raw_usd,binance_peg_backing_usd,stable_reserve_usd
2023-01-01,16526392180.0,36941915409.0,7567500087.0,29374415322.0
2023-01-02,16621606747.0,36977440456.0,7567500087.0,29409940369.0
2023-01-03,16910875424.0,37099529505.0,7567500087.0,29532029418.0
2023-01-04,16832045343.0,37037825786.0,7568500087.0,29469325699.0
2023-01-05,17070975961.0,37145013171.0,7568500087.0,29576513084.0
2023-01-06,17015527090.0,37687777423.0,7568500087.0,30119277336.0
2023-01-07,17074571647.0,37317046427.0,7568500087.0,29748546340.0
2023-01-08,17003988445.0,37426201958.0,7568500087.0,29857701871.0
2023-01-09,17221502545.0,37396914751.0,7568500087.0,29828414664.0
2023-01-10,17248856870.0,37515969848.0,7568500087.0,29947469761.0
2023-01-11,17447023518.0,37647281028.0,7568500087.0,30078780941.0
2023-01-12,18199424958.0,38097086362.0,7568500087.0,30528586275.0
2023-01-13,18756966648.0,38316453388.0,7568500087.0,30747953301.0
2023-01-14,20825795844.0,38874207393.0,7568500087.0,31305707306.0
2023-01-15,20699005809.0,38794810999.0,7568500087.0,31226310912.0
2023-01-16,20823294155.0,38575824659.0,7568500087.0,31007324572.0
2023-01-17,21066852988.0,39049696477.0,7568500087.0,31481196390.0
2023-01-18,21064748347.0,38506325598.0,7568500087.0,30937825511.0
2023-01-19,20656890793.0,38736837193.0,7568500087.0,31168337106.0
2023-01-20,21231320449.0,38680736896.0,7568500087.0,31112236809.0
2023-01-21,22467052130.0,38968728940.0,7568500087.0,31400228853.0
2023-01-22,22811930285.0,39047774155.0,7568500087.0,31479274068.0
2023-01-23,22691669871.0,39270956485.0,7568500087.0,31702456398.0
2023-01-24,22977866319.0,39139415931.0,7568500087.0,31570915844.0
2023-01-25,22619153308.0,39024729536.0,7589000087.0,31435729449.0
2023-01-26,23101839386.0,39121411648.0,7589000087.0,31532411561.0
2023-01-27,22818077977.0,39459215457.0,7589000087.0,31870215370.0
2023-01-28,23043753236.0,39423261423.0,7589000087.0,31834261336.0
2023-01-29,23014399377.0,39438731916.0,7589000087.0,31849731829.0
2023-01-30,23821640639.0,39390260572.0,7589000087.0,31801260485.0
2023-01-31,22964640021.0,39255997609.0,7589000087.0,31666997522.0
2023-02-01,23236473180.0,39240766270.0,7589000087.0,31651766183.0
2023-02-02,24421096482.0,39628866266.0,7653500059.0,31975366207.0
2023-02-03,23848873005.0,39705526635.0,7653500059.0,32052026576.0
2023-02-04,23675575321.0,39362444440.0,7653500059.0,31708944381.0
2023-02-05,23492023466.0,39368723689.0,7653500059.0,31715223630.0
2023-02-06,23307624971.0,39444657768.0,7653500059.0,31791157709.0
2023-02-07,23075213631.0,39345026236.0,7653500059.0,31691526177.0
2023-02-08,23505981409.0,39091114972.0,7653500059.0,31437614913.0
2023-02-09,23248209862.0,39039553978.0,7653500059.0,31386053919.0
2023-02-10,22064536625.0,39202656619.0,7653500059.0,31549156560.0
2023-02-11,22090564564.0,39477120472.0,7653500059.0,31823620413.0
2023-02-12,22233279229.0,39332154644.0,7653500059.0,31678654585.0
2023-02-13,22158844056.0,39293944088.0,7553500059.0,31740444029.0
2023-02-14,22110823585.0,39097720371.0,7553500059.0,31544220312.0
2023-02-15,22419841927.0,38940481361.0,7553500059.0,31386981302.0
2023-02-16,25091190910.0,38958367307.0,7553500059.0,31404867248.0
2023-02-17,24280024793.0,38941043571.0,7553500059.0,31387543512.0
2023-02-18,25247591534.0,38697752673.0,7553500059.0,31144252614.0
2023-02-19,25313210052.0,38839024014.0,7553500059.0,31285523955.0
2023-02-20,24801838046.0,38749999749.0,7553500059.0,31196499690.0
2023-02-21,25554457255.0,38543712535.0,7553500059.0,30990212476.0
2023-02-22,25121778770.0,38395993136.0,5553500059.0,32842493077.0
2023-02-23,24882995792.0,38219767962.0,5553500059.0,32666267903.0
2023-02-24,24613136488.0,38023568314.0,5553500059.0,32470068255.0
2023-02-25,23874722777.0,38112312729.0,5553500059.0,32558812670.0
2023-02-26,23864418018.0,38139963449.0,5553500059.0,32586463390.0
2023-02-27,24284944683.0,38200261409.0,5553500059.0,32646761350.0
2023-02-28,24163916755.0,37957216321.0,5553500059.0,32403716262.0
2023-03-01,23852550640.0,37915429457.0,5553500059.0,32361929398.0
2023-03-02,24530307549.0,37615713527.0,5553500059.0,32062213468.0
2023-03-03,24111368127.0,37559587736.0,5553500059.0,32006087677.0
2023-03-04,23172138887.0,37678198185.0,5553500059.0,32124698126.0
2023-03-05,23157023233.0,37632522471.0,5553500059.0,32079022412.0
2023-03-06,23318807994.0,37681390315.0,5553500059.0,32127890256.0
2023-03-07,23355678516.0,37614266365.0,5553500059.0,32060766306.0
2023-03-08,23228309896.0,37664709069.0,5553500059.0,32111209010.0
2023-03-09,22504693370.0,37338569913.0,5553500059.0,31785069854.0
2023-03-10,20877290762.0,37150372142.0,5553500059.0,31596872083.0
2023-03-11,20949977977.0,37287515907.0,5553500059.0,31734015848.0
2023-03-12,20982901092.0,37656155372.0,5553500059.0,32102655313.0
2023-03-13,23107671783.0,37839540076.0,5553500059.0,32286040017.0
2023-03-14,25618495265.0,38730208485.0,4543499041.0,34186709444.0
2023-03-15,26359151369.0,38419886883.0,4543499041.0,33876387842.0
2023-03-16,26014226726.0,38475660365.0,4543499041.0,33932161324.0
2023-03-17,26717942198.0,38530903683.0,4543499041.0,33987404642.0
2023-03-18,29754206883.0,38360582362.0,4543499041.0,33817083321.0
2023-03-19,29566985274.0,38305205955.0,4543499041.0,33761706914.0
2023-03-20,30621207585.0,38111523986.0,4543499041.0,33568024945.0
2023-03-21,30556926420.0,38329216422.0,4543499041.0,33785717381.0
2023-03-22,30507056227.0,38218076202.0,4543499041.0,33674577161.0
2023-03-23,29864010509.0,38234387750.0,4543499041.0,33690888709.0
2023-03-24,30547760817.0,37951139407.0,4543499041.0,33407640366.0
2023-03-25,30036359687.0,37949332148.0,4543499041.0,33405833107.0
2023-03-26,30146489698.0,38142033225.0,4543499041.0,33598534184.0
2023-03-27,30584896929.0,37932659392.0,4543499041.0,33389160351.0
2023-03-28,29517826669.0,37387667061.0,4543499041.0,32844168020.0
2023-03-29,29636535353.0,37330019746.0,4543499041.0,32786520705.0
2023-03-30,30802258623.0,36740452922.0,4543499041.0,32196953881.0
2023-03-31,30364438191.0,36962045255.0,4543499041.0,32418546214.0
2023-04-01,30476865124.0,36725933169.0,4543499041.0,32182434128.0
2023-04-02,30461222551.0,36593417040.0,4543499041.0,32049917999.0
2023-04-03,30168962778.0,36615933761.0,4543499041.0,32072434720.0
2023-04-04,29865817029.0,36355155500.0,4543499041.0,31811656459.0
2023-04-05,30671660327.0,36260500928.0,4543499041.0,31717001887.0
2023-04-06,30197862901.0,36347050055.0,4543499041.0,31803551014.0
2023-04-07,30295020682.0,36332205010.0,4543499041.0,31788705969.0
2023-04-08,30116741245.0,36229184166.0,4543499041.0,31685685125.0
2023-04-09,30205078518.0,36012711844.0,4543499041.0,31469212803.0
2023-04-10,30690149532.0,35977084752.0,4543499041.0,31433585711.0
2023-04-11,32172030262.0,36078441855.0,4543499041.0,31534942814.0
2023-04-12,32807080644.0,36014348349.0,4543499041.0,31470849308.0
2023-04-13,32918688087.0,37351062606.0,4543499041.0,32807563565.0
2023-04-14,34412593600.0,37971926648.0,4543499041.0,33428427607.0
2023-04-15,34225385897.0,33909173431.0,4543499041.0,29365674390.0
2023-04-16,34104835876.0,33866794854.0,4543499041.0,29323295813.0
2023-04-17,33552719901.0,33642905872.0,4543499041.0,29099406831.0
2023-04-18,33173067227.0,33898997033.0,4543499041.0,29355497992.0
2023-04-19,34267938425.0,33592900680.0,4543499041.0,29049401639.0
2023-04-20,32731286619.0,33784345352.0,4543499041.0,29240846311.0
2023-04-21,32188335089.0,33842233584.0,4543499041.0,29298734543.0
2023-04-22,31187040836.0,33713012473.0,4543499041.0,29169513432.0
2023-04-23,31597843589.0,33794517005.0,4543499041.0,29251017964.0
2023-04-24,31702885759.0,33851683159.0,4543499041.0,29308184118.0
2023-04-25,31607413097.0,33691643634.0,4543499041.0,29148144593.0
2023-04-26,32632795222.0,33661822108.0,4543499041.0,29118323067.0
2023-04-27,33708767950.0,33317660084.0,4543499041.0,28774161043.0
2023-04-28,34008814171.0,33011221877.0,4543499041.0,28467722836.0
2023-04-29,33612815213.0,32691783115.0,4543499041.0,28148284074.0
2023-04-30,33687594117.0,32879345580.0,4543499041.0,28335846539.0
2023-05-01,33874255682.0,32765640459.0,4543499041.0,28222141418.0
2023-05-02,32532441089.0,32530280710.0,4543499041.0,27986781669.0
2023-05-03,32876235454.0,32509875395.0,4543499041.0,27966376354.0
2023-05-04,33568190662.0,32205496685.0,4553499041.0,27651997644.0
2023-05-05,33350536363.0,31925169014.0,4553499041.0,27371669973.0
2023-05-06,33964298080.0,31987285500.0,4553499041.0,27433786459.0
2023-05-07,33058459990.0,32049194324.0,4553499041.0,27495695283.0
2023-05-08,32447649942.0,32285220622.0,4553499041.0,27731721581.0
2023-05-09,30997303628.0,31739686141.0,4553499041.0,27186187100.0
2023-05-10,31039117887.0,31809227991.0,4553499041.0,27255728950.0
2023-05-11,30673620500.0,31738137378.0,4553499041.0,27184638337.0
2023-05-12,30165606907.0,31745359653.0,4553499041.0,27191860612.0
2023-05-13,29950836188.0,31702692148.0,4553499041.0,27149193107.0
2023-05-14,29837615382.0,31700108419.0,4553499041.0,27146609378.0
2023-05-15,30235973821.0,31611734062.0,4553499041.0,27058235021.0
2023-05-16,30578958929.0,31426541632.0,4553499041.0,26873042591.0
2023-05-17,30514442614.0,31360047534.0,4553499041.0,26806548493.0
2023-05-18,30974776300.0,31207252217.0,4553499041.0,26653753176.0
2023-05-19,30468069196.0,31530521224.0,3518499041.0,28012022183.0
2023-05-20,30477446015.0,32478072353.0,3518499041.0,28959573312.0
2023-05-21,30937262781.0,32605773215.0,3518499041.0,29087274174.0
2023-05-22,30337973010.0,32557916992.0,3518499041.0,29039417951.0
2023-05-23,30536891937.0,32302176985.0,3518499041.0,28783677944.0
2023-05-24,30902956409.0,32150281655.0,3518499041.0,28631782614.0
2023-05-25,29828082220.0,32189719845.0,3518499041.0,28671220804.0
2023-05-26,30102391074.0,31934853635.0,3518499041.0,28416354594.0
2023-05-27,30380227824.0,32208724761.0,3518499041.0,28690225720.0
2023-05-28,30789263335.0,32110504397.0,3518499041.0,28592005356.0
2023-05-29,32241501707.0,31993028482.0,3518499041.0,28474529441.0
2023-05-30,31527549642.0,32071010718.0,3518499041.0,28552511677.0
2023-05-31,31707557123.0,32142243658.0,3518499041.0,28623744617.0
2023-06-01,30971330864.0,31929834353.0,3518499041.0,28411335312.0
2023-06-02,30766138355.0,31887879904.0,3518499041.0,28369380863.0
2023-06-03,31294739406.0,31712907607.0,3518499041.0,28194408566.0
2023-06-04,31243267161.0,31538315215.0,3518499041.0,28019816174.0
2023-06-05,31440434075.0,31469143953.0,3518499041.0,27950644912.0
2023-06-06,29637126023.0,31142377345.0,3518499041.0,27623878304.0
2023-06-07,31286189546.0,30848684072.0,3518499041.0,27330185031.0
2023-06-08,30086348566.0,30486875400.0,3518499041.0,26968376359.0
2023-06-09,30114620643.0,30488376209.0,3518499041.0,26969877168.0
2023-06-10,30190932763.0,30031574111.0,3518499041.0,26513075070.0
2023-06-11,29359438270.0,30178828391.0,3518499041.0,26660329350.0
2023-06-12,29412264389.0,30061446001.0,3518499041.0,26542946960.0
2023-06-13,29432992544.0,29947278513.0,3518499041.0,26428779472.0
2023-06-14,29609245032.0,29652926103.0,3518499041.0,26134427062.0
2023-06-15,28722608998.0,29536632445.0,3518499041.0,26018133404.0
2023-06-16,28817074569.0,29968746342.0,3518499041.0,26450247301.0
2023-06-17,29550761573.0,29930870875.0,3518499041.0,26412371834.0
2023-06-18,29633284722.0,29552944793.0,3518499041.0,26034445752.0
2023-06-19,29509081800.0,29586539759.0,3518499041.0,26068040718.0
2023-06-20,30034899613.0,29501177709.0,3518499041.0,25982678668.0
2023-06-21,31415251040.0,29634624033.0,3518499041.0,26116124992.0
2023-06-22,33388471585.0,29620670965.0,3518499041.0,26102171924.0
2023-06-23,33017947355.0,29586206019.0,3518499041.0,26067706978.0
2023-06-24,33552326391.0,29678594818.0,3518499041.0,26160095777.0
2023-06-25,33556178961.0,29742972679.0,3518499041.0,26224473638.0
2023-06-26,33588190364.0,29628698784.0,3518499041.0,26110199743.0
2023-06-27,33482574248.0,29632996902.0,3518499041.0,26114497861.0
2023-06-28,33668247979.0,29542411138.0,3518499041.0,26023912097.0
2023-06-29,33135613631.0,29542447856.0,3518499041.0,26023948815.0
2023-06-30,33530909157.0,29545034437.0,3518499041.0,26026535396.0
2023-07-01,33619538528.0,29484027174.0,3518499041.0,25965528133.0
2023-07-02,33817030731.0,29484805149.0,3518499041.0,25966306108.0
2023-07-03,34045914844.0,29487461164.0,3518499041.0,25968962123.0
2023-07-04,34296752784.0,29513628736.0,3518499041.0,25995129695.0
2023-07-05,33962573673.0,29451101432.0,3518499041.0,25932602391.0
2023-07-06,33530059412.0,29416762809.0,3518499041.0,25898263768.0
2023-07-07,33147718996.0,31459481345.0,3518499041.0,27940982304.0
2023-07-08,33377232938.0,31415501189.0,3137199041.0,28278302148.0
2023-07-09,33508174714.0,31774372380.0,3137199041.0,28637173339.0
2023-07-10,33359251796.0,31904490399.0,3137199041.0,28767291358.0
2023-07-11,33536158164.0,31693283214.0,3137199041.0,28556084173.0
2023-07-12,33718348134.0,31575277201.0,3137199041.0,28438078160.0
2023-07-13,33556011441.0,31518067992.0,3137199041.0,28380868951.0
2023-07-14,34620957774.0,31642105613.0,3137199041.0,28504906572.0
2023-07-15,33444628709.0,31916511251.0,3137199041.0,28779312210.0
2023-07-16,33378802437.0,32122486956.0,3137199041.0,28985287915.0
2023-07-17,33309333164.0,32749345236.0,3137199041.0,29612146195.0
2023-07-18,33176777352.0,32541945262.0,3137199041.0,29404746221.0
2023-07-19,33107379180.0,32414830596.0,3137199041.0,29277631555.0
2023-07-20,33030004710.0,32295507456.0,3137199041.0,29158308415.0
2023-07-21,32834561503.0,32247267785.0,3137199041.0,29110068744.0
2023-07-22,33031560640.0,32011622623.0,3137199041.0,28874423582.0
2023-07-23,32824771925.0,32457142629.0,3137199041.0,29319943588.0
2023-07-24,33102437063.0,32381443453.0,3137199041.0,29244244412.0
2023-07-25,32213892427.0,32319603616.0,3137199041.0,29182404575.0
2023-07-26,32241926764.0,32421397435.0,3137199041.0,29284198394.0
2023-07-27,32375615759.0,32458352350.0,3137199041.0,29321153309.0
2023-07-28,32535270074.0,32478092857.0,2947199041.0,29530893816.0
2023-07-29,32642299073.0,32478452187.0,2947199041.0,29531253146.0
2023-07-30,32632293217.0,32591541587.0,2947199041.0,29644342546.0
2023-07-31,32744043815.0,32562754746.0,2947199041.0,29615555705.0
2023-08-01,32526211163.0,32473645149.0,2947199041.0,29526446108.0
2023-08-02,33274419819.0,32311652870.0,2947199041.0,29364453829.0
2023-08-03,32637160564.0,32201757220.0,2947199041.0,29254558179.0
2023-08-04,32588656710.0,32219508558.0,2947199041.0,29272309517.0
2023-08-05,32448001136.0,31900273740.0,2947199041.0,28953074699.0
2023-08-06,32489163497.0,31985328088.0,2947199041.0,29038129047.0
2023-08-07,32445597427.0,31929690044.0,2947199041.0,28982491003.0
2023-08-08,32894273529.0,31479284500.0,2947199041.0,28532085459.0
2023-08-09,33558448267.0,31359667905.0,2947199041.0,28412468864.0
2023-08-10,33307421360.0,32331126746.0,2947199041.0,29383927705.0
2023-08-11,33248121629.0,32025992464.0,2947199041.0,29078793423.0
2023-08-12,33207095307.0,32253590120.0,2947199041.0,29306391079.0
2023-08-13,33238791656.0,32226326377.0,2947199041.0,29279127336.0
2023-08-14,33062385827.0,32175062979.0,2947199041.0,29227863938.0
2023-08-15,33283341979.0,32116702306.0,2947199041.0,29169503265.0
2023-08-16,33110592906.0,31853162999.0,2947199041.0,28905963958.0
2023-08-17,32475841749.0,31763963717.0,2947199041.0,28816764676.0
2023-08-18,30424704076.0,31851014918.0,2947199041.0,28903815877.0
2023-08-19,29730836557.0,32306330807.0,2947199041.0,29359131766.0
2023-08-20,29772120809.0,32389746247.0,2947199041.0,29442547206.0
2023-08-21,29724285217.0,32442184794.0,2947199041.0,29494985753.0
2023-08-22,29519395111.0,32502066299.0,2947199041.0,29554867258.0
2023-08-23,29444069908.0,32382788444.0,2947199041.0,29435589403.0
2023-08-24,29871264268.0,32557111350.0,2947199041.0,29609912309.0
2023-08-25,29291558685.0,32571352033.0,2947199041.0,29624152992.0
2023-08-26,29213343882.0,32543005576.0,2947199041.0,29595806535.0
2023-08-27,29232636195.0,32557462378.0,2947199041.0,29610263337.0
2023-08-28,29222715854.0,32531624618.0,2947199041.0,29584425577.0
2023-08-29,29247912406.0,32601218326.0,2947199041.0,29654019285.0
2023-08-30,30971278701.0,33031959834.0,2947199041.0,30084760793.0
2023-08-31,30478309875.0,33226232240.0,2947199041.0,30279033199.0
2023-09-01,29122884713.0,33045722932.0,2947199041.0,30098523891.0
2023-09-02,29078577486.0,32894242257.0,2947199041.0,29947043216.0
2023-09-03,29103572964.0,32883646526.0,2947199041.0,29936447485.0
2023-09-04,29143888988.0,32837520440.0,2947199041.0,29890321399.0
2023-09-05,28931391322.0,32740304606.0,2947199041.0,29793105565.0
2023-09-06,28878945867.0,32535899362.0,2947199041.0,29588700321.0
2023-09-07,28788433096.0,32366323269.0,2947199041.0,29419124228.0
2023-09-08,29391386641.0,32242992062.0,2947199041.0,29295793021.0
2023-09-09,28842316147.0,32240168289.0,2947199041.0,29292969248.0
2023-09-10,28795568345.0,32241123252.0,2947199041.0,29293924211.0
2023-09-11,28728350282.0,32266540601.0,2947199041.0,29319341560.0
2023-09-12,28126551477.0,32144169850.0,2947199041.0,29196970809.0
2023-09-13,28872854252.0,32193143139.0,2947199041.0,29245944098.0
2023-09-14,29182767198.0,32179324130.0,2947199041.0,29232125089.0
2023-09-15,29570882517.0,32217501880.0,2947199041.0,29270302839.0
2023-09-16,29685331653.0,32114387628.0,2947199041.0,29167188587.0
2023-09-17,29477405633.0,32098876642.0,2947199041.0,29151677601.0
2023-09-18,29382765668.0,32074189037.0,2947199041.0,29126989996.0
2023-09-19,29656794559.0,32177487646.0,2947199041.0,29230288605.0
2023-09-20,30116810351.0,32270045629.0,2947199041.0,29322846588.0
2023-09-21,29950042200.0,32359392080.0,2947199041.0,29412193039.0
2023-09-22,29378434332.0,32469468885.0,2947199041.0,29522269844.0
2023-09-23,29505173748.0,32361886890.0,2947199041.0,29414687849.0
2023-09-24,29479128437.0,32279699725.0,2947199041.0,29332500684.0
2023-09-25,29041316949.0,32228678399.0,2947199041.0,29281479358.0
2023-09-26,29158188547.0,32132129840.0,2947199041.0,29184930799.0
2023-09-27,29210938245.0,32040805607.0,2947199041.0,29093606566.0
2023-09-28,29393608552.0,31838611852.0,2709199041.0,29129412811.0
2023-09-29,30116604422.0,32179426487.0,2709199041.0,29470227446.0
2023-09-30,29939401758.0,32045518566.0,2709199041.0,29336319525.0
2023-10-01,29923499489.0,32031327626.0,2709199041.0,29322128585.0
2023-10-02,31038509280.0,31971151515.0,2709199041.0,29261952474.0
2023-10-03,30536588264.0,32165003854.0,2709199041.0,29455804813.0
2023-10-04,30267943884.0,32018595634.0,2709199041.0,29309396593.0
2023-10-05,30711014718.0,31832133358.0,2709199041.0,29122934317.0
2023-10-06,30318660868.0,31738157837.0,2709199041.0,29028958796.0
2023-10-07,30803334437.0,31708233899.0,2709199041.0,28999034858.0
2023-10-08,31383881470.0,31703526780.0,2709199041.0,28994327739.0
2023-10-09,30997115157.0,31492723839.0,2709199041.0,28783524798.0
2023-10-10,30956035919.0,31615405747.0,2709199041.0,28906206706.0
2023-10-11,30416242489.0,31565874124.0,2709199041.0,28856675083.0
2023-10-12,30350156628.0,31375344819.0,2709199041.0,28666145778.0
2023-10-13,30546065545.0,31046034022.0,2709199041.0,28336834981.0
2023-10-14,30663660102.0,31323446482.0,2709199041.0,28614247441.0
2023-10-15,30554026406.0,31288005406.0,2709199041.0,28578806365.0
2023-10-16,30936547325.0,31340397120.0,2709199041.0,28631198079.0
2023-10-17,32155410999.0,31610619608.0,2709199041.0,28901420567.0
2023-10-18,31959754820.0,31658794645.0,2709199041.0,28949595604.0
2023-10-19,31908337832.0,30970782286.0,2709199041.0,28261583245.0
2023-10-20,32067412463.0,31256559558.0,2709199041.0,28547360517.0
2023-10-21,33084406265.0,31579750627.0,2709199041.0,28870551586.0
2023-10-22,33498070081.0,31395049653.0,2709199041.0,28685850612.0
2023-10-23,33476696209.0,31636648326.0,2709199041.0,28927449285.0
2023-10-24,37415876177.0,31622719734.0,2709199041.0,28913520693.0
2023-10-25,38021147996.0,31181422064.0,2709199041.0,28472223023.0
2023-10-26,38866783984.0,30769663116.0,2709199041.0,28060464075.0
2023-10-27,38356771325.0,30861196885.0,2709199041.0,28151997844.0
2023-10-28,38173745149.0,30379246127.0,2709199041.0,27670047086.0
2023-10-29,38409107791.0,31345006312.0,2709199041.0,28635807271.0
2023-10-30,38902801050.0,31222010024.0,2709199041.0,28512810983.0
2023-10-31,39013768527.0,31287555174.0,2709199041.0,28578356133.0
2023-11-01,38978706444.0,31139697375.0,2709199041.0,28430498334.0
2023-11-02,39756767682.0,31368981637.0,2709199041.0,28659782596.0
2023-11-03,39331924451.0,31513166442.0,2709199041.0,28803967401.0
2023-11-04,39226056808.0,31640511941.0,2709199041.0,28931312900.0
2023-11-05,39496180368.0,31686217701.0,2709199041.0,28977018660.0
2023-11-06,39475292719.0,31766710549.0,2709199041.0,29057511508.0
2023-11-07,39505527833.0,31766241451.0,2709199041.0,29057042410.0
2023-11-08,39933036403.0,31971758477.0,2709199041.0,29262559436.0
2023-11-09,39868090810.0,32017146189.0,2709199041.0,29307947148.0
2023-11-10,40545197449.0,32129150259.0,2709199041.0,29419951218.0
2023-11-11,42427233770.0,32316340649.0,2709199041.0,29607141608.0
2023-11-12,42517297137.0,32361303068.0,2709199041.0,29652104027.0
2023-11-13,42421260318.0,32339352246.0,2709199041.0,29630153205.0
2023-11-14,41629915183.0,32316118901.0,2709199041.0,29606919860.0
2023-11-15,40793735015.0,32489423822.0,2709199041.0,29780224781.0
2023-11-16,43292794097.0,32854470892.0,2709199041.0,30145271851.0
2023-11-17,41319667949.0,32782169593.0,2709199041.0,30072970552.0
2023-11-18,41963352156.0,32903560950.0,2709199041.0,30194361909.0
2023-11-19,41963849716.0,32956831161.0,2709199041.0,30247632120.0
2023-11-20,42790470099.0,32894698357.0,2709199041.0,30185499316.0
2023-11-21,42672897770.0,32671499287.0,2709199041.0,29962300246.0
2023-11-22,40559706089.0,32609465544.0,2709199041.0,29900266503.0
2023-11-23,42257820133.0,32693911109.0,2709199041.0,29984712068.0
2023-11-24,42094224036.0,32525446116.0,2709199041.0,29816247075.0
2023-11-25,42297745096.0,32734806034.0,2709199041.0,30025606993.0
2023-11-26,42421887076.0,32755375557.0,2709199041.0,30046176516.0
2023-11-27,42026313286.0,32668826096.0,2709199041.0,29959627055.0
2023-11-28,41672499561.0,32467005415.0,2709199041.0,29757806374.0
2023-11-29,41994210136.0,32430707341.0,2709199041.0,29721508300.0
2023-11-30,41882087862.0,32370270146.0,2709199041.0,29661071105.0
2023-12-01,41786310302.0,32229792657.0,2709199041.0,29520593616.0
2023-12-02,42733547752.0,32271966866.0,2709199041.0,29562767825.0
2023-12-03,43493476563.0,32257160733.0,2709199041.0,29547961692.0
2023-12-04,44070377410.0,32330001625.0,2709199041.0,29620802584.0
2023-12-05,46190505740.0,32221759701.0,2709199041.0,29512560660.0
2023-12-06,48285628876.0,33359891987.0,2709199041.0,30650692946.0
2023-12-07,48166899273.0,33275478657.0,2709199041.0,30566279616.0
2023-12-08,47969670183.0,33458843565.0,2709199041.0,30749644524.0
2023-12-09,48903996988.0,33560811218.0,2709199041.0,30851612177.0
2023-12-10,48590222900.0,33600234703.0,2709199041.0,30891035662.0
2023-12-11,48669595932.0,33466383070.0,2709199041.0,30757184029.0
2023-12-12,46509520693.0,33686668784.0,2709199041.0,30977469743.0
2023-12-13,46493859471.0,33394914944.0,2709199041.0,30685715903.0
2023-12-14,47942340488.0,33684477750.0,2709199041.0,30975278709.0
2023-12-15,48034360197.0,33891006969.0,2709199041.0,31181807928.0
2023-12-16,46831714593.0,33975323441.0,2709199041.0,31266124400.0
2023-12-17,47045467414.0,33665790277.0,2709199041.0,30956591236.0
2023-12-18,46286177469.0,33889153372.0,2709199041.0,31179954331.0
2023-12-19,47628143113.0,33859003525.0,2609199041.0,31249804484.0
2023-12-20,47140717508.0,33977012251.0,2609199041.0,31367813210.0
2023-12-21,48588866624.0,34244610608.0,2609199041.0,31635411567.0
2023-12-22,48724447799.0,34260681497.0,2609199041.0,31651482456.0
2023-12-23,49030393962.0,34448950281.0,2609199041.0,31839751240.0
2023-12-24,48634829867.0,34463306639.0,2609199041.0,31854107598.0
2023-12-25,47549127303.0,34557558389.0,2609199041.0,31948359348.0
2023-12-26,48707615496.0,34605214088.0,2269199041.0,32336015047.0
2023-12-27,47354831390.0,34749532383.0,2269199041.0,32480333342.0
2023-12-28,48358977712.0,34950017273.0,2269199041.0,32680818232.0
2023-12-29,47220017096.0,35152803616.0,2269199041.0,32883604575.0
2023-12-30,46432849103.0,35010008727.0,2269199041.0,32740809686.0
2023-12-31,47319301924.0,34812444592.0,2269199041.0,32543245551.0
2024-01-01,47812583079.0,34757106286.0,2269199041.0,32487907245.0
2024-01-02,50110330261.0,34658459538.0,2269199041.0,32389260497.0
2024-01-03,50770038495.0,35332536154.0,2289199041.0,33043337113.0
2024-01-04,48368597719.0,35848891348.0,2289199041.0,33559692307.0
2024-01-05,49851862908.0,36265910681.0,1728700087.0,34537210594.0
2024-01-06,49816685902.0,36619225573.0,1728700087.0,34890525486.0
2024-01-07,49856133303.0,36757827374.0,1728700087.0,35029127287.0
2024-01-08,49566140968.0,36850962945.0,1728700087.0,35122262858.0
2024-01-09,53163635159.0,37071451743.0,1728700087.0,35342751656.0
2024-01-10,52170821381.0,37176695272.0,1728700087.0,35447995185.0
2024-01-11,52924000335.0,37207146689.0,1728700087.0,35478446602.0
2024-01-12,52858508154.0,37142125812.0,1728700087.0,35413425725.0
2024-01-13,49263976099.0,37016775714.0,1728700087.0,35288075627.0
2024-01-14,49175224956.0,37076102527.0,1728700087.0,35347402440.0
2024-01-15,48466569282.0,37012619737.0,1758700087.0,35253919650.0
2024-01-16,49065945671.0,36848593111.0,1758700087.0,35089893024.0
2024-01-17,49424887403.0,37132014976.0,1958700087.0,35173314889.0
2024-01-18,49191796456.0,36933122019.0,1958700087.0,34974421932.0
2024-01-19,47382153267.0,36911661961.0,1958700087.0,34952961874.0
2024-01-20,48031895879.0,36739903304.0,1958700087.0,34781203217.0
2024-01-21,48135348586.0,36458642324.0,1958700087.0,34499942237.0
2024-01-22,48035345205.0,36513811109.0,1958700087.0,34555111022.0
2024-01-23,45944663587.0,36673591562.0,1958700087.0,34714891475.0
2024-01-24,46227694055.0,36793994190.0,1958700087.0,34835294103.0
2024-01-25,46394923439.0,36746294574.0,1958700087.0,34787594487.0
2024-01-26,46314248218.0,36763426434.0,1958700087.0,34804726347.0
2024-01-27,48421067646.0,37243051515.0,1958700087.0,35284351428.0
2024-01-28,48595025976.0,37167618851.0,1958700087.0,35208918764.0
2024-01-29,48603421616.0,37225522270.0,1958700087.0,35266822183.0
2024-01-30,50071704525.0,37198907182.0,1958700087.0,35240207095.0
2024-01-31,49212967815.0,36721864931.0,1958700087.0,34763164844.0
2024-02-01,48510317600.0,36753511046.0,1958700087.0,34794810959.0
2024-02-02,49450499442.0,36354066490.0,1958700087.0,34395366403.0
2024-02-03,49344948929.0,36636564972.0,1958700087.0,34677864885.0
2024-02-04,49027254073.0,36599288227.0,1958700087.0,34640588140.0
2024-02-05,48717150464.0,36625149794.0,1958700087.0,34666449707.0
2024-02-06,49026549574.0,36529406046.0,1958700087.0,34570705959.0
2024-02-07,49677547371.0,36467165851.0,1958700087.0,34508465764.0
2024-02-08,51186499511.0,36280770906.0,1958700087.0,34322070819.0
2024-02-09,51745116158.0,36577682702.0,1958700087.0,34618982615.0
2024-02-10,53494442855.0,36181663344.0,1958700087.0,34222963257.0
2024-02-11,54229603429.0,36244225952.0,1958700087.0,34285525865.0
2024-02-12,55370991799.0,36337183851.0,1958700087.0,34378483764.0
2024-02-13,57136633684.0,36511219430.0,1958700087.0,34552519343.0
2024-02-14,56292561222.0,36604841458.0,1958700087.0,34646141371.0
2024-02-15,59009674878.0,36729295877.0,1958700087.0,34770595790.0
2024-02-16,58382146563.0,36949529182.0,1950700087.0,34998829095.0
2024-02-17,58515469041.0,37079908186.0,1950700087.0,35129208099.0
2024-02-18,58023054956.0,36934924932.0,1950700087.0,34984224845.0
2024-02-19,58696051518.0,37009565649.0,1950700087.0,35058865562.0
2024-02-20,58242003724.0,36936913170.0,1950700087.0,34986213083.0
2024-02-21,58641216507.0,36756718219.0,1950700087.0,34806018132.0
2024-02-22,58166831744.0,36756450963.0,1950700087.0,34805750876.0
2024-02-23,57789441508.0,36682948459.0,1950700087.0,34732248372.0
2024-02-24,57265215416.0,36340585124.0,1950700087.0,34389885037.0
2024-02-25,58056103530.0,36253284139.0,1950700087.0,34302584052.0
2024-02-26,58264634889.0,36189061530.0,1950700087.0,34238361443.0
2024-02-27,60884699950.0,36293080620.0,1901903544.0,34391177076.0
2024-02-28,63334036971.0,36824411593.0,1901903544.0,34922508049.0
2024-02-29,68443803958.0,36786782210.0,1901903544.0,34884878666.0
2024-03-01,67907396303.0,36805546228.0,1901903544.0,34903642684.0
2024-03-02,68967619969.0,37069254549.0,1901903544.0,35167351005.0
2024-03-03,68380855013.0,37160243168.0,1901903544.0,35258339624.0
2024-03-04,70748030714.0,37156050951.0,1901903544.0,35254147407.0
2024-03-05,75201810117.0,37286382085.0,1901903544.0,35384478541.0
2024-03-06,71500571514.0,37338968693.0,1901903544.0,35437065149.0
2024-03-07,74017290187.0,37445416303.0,2001903544.0,35443512759.0
2024-03-08,75209772222.0,37765524406.0,2001903544.0,35763620862.0
2024-03-09,76290369328.0,38732432289.0,2001903544.0,36730528745.0
2024-03-10,76497897040.0,39007339964.0,2001903544.0,37005436420.0
2024-03-11,76936164489.0,39008474308.0,2001903544.0,37006570764.0
2024-03-12,80854122329.0,38694717168.0,2001903544.0,36692813624.0
2024-03-13,80054053878.0,38235849835.0,2001903544.0,36233946291.0
2024-03-14,81402863291.0,38728665948.0,2001903544.0,36726762404.0
2024-03-15,79878755841.0,38895226877.0,2001903544.0,36893323333.0
2024-03-16,77179032657.0,39237630492.0,2001903544.0,37235726948.0
2024-03-17,72696818605.0,39121517087.0,2001903544.0,37119613543.0
2024-03-18,75067863881.0,39246088562.0,2001903544.0,37244185018.0
2024-03-19,74957777808.0,39482007873.0,2001903544.0,37480104329.0
2024-03-20,69580917755.0,39542302356.0,2001903544.0,37540398812.0
2024-03-21,75537977995.0,39799155659.0,2001903544.0,37797252115.0
2024-03-22,73207752329.0,39527332488.0,2001903544.0,37525428944.0
2024-03-23,70915223323.0,39718250307.0,2001903544.0,37716346763.0
2024-03-24,71788313259.0,39798918424.0,2001903544.0,37797014880.0
2024-03-25,74732719298.0,39747172285.0,2001903544.0,37745268741.0
2024-03-26,77828465546.0,39714533280.0,2001903544.0,37712629736.0
2024-03-27,77933319794.0,39115441335.0,2001903544.0,37113537791.0
2024-03-28,76870362484.0,38621199320.0,2001903544.0,36619295776.0
2024-03-29,78686489404.0,38555582100.0,2001903544.0,36553678556.0
2024-03-30,77792791213.0,38474041133.0,2001903544.0,36472137589.0
2024-03-31,77729782420.0,38497632576.0,2001903544.0,36495729032.0
2024-04-01,78489031322.0,38272272081.0,2101903544.0,36170368537.0
2024-04-02,77126136643.0,38413394374.0,2101903544.0,36311490830.0
2024-04-03,72735676719.0,38996886158.0,2101903544.0,36894982614.0
2024-04-04,72679417084.0,39436823333.0,2101903544.0,37334919789.0
2024-04-05,74203619450.0,40081795395.0,2101903544.0,37979891851.0
2024-04-06,73825276307.0,40829805830.0,2101903544.0,38727902286.0
2024-04-07,74535524776.0,40893610344.0,2101903544.0,38791706800.0
2024-04-08,77803334805.0,40883771203.0,2101903544.0,38781867659.0
2024-04-09,79197863451.0,40750046758.0,2101903544.0,38648143214.0
2024-04-10,76400469755.0,40750483704.0,2101903544.0,38648580160.0
2024-04-11,77892998865.0,40804219275.0,2101903544.0,38702315731.0
2024-04-12,77522264295.0,40905338621.0,2101903544.0,38803435077.0
2024-04-13,74088593133.0,41276657428.0,2101903544.0,39174753884.0
2024-04-14,69480906503.0,42125303103.0,2101903544.0,40023399559.0
2024-04-15,72588210418.0,42723252538.0,2101903544.0,40621348994.0
2024-04-16,70144194569.0,43177901064.0,2101903544.0,41075997520.0
2024-04-17,70909498297.0,43558220926.0,2101903544.0,41456317382.0
2024-04-18,68378956114.0,43274905540.0,2101903544.0,41173001996.0
2024-04-19,71289017595.0,43410145328.0,2101903544.0,41308241784.0
2024-04-20,72266682369.0,43468185701.0,2101903544.0,41366282157.0
2024-04-21,72594144850.0,43372588734.0,2101903544.0,41270685190.0
2024-04-22,72755769959.0,43359699030.0,2101903544.0,41257795486.0
2024-04-23,74558026172.0,43879693688.0,2101903544.0,41777790144.0
2024-04-24,74105679119.0,44107069695.0,2101903544.0,42005166151.0
2024-04-25,72272112074.0,44058151256.0,2101903544.0,41956247712.0
2024-04-26,72685783339.0,44003895008.0,2401903544.0,41601991464.0
2024-04-27,71552411321.0,43798613551.0,2401903544.0,41396710007.0
2024-04-28,71518883632.0,43789711122.0,2401903544.0,41387807578.0
2024-04-29,70073670694.0,43601395486.0,2401903544.0,41199491942.0
2024-04-30,71093357427.0,43506483511.0,2401903544.0,41104579967.0
2024-05-01,68510951481.0,42932023409.0,2401903544.0,40530119865.0
2024-05-02,65597760954.0,42880418006.0,2401903544.0,40478514462.0
2024-05-03,67377191631.0,42976740054.0,2401903544.0,40574836510.0
2024-05-04,71441976993.0,43256297690.0,2401903544.0,40854394146.0
2024-05-05,72460895912.0,43180582175.0,2401903544.0,40778678631.0
2024-05-06,72449634254.0,43114896060.0,2401903544.0,40712992516.0
2024-05-07,72109744435.0,42884174928.0,2401903544.0,40482271384.0
2024-05-08,71554760090.0,42880671581.0,2401903544.0,40478768037.0
2024-05-09,69509650414.0,42497067476.0,2401903544.0,40095163932.0
2024-05-10,71105441193.0,42504944686.0,2401903544.0,40103041142.0
2024-05-11,68877978101.0,42461876074.0,2401903544.0,40059972530.0
2024-05-12,69138135178.0,42500244245.0,2401903544.0,40098340701.0
2024-05-13,69552683517.0,42457558336.0,2401903544.0,40055654792.0
2024-05-14,71394649935.0,42492793334.0,2401903544.0,40090889790.0
2024-05-15,69968869785.0,42380737868.0,2401903544.0,39978834324.0
2024-05-16,74377977503.0,42841582423.0,2401903544.0,40439678879.0
2024-05-17,73489704341.0,42539599371.0,2401903544.0,40137695827.0
2024-05-18,75058627476.0,42455952788.0,2401903544.0,40054049244.0
2024-05-19,75156572295.0,42327263534.0,2401903544.0,39925359990.0
2024-05-20,74669539536.0,42249880725.0,2401903544.0,39847977181.0
2024-05-21,77973539524.0,42200527939.0,2401903544.0,39798624395.0
2024-05-22,78863114377.0,41381411382.0,2401903544.0,38979507838.0
2024-05-23,78437791699.0,41259875137.0,2401903544.0,38857971593.0
2024-05-24,76972635541.0,41068515657.0,2401903544.0,38666612113.0
2024-05-25,78152411428.0,41082787732.0,2401903544.0,38680884188.0
2024-05-26,78593815685.0,41059571782.0,2401903544.0,38657668238.0
2024-05-27,78002283611.0,40861365725.0,2401903544.0,38459462181.0
2024-05-28,80271765191.0,41180753201.0,2401903544.0,38778849657.0
2024-05-29,78962536393.0,40692014468.0,2401903544.0,38290110924.0
2024-05-30,78189158184.0,40606290249.0,2401903544.0,38204386705.0
2024-05-31,78821594826.0,40533458741.0,2401903544.0,38131555197.0
2024-06-01,77886637727.0,40518122001.0,2401903544.0,38116218457.0
2024-06-02,78253462967.0,40574468758.0,2401903544.0,38172565214.0
2024-06-03,78231572824.0,40470082800.0,2401903544.0,38068179256.0
2024-06-04,79297376095.0,40710872937.0,2401903544.0,38308969393.0
2024-06-05,80852859289.0,40511288837.0,2401903544.0,38109385293.0
2024-06-06,81111828489.0,40509784552.0,2401903544.0,38107881008.0
2024-06-07,80678379882.0,40965445568.0,2401903544.0,38563542024.0
2024-06-08,78692298982.0,41337009223.0,2401903544.0,38935105679.0
2024-06-09,79300312163.0,41305572193.0,2401903544.0,38903668649.0
2024-06-10,79747707044.0,41179707396.0,2401903544.0,38777803852.0
2024-06-11,79580240241.0,41035405630.0,2401903544.0,38633502086.0
2024-06-12,77091027734.0,40778554356.0,2401903544.0,38376650812.0
2024-06-13,78339462613.0,41105621845.0,2401903544.0,38703718301.0
2024-06-14,76431925950.0,41249997650.0,2401903544.0,38848094106.0
2024-06-15,75612769934.0,40875353222.0,2401903544.0,38473449678.0
2024-06-16,76072091573.0,40902806998.0,2401903544.0,38500903454.0
2024-06-17,76742701748.0,40809888486.0,2401903544.0,38407984942.0
2024-06-18,76754419694.0,40832027933.0,2401903544.0,38430124389.0
2024-06-19,75169604125.0,40959977096.0,2401903544.0,38558073552.0
2024-06-20,74970100461.0,40874212661.0,2401903544.0,38472309117.0
2024-06-21,74788209202.0,40747803472.0,2401903544.0,38345899928.0
2024-06-22,73547877995.0,40532196340.0,2401903544.0,38130292796.0
2024-06-23,73841233296.0,40533290969.0,2401903544.0,38131387425.0
2024-06-24,73189236353.0,40413153831.0,2401903544.0,38011250287.0
2024-06-25,69418062465.0,40209120115.0,2401903544.0,37807216571.0
2024-06-26,71447681898.0,40079559124.0,2401903544.0,37677655580.0
2024-06-27,70238892014.0,39931670559.0,2401903544.0,37529767015.0
2024-06-28,71565912096.0,39531486309.0,2401903544.0,37129582765.0
2024-06-29,70270018190.0,39406827092.0,2401903544.0,37004923548.0
2024-06-30,70949881125.0,39396145201.0,2401903544.0,36994241657.0
2024-07-01,73092830977.0,39463048374.0,2401903544.0,37061144830.0
2024-07-02,73728899077.0,39173145017.0,2401903544.0,36771241473.0
2024-07-03,72563596057.0,38852812309.0,2401903544.0,36450908765.0
2024-07-04,70668810809.0,38798934551.0,2401903544.0,36397031007.0
2024-07-05,68882498117.0,39133777481.0,2401903544.0,36731873937.0
2024-07-06,66689160889.0,39663931775.0,2401903544.0,37262028231.0
2024-07-07,67671323699.0,39822940656.0,2401903544.0,37421037112.0
2024-07-08,66185662998.0,39810368273.0,2401903544.0,37408464729.0
2024-07-09,66502942765.0,39599669795.0,2401903544.0,37197766251.0
2024-07-10,67918986043.0,39692691875.0,2401903590.0,37290788285.0
2024-07-11,67514597480.0,39654363921.0,2401903590.0,37252460331.0
2024-07-12,67695601114.0,39629730605.0,2401903590.0,37227827015.0
2024-07-13,68777993516.0,39596810544.0,2401903590.0,37194906954.0
2024-07-14,69022160813.0,39550204229.0,2401903590.0,37148300639.0
2024-07-15,71941367446.0,39632763736.0,2401903590.0,37230860146.0
2024-07-16,74685245978.0,39827416234.0,2401903590.0,37425512644.0
2024-07-17,75803197288.0,39678699211.0,2401903590.0,37276795621.0
2024-07-18,75598685743.0,40141847721.0,2401903590.0,37739944131.0
2024-07-19,75310521715.0,40029007470.0,2401903590.0,37627103880.0
2024-07-20,78127228762.0,40053624885.0,2401903590.0,37651721295.0
2024-07-21,78443720492.0,40044388310.0,2401903590.0,37642484720.0
2024-07-22,79536571060.0,39878813468.0,2401903590.0,37476909878.0
2024-07-23,78918451664.0,39884109794.0,2401903590.0,37482206204.0
2024-07-24,77161662116.0,39851425803.0,2401903590.0,37449522213.0
2024-07-25,76873624127.0,39675296885.0,2401903590.0,37273393295.0
2024-07-26,78043283426.0,39394299435.0,2401903590.0,36992395845.0
2024-07-27,80365310615.0,39606481523.0,2401903590.0,37204577933.0
2024-07-28,85094446578.0,39600557379.0,2401903590.0,37198653789.0
2024-07-29,84427674175.0,39559079659.0,2401903590.0,37157176069.0
2024-07-30,83138398869.0,39027243880.0,2401903590.0,36625340290.0
2024-07-31,81635180338.0,38632426190.0,2401903590.0,36230522600.0
2024-08-01,80027651735.0,38465327552.0,2401903590.0,36063423962.0
2024-08-02,79899894819.0,38324762128.0,2401903590.0,35922858538.0
2024-08-03,76364549820.0,37793350121.0,2401903590.0,35391446531.0
2024-08-04,74779007077.0,38218542085.0,2401903590.0,35816638495.0
2024-08-05,71854173696.0,38314872005.0,2401903590.0,35912968415.0
2024-08-06,67835082093.0,39376545260.0,2401903590.0,36974641670.0
2024-08-07,69824190942.0,40603573502.0,2401903590.0,38201669912.0
2024-08-08,67661700563.0,40901936753.0,2401903590.0,38500033163.0
2024-08-09,74609923468.0,41659418409.0,2401903590.0,39257514819.0
2024-08-10,74871927275.0,41582240310.0,2401903590.0,39180336720.0
2024-08-11,75091248903.0,41439375039.0,2401903590.0,39037471449.0
2024-08-12,72558579072.0,41435562578.0,2401903590.0,39033658988.0
2024-08-13,72764240667.0,41373580304.0,2401903590.0,38971676714.0
2024-08-14,75086759162.0,41403278356.0,2401903590.0,39001374766.0
2024-08-15,72222061543.0,41610594016.0,2401903590.0,39208690426.0
2024-08-16,70420516844.0,41633772673.0,2401903590.0,39231869083.0
2024-08-17,72277774994.0,42091323588.0,2401903590.0,39689419998.0
2024-08-18,72834889983.0,42033424885.0,2401903590.0,39631521295.0
2024-08-19,73231777762.0,42000252108.0,2401903590.0,39598348518.0
2024-08-20,72820091136.0,41768012018.0,2401903590.0,39366108428.0
2024-08-21,72959011223.0,41786728657.0,2401903590.0,39384825067.0
2024-08-22,75241846451.0,41857475042.0,2401903590.0,39455571452.0
2024-08-23,74326682214.0,41972586815.0,2401903590.0,39570683225.0
2024-08-24,78795270579.0,42215000756.0,2401903590.0,39813097166.0
2024-08-25,77977235451.0,42369474712.0,2401903590.0,39967571122.0
2024-08-26,78920587275.0,42254497845.0,2401903590.0,39852594255.0
2024-08-27,77233879794.0,41878195652.0,2401903590.0,39476292062.0
2024-08-28,72363235978.0,41452584418.0,2401903590.0,39050680828.0
2024-08-29,72145516923.0,42452787900.0,2401903590.0,40050884310.0
2024-08-30,72224291365.0,42423778745.0,2401903590.0,40021875155.0
2024-08-31,72300592162.0,42099958953.0,2401903590.0,39698055363.0
2024-09-01,72308759165.0,41859279294.0,2401903590.0,39457375704.0
2024-09-02,70384863665.0,41951499931.0,2401903590.0,39549596341.0
2024-09-03,72480967584.0,41895572122.0,2401903590.0,39493668532.0
2024-09-04,70919083459.0,41427683722.0,2401903590.0,39025780132.0
2024-09-05,71122133163.0,41551754718.0,2401903590.0,39149851128.0
2024-09-06,68899541929.0,41379020883.0,2401903590.0,38977117293.0
2024-09-07,66098732836.0,41222284678.0,2401903590.0,38820381088.0
2024-09-08,66441171205.0,41425629089.0,2401903590.0,39023725499.0
2024-09-09,68341720808.0,41469920569.0,2401903590.0,39068016979.0
2024-09-10,70958366878.0,41644589292.0,2401903590.0,39242685702.0
2024-09-11,70977496797.0,42088280903.0,2401903590.0,39686377313.0
2024-09-12,70738963036.0,42224611745.0,2401903590.0,39822708155.0
2024-09-13,71231186094.0,41940539988.0,2401903590.0,39538636398.0
2024-09-14,73783408284.0,41965970794.0,2401903590.0,39564067204.0
2024-09-15,73052705392.0,42067215068.0,2401903590.0,39665311478.0
2024-09-16,72385320049.0,42063559770.0,2401903590.0,39661656180.0
2024-09-17,70683453027.0,42119865181.0,2401903590.0,39717961591.0
2024-09-18,73340044497.0,42176032310.0,2401903590.0,39774128720.0
2024-09-19,73989162734.0,42142005276.0,2401903590.0,39740101686.0
2024-09-20,75741592465.0,41714388874.0,2401903590.0,39312485284.0
2024-09-21,76454137714.0,41621828502.0,2401903590.0,39219924912.0
2024-09-22,76472189251.0,41522840925.0,2401903590.0,39120937335.0
2024-09-23,76095416828.0,41556206713.0,2401903590.0,39154303123.0
2024-09-24,76802720511.0,41467864517.0,2401903590.0,39065960927.0
2024-09-25,77764069109.0,41273488368.0,2401903590.0,38871584778.0
2024-09-26,76467501612.0,41367853734.0,2401903590.0,38965950144.0
2024-09-27,78531342217.0,40983568487.0,2401903590.0,38581664897.0
2024-09-28,79060980644.0,41065261570.0,2401903590.0,38663357980.0
2024-09-29,78684547748.0,41076136616.0,2401903590.0,38674233026.0
2024-09-30,78925550645.0,40620438613.0,2401903590.0,38218535023.0
2024-10-01,76520900003.0,40210640072.0,2401903590.0,37808736482.0
2024-10-02,73576856196.0,39994541242.0,2401903590.0,37592637652.0
2024-10-03,73049081517.0,40019275079.0,2401903590.0,37617371489.0
2024-10-04,73537859738.0,40039910005.0,2401903590.0,37638006415.0
2024-10-05,75329326508.0,40236169879.0,2401903590.0,37834266289.0
2024-10-06,74723822924.0,40324944756.0,2401903590.0,37923041166.0
2024-10-07,75419718722.0,40283008380.0,2401903590.0,37881104790.0
2024-10-08,75676513852.0,40455818036.0,2401903590.0,38053914446.0
2024-10-09,74554358645.0,40628019648.0,2401903590.0,38226116058.0
2024-10-10,72961303112.0,40582744164.0,2401903590.0,38180840574.0
2024-10-11,72218639867.0,40710951878.0,2401903590.0,38309048288.0
2024-10-12,75251892446.0,40796629818.0,2401903590.0,38394726228.0
2024-10-13,75619527261.0,40734183068.0,2401903590.0,38332279478.0
2024-10-14,75173653965.0,40662914970.0,2401903590.0,38261011380.0
2024-10-15,78883211996.0,40485564299.0,2401903590.0,38083660709.0
2024-10-16,79634041518.0,40187421187.0,2701903590.0,37485517597.0
2024-10-17,81253263433.0,39833018178.0,2701903590.0,37131114588.0
2024-10-18,80643779377.0,39251079242.0,2701903590.0,36549175652.0
2024-10-19,81611603749.0,39301685752.0,2701903590.0,36599782162.0
2024-10-20,81504818736.0,39212881872.0,2701903590.0,36510978282.0
2024-10-21,82571753962.0,39080488786.0,2701903590.0,36378585196.0
2024-10-22,81021567651.0,39034962222.0,2701903590.0,36333058632.0
2024-10-23,80943620365.0,38775545895.0,2701903590.0,36073642305.0
2024-10-24,79754090026.0,38420845968.0,2701903590.0,35718942378.0
2024-10-25,82058401935.0,38340042137.0,2701903590.0,35638138547.0
2024-10-26,80266447773.0,38468975225.0,2701903590.0,35767071635.0
2024-10-27,80267431817.0,38702523522.0,2701903590.0,36000619932.0
2024-10-28,81471310514.0,38704087532.0,2701903590.0,36002183942.0
2024-10-29,83654892685.0,38474339860.0,2701903590.0,35772436270.0
2024-10-30,86918695315.0,38617825268.0,2701903590.0,35915921678.0
2024-10-31,86621527353.0,38611453494.0,2701903590.0,35909549904.0
2024-11-01,84306847253.0,38287392445.0,2701903590.0,35585488855.0
2024-11-02,83442918418.0,38526552619.0,2701903590.0,35824649029.0
2024-11-03,83008376655.0,38387284710.0,2701903590.0,35685381120.0
2024-11-04,82646169236.0,38471015463.0,2701903590.0,35769111873.0
2024-11-05,81838997382.0,38431498441.0,2701903590.0,35729594851.0
2024-11-06,83840390388.0,38452231519.0,2701903590.0,35750327929.0
2024-11-07,90659346242.0,39551351174.0,2701903590.0,36849447584.0
2024-11-08,90558154221.0,39907215036.0,2701903590.0,37205311446.0
2024-11-09,90231177102.0,40692450855.0,2701903590.0,37990547265.0
2024-11-10,90703790190.0,40562654626.0,2701903590.0,37860751036.0
2024-11-11,95290352788.0,40400925137.0,2701903590.0,37699021547.0
2024-11-12,104370646169.0,39729899851.0,2701903590.0,37027996261.0
2024-11-13,104646143811.0,42508787993.0,2701903590.0,39806884403.0
2024-11-14,106189538135.0,43056423684.0,2701903590.0,40354520094.0
2024-11-15,103677706776.0,42814211543.0,2701903590.0,40112307953.0
2024-11-16,107381309715.0,43988644694.0,2701903590.0,41286741104.0
2024-11-17,106859190045.0,44099629408.0,2701903590.0,41397725818.0
2024-11-18,106151068186.0,44009367635.0,2701903590.0,41307464045.0
2024-11-19,107878923458.0,43876027779.0,2701903590.0,41174124189.0
2024-11-20,108192986392.0,44442008471.0,3001903590.0,41440104881.0
2024-11-21,109204442789.0,45279167072.0,3001903590.0,42277263482.0
2024-11-22,114118596689.0,44666151539.0,3001903590.0,41664247949.0
2024-11-23,113852374991.0,45522243636.0,3001903590.0,42520340046.0
2024-11-24,112618067911.0,46199949764.0,3001903590.0,43198046174.0
2024-11-25,112848996423.0,46028502826.0,3301903590.0,42726599236.0
2024-11-26,107655889820.0,45169086993.0,3301903590.0,41867183403.0
2024-11-27,106139872178.0,45245580893.0,3301903590.0,41943677303.0
2024-11-28,110504828329.0,45799973808.0,3301903590.0,42498070218.0
2024-11-29,109854869454.0,45542006422.0,3301903590.0,42240102832.0
2024-11-30,111442882520.0,46106361619.0,3301903590.0,42804458029.0
2024-12-01,110494065122.0,45853049734.0,3301903590.0,42551146144.0
2024-12-02,112043505384.0,45872120085.0,3301903590.0,42570216495.0
2024-12-03,110028631570.0,46191681308.0,5466901213.0,40724780095.0
2024-12-04,110753114775.0,46720644822.0,5766901213.0,40953743609.0
2024-12-05,113716497971.0,47205224109.0,5866901213.0,41338322896.0
2024-12-06,111361223500.0,47199738617.0,5866901213.0,41332837404.0
2024-12-07,111907208460.0,47226561294.0,5916901213.0,41309660081.0
2024-12-08,115071006292.0,47819721648.0,5916901213.0,41902820435.0
2024-12-09,116523652568.0,47805558991.0,5916901213.0,41888657778.0
2024-12-10,112762499538.0,47951163675.0,5916901213.0,42034262462.0
2024-12-11,112361707522.0,48872427676.0,5916901213.0,42955526463.0
2024-12-12,117034195246.0,49781867401.0,5916901213.0,43864966188.0
2024-12-13,115231089784.0,49448473816.0,5916901213.0,43531572603.0
2024-12-14,115926633380.0,50043688336.0,5916901213.0,44126787123.0
2024-12-15,115745136513.0,49800014872.0,5916901213.0,43883113659.0
2024-12-16,118397176148.0,49565321721.0,5916901213.0,43648420508.0
2024-12-17,120045643380.0,48975420159.0,5916901213.0,43058518946.0
2024-12-18,119963329835.0,48859660582.0,5916901213.0,42942759369.0
2024-12-19,114107051540.0,48625870142.0,5916901213.0,42708968929.0
2024-12-20,111017488550.0,48687316486.0,5916901213.0,42770415273.0
2024-12-21,111127222933.0,48538238406.0,5916901213.0,42621337193.0
2024-12-22,110857477554.0,49470305794.0,5916901213.0,43553404581.0
2024-12-23,109165664206.0,49288196420.0,5916901213.0,43371295207.0
2024-12-24,109082139036.0,49001040091.0,5916901213.0,43084138878.0
2024-12-25,113086924983.0,48830539117.0,5916901213.0,42913637904.0
2024-12-26,113701376972.0,48854825424.0,5916901213.0,42937924211.0
2024-12-27,109717246035.0,48903094619.0,5916901213.0,42986193406.0
2024-12-28,108271892784.0,48915546533.0,5916901213.0,42998645320.0
2024-12-29,109344753260.0,48674111710.0,5916901213.0,42757210497.0
2024-12-30,106756728385.0,48597801031.0,5916901213.0,42680899818.0
2024-12-31,105742517518.0,48077356240.0,5916901213.0,42160455027.0
2025-01-01,106348986236.0,47629665186.0,5916901213.0,41712763973.0
2025-01-02,107847403798.0,47325081611.0,5916901213.0,41408180398.0
2025-01-03,110521244182.0,47361840969.0,5916901213.0,41444939756.0
2025-01-04,111678051399.0,47667500612.0,5916901213.0,41750599399.0
2025-01-05,111850542065.0,47660493444.0,5916901213.0,41743592231.0
2025-01-06,112155695215.0,47439033081.0,5916901213.0,41522131868.0
2025-01-07,115718206872.0,47556001907.0,5916901213.0,41639100694.0
2025-01-08,109707338019.0,48046054981.0,5916901213.0,42129153768.0
2025-01-09,107370909942.0,47747835118.0,5916901213.0,41830933905.0
2025-01-10,104345775685.0,47550111911.0,5916901213.0,41633210698.0
2025-01-11,106521957325.0,47626299793.0,5916901213.0,41709398580.0
2025-01-12,106076701458.0,47551846124.0,5916901213.0,41634944911.0
2025-01-13,105393869563.0,47379411911.0,5916901213.0,41462510698.0
2025-01-14,105837518184.0,47459679274.0,5916901213.0,41542778061.0
2025-01-15,108252013607.0,47353069711.0,5916901213.0,41436168498.0
2025-01-16,111971913283.0,47483349907.0,5916901213.0,41566448694.0
2025-01-17,112206503193.0,47494940824.0,5916901213.0,41578039611.0
2025-01-18,116478277974.0,48032915775.0,5916901213.0,42116014562.0
2025-01-19,116540175340.0,47809705813.0,5916901213.0,41892804600.0
2025-01-20,113403523347.0,47741077267.0,5916901213.0,41824176054.0
2025-01-21,114480151647.0,48442437903.0,5916901213.0,42525536690.0
2025-01-22,117971187337.0,48817535696.0,5916901213.0,42900634483.0
2025-01-23,115951571121.0,48929454847.0,5916901213.0,43012553634.0
2025-01-24,116111208124.0,49723531224.0,5916901213.0,43806630011.0
2025-01-25,116542832643.0,49887974120.0,5916901213.0,43971072907.0
2025-01-26,116821573414.0,49425068055.0,5916901213.0,43508166842.0
2025-01-27,114569598840.0,49064753757.0,5916901213.0,43147852544.0
2025-01-28,113204643346.0,49941882743.0,5916901213.0,44024981530.0
2025-01-29,112450575712.0,49279184878.0,5916901213.0,43362283665.0
2025-01-30,115616487123.0,48905777203.0,5916901213.0,42988875990.0
2025-01-31,116344900415.0,48820264762.0,5916901213.0,42903363549.0
2025-02-01,113310079121.0,48716692572.0,5916901213.0,42799791359.0
2025-02-02,111675900218.0,48675273331.0,5916901213.0,42758372118.0
2025-02-03,106721230299.0,49170083803.0,5916901213.0,43253182590.0
2025-02-04,112387768567.0,52984561636.0,5916901213.0,47067660423.0
2025-02-05,108256982670.0,53474937445.0,5916901213.0,47558036232.0
2025-02-06,106444015899.0,53283111425.0,5916901213.0,47366210212.0
2025-02-07,106405465063.0,53359758484.0,5916901213.0,47442857271.0
2025-02-08,106358859551.0,53054435950.0,5916901213.0,47137534737.0
2025-02-09,106104651695.0,52711687878.0,5916901213.0,46794786665.0
2025-02-10,106692513612.0,52675429891.0,5916901213.0,46758528678.0
2025-02-11,107589933267.0,52497719665.0,5916901213.0,46580818452.0
2025-02-12,105872586685.0,52075357515.0,5916901213.0,46158456302.0
2025-02-13,108325214010.0,51865472039.0,5916901213.0,45948570826.0
2025-02-14,107324986386.0,51997389925.0,5916901213.0,46080488712.0
2025-02-15,108154678764.0,51414298765.0,5916901213.0,45497397552.0
2025-02-16,108229209055.0,51543608849.0,5916901213.0,45626707636.0
2025-02-17,106659078843.0,51798285419.0,5916901213.0,45881384206.0
2025-02-18,106008701858.0,52013610467.0,5916901213.0,46096709254.0
2025-02-19,106065924420.0,51728104951.0,5916901213.0,45811203738.0
2025-02-20,107427299842.0,52139197320.0,5916901213.0,46222296107.0
2025-02-21,109054419463.0,52295209625.0,5916901213.0,46378308412.0
2025-02-22,106001281011.0,52175362621.0,5916901213.0,46258461408.0
2025-02-23,105998066745.0,51533647404.0,5916901213.0,45616746191.0
2025-02-24,105258376075.0,51052285245.0,5916901213.0,45135384032.0
2025-02-25,100802590549.0,51319960406.0,5916901213.0,45403059193.0
2025-02-26,97889721777.0,52061655201.0,5916901213.0,46144753988.0
2025-02-27,93317892912.0,52659038065.0,5916901213.0,46742136852.0
2025-02-28,93952928341.0,52257558984.0,5916901213.0,46340657771.0
2025-03-01,93480918029.0,52502407812.0,5916901213.0,46585506599.0
2025-03-02,95160243882.0,52662292333.0,5916901213.0,46745391120.0
2025-03-03,103253172280.0,53481579009.0,5916901213.0,47564677796.0
2025-03-04,95094251192.0,52851654628.0,5916901218.0,46934753410.0
2025-03-05,96315510450.0,53384604213.0,5916901218.0,47467702995.0
2025-03-06,100104358458.0,53423595188.0,5916901218.0,47506693970.0
2025-03-07,99303641686.0,53235038108.0,5916901218.0,47318136890.0
2025-03-08,96458810684.0,52714853835.0,5916901218.0,46797952617.0
2025-03-09,96057244439.0,52687036664.0,5916901218.0,46770135446.0
2025-03-10,90339324561.0,53023613220.0,5916901218.0,47106712002.0
2025-03-11,87984547167.0,53055311108.0,5916901218.0,47138409890.0
2025-03-12,92619746852.0,52856383228.0,5916901218.0,46939482010.0
2025-03-13,93692002163.0,52697058922.0,5916901218.0,46780157704.0
2025-03-14,91249067723.0,52052741157.0,5916901218.0,46135839939.0
2025-03-15,94375293165.0,51919071382.0,5916901218.0,46002170164.0
2025-03-16,94741511094.0,51988555644.0,5966901218.0,46021654426.0
2025-03-17,93007792444.0,51973292454.0,5966901218.0,46006391236.0
2025-03-18,94427091715.0,51929980747.0,5966901218.0,45963079529.0
2025-03-19,93614355456.0,51759149211.0,5966901218.0,45792247993.0
2025-03-20,97235275141.0,54733575109.0,5966901218.0,48766673891.0
2025-03-21,95099580553.0,55034541719.0,5966901218.0,49067640501.0
2025-03-22,94584350283.0,54720364795.0,5966901218.0,48753463577.0
2025-03-23,94295599170.0,54560712768.0,5966901218.0,48593811550.0
2025-03-24,96947207624.0,53842961589.0,5966901218.0,47876060371.0
2025-03-25,97536100214.0,53818215309.0,5966901218.0,47851314091.0
2025-03-26,95361573968.0,54363101944.0,5966901218.0,48396200726.0
2025-03-27,95318427366.0,54038803477.0,5966901218.0,48071902259.0
2025-03-28,94948793570.0,54792662036.0,5966901218.0,48825760818.0
2025-03-29,92642091891.0,54896127967.0,5966901218.0,48929226749.0
2025-03-30,90850615203.0,54984676689.0,5966901218.0,49017775471.0
2025-03-31,90226086675.0,55704352791.0,6066901218.0,49637451573.0
2025-04-01,90715626415.0,53322864903.0,6066901218.0,47255963685.0
2025-04-02,93352981405.0,54909854731.0,6066901218.0,48842953513.0
2025-04-03,90512763462.0,55269266687.0,6066901218.0,49202365469.0
2025-04-04,91832630079.0,54707419265.0,6066901218.0,48640518047.0
2025-04-05,92531426403.0,54383150585.0,6066901218.0,48316249367.0
2025-04-06,92427395506.0,54044386621.0,6066901218.0,47977485403.0
2025-04-07,86438966498.0,54048800422.0,6066901218.0,47981899204.0
2025-04-08,88323525798.0,54392772859.0,6066901218.0,48325871641.0
2025-04-09,85530307161.0,54234791716.0,6066901218.0,48167890498.0
2025-04-10,91816798245.0,54625127714.0,6066901218.0,48558226496.0
2025-04-11,88695545795.0,55139978932.0,6066901218.0,49073077714.0
2025-04-12,92852773541.0,55741045105.0,6066901218.0,49674143887.0
2025-04-13,95352299916.0,56251401268.0,6066901218.0,50184500050.0
2025-04-14,93764358363.0,55921097777.0,6066901218.0,49854196559.0
2025-04-15,94238827076.0,55318146301.0,6066901218.0,49251245083.0
2025-04-16,93055215426.0,54994307403.0,6066901218.0,48927406185.0
2025-04-17,93351331707.0,54931499754.0,6066901218.0,48864598536.0
2025-04-18,93985917485.0,55054253099.0,6066901218.0,48987351881.0
2025-04-19,93280501739.0,55172429382.0,6066901218.0,49105528164.0
2025-04-20,93997470552.0,54940395800.0,6066901218.0,48873494582.0
2025-04-21,95258191895.0,54858764517.0,6066901218.0,48791863299.0
2025-04-22,96208104985.0,55922829530.0,6066901218.0,49855928312.0
2025-04-23,101989739068.0,56656105088.0,6066901218.0,50589203870.0
2025-04-24,101543920176.0,56054918047.0,6066901218.0,49988016829.0
2025-04-25,101788736466.0,55527560959.0,6066901218.0,49460659741.0
2025-04-26,99802111677.0,56148791812.0,6116901218.0,50031890594.0
2025-04-27,99900724134.0,56222225902.0,6116901218.0,50105324684.0
2025-04-28,98814205096.0,55876534042.0,6116901218.0,49759632824.0
2025-04-29,102736695721.0,55604030517.0,6116901218.0,49487129299.0
2025-04-30,101877365716.0,55559118636.0,6116901218.0,49442217418.0
2025-05-01,101863469337.0,55495289298.0,6116901218.0,49378388080.0
2025-05-02,104302217559.0,55872313643.0,6116901218.0,49755412425.0
2025-05-03,104035364648.0,56077047257.0,6116901218.0,49960146039.0
2025-05-04,103110052700.0,55987201234.0,6116901218.0,49870300016.0
2025-05-05,101307365625.0,55691977887.0,6116901218.0,49575076669.0
2025-05-06,102261066789.0,56403567018.0,6116901218.0,50286665800.0
2025-05-07,105175350030.0,56450992255.0,6116901218.0,50334091037.0
2025-05-08,105605447027.0,56764218767.0,6116901218.0,50647317549.0
2025-05-09,111536768720.0,55905664235.0,6116901218.0,49788763017.0
2025-05-10,111445872307.0,55151721307.0,6116901218.0,49034820089.0
2025-05-11,113281647150.0,54780418883.0,6116901218.0,48663517665.0
2025-05-12,113210127805.0,54796468635.0,6416901218.0,48379567417.0
2025-05-13,110821945110.0,54520124674.0,6416901218.0,48103223456.0
2025-05-14,112187116645.0,54841421407.0,6416901218.0,48424520189.0
2025-05-15,111413176916.0,56060569687.0,6416901218.0,49643668469.0
2025-05-16,111644109128.0,56170801603.0,6916901218.0,49253900385.0
2025-05-17,111297197715.0,56516697417.0,6916901218.0,49599796199.0
2025-05-18,110962319236.0,56609810622.0,6916901218.0,49692909404.0
2025-05-19,114120262981.0,56081088612.0,6916352698.0,49164735914.0
2025-05-20,112803693871.0,56087236935.0,6916352698.0,49170884237.0
2025-05-21,113836016738.0,56066291562.0,6916352698.0,49149938864.0
2025-05-22,116364696475.0,56399797239.0,6916352698.0,49483444541.0
2025-05-23,118617346552.0,55790458687.0,6916352698.0,48874105989.0
2025-05-24,113632916472.0,56283110715.0,6916352698.0,49366758017.0
2025-05-25,113680290297.0,56242329844.0,6916352698.0,49325977146.0
2025-05-26,114948184262.0,56139475635.0,6916352698.0,49223122937.0
2025-05-27,115227492670.0,55540171862.0,7016352698.0,48523819164.0
2025-05-28,115049027934.0,55549914662.0,7016352698.0,48533561964.0
2025-05-29,113399863168.0,54997981671.0,7016352698.0,47981628973.0
2025-05-30,112396316724.0,54312967493.0,7016352698.0,47296614795.0
2025-05-31,110315697263.0,54383065598.0,7016352698.0,47366712900.0
2025-06-01,111206271417.0,54385399417.0,7016352698.0,47369046719.0
2025-06-02,112198718361.0,54761957546.0,7016352698.0,47745604848.0
2025-06-03,112069881673.0,55149850738.0,7016352698.0,48133498040.0
2025-06-04,110164901806.0,55320248625.0,7016352698.0,48303895927.0
2025-06-05,109578632064.0,55382118423.0,7016352698.0,48365765725.0
2025-06-06,106134380934.0,55167369152.0,7016352698.0,48151016454.0
2025-06-07,108691540264.0,55658279912.0,7016352698.0,48641927214.0
2025-06-08,109958104765.0,55628091215.0,7016352698.0,48611738517.0
2025-06-09,110090592041.0,55536406149.0,7016352698.0,48520053451.0
2025-06-10,114668476727.0,56212370503.0,7016352698.0,49196017805.0
2025-06-11,114765674957.0,55523990090.0,7016352698.0,48507637392.0
2025-06-12,113365346236.0,55292939027.0,7016352698.0,48276586329.0
2025-06-13,108890731703.0,55100210119.0,7016352698.0,48083857421.0
2025-06-14,110488663534.0,55860047257.0,7016352698.0,48843694559.0
2025-06-15,110115649199.0,55674617148.0,7016352698.0,48658264450.0
2025-06-16,110182416150.0,55729567309.0,7316352698.0,48413214611.0
2025-06-17,111150971238.0,55785366407.0,7316352698.0,48469013709.0
2025-06-18,108697271039.0,55422318951.0,7316352698.0,48105966253.0
2025-06-19,109032187227.0,55881400885.0,7316352698.0,48565048187.0
2025-06-20,108972788539.0,55937541737.0,7316352698.0,48621189039.0
2025-06-21,107526330793.0,55611130397.0,7316352698.0,48294777699.0
2025-06-22,106571326237.0,56080947243.0,7316352698.0,48764594545.0
2025-06-23,105615047047.0,57998060321.0,7316352698.0,50681707623.0
2025-06-24,109828711673.0,57601511251.0,7316352698.0,50285158553.0
2025-06-25,110422528294.0,57635690339.0,7316352698.0,50319337641.0
2025-06-26,111904622876.0,57590385871.0,7316352698.0,50274033173.0
2025-06-27,111322854424.0,57783239991.0,7316352698.0,50466887293.0
2025-06-28,111159629684.0,57249301606.0,7316352698.0,49932948908.0
2025-06-29,111533214269.0,57078318182.0,7316352698.0,49761965484.0
2025-06-30,112734366892.0,56894079466.0,7316352698.0,49577726768.0
2025-07-01,111059226750.0,55996759544.0,7316352698.0,48680406846.0
2025-07-02,109359340137.0,55744520513.0,7316352698.0,48428167815.0
2025-07-03,112938675041.0,56101745577.0,7316352698.0,48785392879.0
2025-07-04,113388862448.0,56216711780.0,7316352698.0,48900359082.0
2025-07-05,112026978762.0,55988329137.0,7316352698.0,48671976439.0
2025-07-06,112099084131.0,56072775783.0,7316352698.0,48756423085.0
2025-07-07,112808579575.0,56010202196.0,7316352698.0,48693849498.0
2025-07-08,112191950159.0,55460172220.0,7316352698.0,48143819522.0
2025-07-09,112573172847.0,55441500355.0,7316352698.0,48125147657.0
2025-07-10,114863890840.0,55795879646.0,7316352698.0,48479526948.0
2025-07-11,119173200055.0,55872791495.0,7316352698.0,48556438797.0
2025-07-12,122090110489.0,55683184075.0,7316352698.0,48366831377.0
2025-07-13,121061765365.0,56083431652.0,7316352698.0,48767078954.0
2025-07-14,123203897332.0,55983986032.0,7816352698.0,48167633334.0
2025-07-15,124257234943.0,55615984969.0,7816352698.0,47799632271.0
2025-07-16,123097576443.0,54650900171.0,7816352698.0,46834547473.0
2025-07-17,125080270819.0,55902780851.0,7816352698.0,48086428153.0
2025-07-18,125830162220.0,55860166004.0,7816352698.0,48043813306.0
2025-07-19,124685144091.0,56695657434.0,7816352698.0,48879304736.0
2025-07-20,124146587315.0,56247681839.0,7816352698.0,48431329141.0
2025-07-21,124281445383.0,55565557195.0,7816352698.0,47749204497.0
2025-07-22,122812517053.0,55809676952.0,7816352698.0,47993324254.0
2025-07-23,125140178046.0,55685770673.0,7816352698.0,47869417975.0
2025-07-24,124171697796.0,55879813923.0,7816352698.0,48063461225.0
2025-07-25,121832885991.0,55341692837.0,7816352698.0,47525340139.0
2025-07-26,124403751681.0,55542863927.0,7816352698.0,47726511229.0
2025-07-27,124491586947.0,55844307065.0,7816352698.0,48027954367.0
2025-07-28,125829303215.0,55532019530.0,7816352698.0,47715666832.0
2025-07-29,124775873950.0,54712803300.0,7816352698.0,46896450602.0
2025-07-30,124543081781.0,54792548235.0,7816352698.0,46976195537.0
2025-07-31,124515877441.0,55135565601.0,7816352698.0,47319212903.0
2025-08-01,122033134455.0,55168001968.0,7816352698.0,47351649270.0
2025-08-02,120050710755.0,55355722194.0,7816352698.0,47539369496.0
2025-08-03,119266129747.0,55285097834.0,7816352698.0,47468745136.0
2025-08-04,120989466172.0,55533414121.0,7816352698.0,47717061423.0
2025-08-05,121931747016.0,55264554111.0,7816352698.0,47448201413.0
2025-08-06,120947099861.0,55471859362.0,7816352698.0,47655506664.0
2025-08-07,121999106389.0,55561152686.0,7816352698.0,47744799988.0
2025-08-08,124427960262.0,56518774014.0,7816352698.0,48702421316.0
2025-08-09,123424697051.0,56003112786.0,7816352698.0,48186760088.0
2025-08-10,123449283143.0,55875270089.0,7816352698.0,48058917391.0
2025-08-11,126476503560.0,55651607030.0,7816352698.0,47835254332.0
2025-08-12,126961395699.0,55849739256.0,7816352698.0,48033386558.0
2025-08-13,127244236345.0,55998020732.0,7816352698.0,48181668034.0
2025-08-14,131515194611.0,56721365854.0,7816352698.0,48905013156.0
2025-08-15,126018990427.0,57458055695.0,7816352698.0,49641702997.0
2025-08-16,124969646551.0,57996949725.0,7816352698.0,50180597027.0
2025-08-17,124696781635.0,58129447106.0,7816352698.0,50313094408.0
2025-08-18,124403513450.0,57883598126.0,7821352698.0,50062245428.0
2025-08-19,123507349698.0,58423016745.0,7871352698.0,50551664047.0
2025-08-20,120557695455.0,57672209909.0,7871352698.0,49800857211.0
2025-08-21,121726899092.0,57849750620.0,7871352698.0,49978397922.0
2025-08-22,120968356385.0,57587608191.0,7871352698.0,49716255493.0
2025-08-23,125291729022.0,58543448430.0,7871352698.0,50672095732.0
2025-08-24,123847091199.0,57157258287.0,7871352698.0,49285905589.0
2025-08-25,121566033376.0,57148351073.0,7871352698.0,49276998375.0
2025-08-26,118045081078.0,57625286896.0,7871352698.0,49753934198.0
2025-08-27,120687940866.0,58259494487.0,7871352698.0,50388141789.0
2025-08-28,120107190790.0,57959418409.0,7871352698.0,50088065711.0
2025-08-29,120984180903.0,57544244589.0,7871352698.0,49672891891.0
2025-08-30,116115060517.0,57320716898.0,7871352698.0,49449364200.0
2025-08-31,116745848555.0,57770596376.0,7871352698.0,49899243678.0
2025-09-01,116318662284.0,57584151883.0,7871352698.0,49712799185.0
2025-09-02,117529457328.0,57389418458.0,7871352698.0,49518065760.0
2025-09-03,119911488156.0,58170926273.0,7871352698.0,50299573575.0
2025-09-04,120519269783.0,57908718398.0,7871352698.0,50037365700.0
2025-09-05,119891327843.0,58040400987.0,7871352698.0,50169048289.0
2025-09-06,119068976968.0,57763935360.0,7871352698.0,49892582662.0
2025-09-07,118701620856.0,57957972563.0,7871352698.0,50086619865.0
2025-09-08,119428148334.0,56701263738.0,7871352698.0,48829911040.0
2025-09-09,120131790719.0,56703821277.0,7871352698.0,48832468579.0
2025-09-10,119260722546.0,56754861973.0,7871352698.0,48883509275.0
2025-09-11,122500330708.0,56725624862.0,7871352698.0,48854272164.0
2025-09-12,124232815850.0,57227672385.0,7871352698.0,49356319687.0
2025-09-13,124135761914.0,57831813227.0,7871352698.0,49960460529.0
2025-09-14,123867526592.0,57517939241.0,7871352698.0,49646586543.0
2025-09-15,122853622026.0,57444292311.0,7871352698.0,49572939613.0
2025-09-16,122773469247.0,57444441030.0,7871352698.0,49573088332.0
2025-09-17,124312848500.0,58545192074.0,7871352698.0,50673839376.0
2025-09-18,123934709510.0,58201654344.0,7871352698.0,50330301646.0
2025-09-19,124824892277.0,58624945820.0,7871352698.0,50753593122.0
2025-09-20,123015922286.0,58746555140.0,7871352698.0,50875202442.0
2025-09-21,122723232767.0,58304659199.0,8071352698.0,50233306501.0
2025-09-22,121796023313.0,58573388033.0,8071352698.0,50502035335.0
2025-09-23,119253099179.0,60237958451.0,8571352698.0,51666605753.0
2025-09-24,119062239736.0,59979324301.0,8571352698.0,51407971603.0
2025-09-25,120193843523.0,60349429223.0,8571352698.0,51778076525.0
2025-09-26,116030032014.0,60136683417.0,9071352698.0,51065330719.0
2025-09-27,114882992600.0,59479235240.0,9071352698.0,50407882542.0
2025-09-28,114835206978.0,59420466539.0,9071352698.0,50349113841.0
2025-09-29,118765169370.0,59915243929.0,9071352698.0,50843891231.0
2025-09-30,121130263231.0,60229148327.0,9161352698.0,51067795629.0
2025-10-01,119803079590.0,60229520409.0,9161352698.0,51068167711.0
2025-10-02,124189680982.0,60721747590.0,9161352698.0,51560394892.0
2025-10-03,124776816123.0,61247663665.0,9161352698.0,52086310967.0
2025-10-04,127511109966.0,61880511814.0,9161352698.0,52719159116.0
2025-10-05,127711948486.0,61897526897.0,9161352698.0,52736174199.0
2025-10-06,129176920390.0,61298997141.0,9161352698.0,52137644443.0
2025-10-07,129847791157.0,62615246053.0,9661352698.0,52953893355.0
2025-10-08,126302729730.0,63244973259.0,9661352698.0,53583620561.0
2025-10-09,127853814739.0,63354335714.0,9661352698.0,53692983016.0
2025-10-10,125988432114.0,64885702436.0,9661352698.0,55224349738.0
2025-10-11,117204707152.0,64342242754.0,9661352698.0,54680890056.0
2025-10-12,114559698643.0,64607052479.0,9661352698.0,54945699781.0
2025-10-13,119475818050.0,64508760447.0,10161352698.0,54347407749.0
2025-10-14,119193054067.0,64383737682.0,10161352698.0,54222384984.0
2025-10-15,116469016364.0,64506807210.0,10161352698.0,54345454512.0
2025-10-16,113788873677.0,68731639001.0,10161352698.0,58570286303.0
2025-10-17,111521093631.0,68762228155.0,10161352698.0,58600875457.0
2025-10-18,110612824115.0,68682667247.0,10161352698.0,58521314549.0
2025-10-19,110776020692.0,68915603770.0,10161352698.0,58754251072.0
2025-10-20,111853735718.0,68591366704.0,10161352698.0,58430014006.0
2025-10-21,115471962315.0,68108527664.0,10161352698.0,57947174966.0
2025-10-22,112225709457.0,67994392407.0,10161352698.0,57833039709.0
2025-10-23,113412282367.0,65939822577.0,10161352698.0,55778469879.0
2025-10-24,116800702320.0,64836810203.0,10161352698.0,54675457505.0
2025-10-25,117486412902.0,64389242150.0,10161352698.0,54227889452.0
2025-10-26,118324418969.0,64441655431.0,10161352698.0,54280302733.0
2025-10-27,121649305399.0,63668542295.0,10161352698.0,53507189597.0
2025-10-28,121083299630.0,63386663626.0,10161352698.0,53225310928.0
2025-10-29,119711450431.0,63724065577.0,10161352698.0,53562712879.0
2025-10-30,117297850137.0,63595674200.0,10161352698.0,53434321502.0
2025-10-31,115824374549.0,64119488098.0,10161352698.0,53958135400.0
2025-11-01,117435719643.0,67926235599.0,10161352698.0,57764882901.0
2025-11-02,118168171715.0,68333020115.0,10161352698.0,58171667417.0
2025-11-03,118665216804.0,68000856203.0,10161352698.0,57839503505.0
2025-11-04,114023258280.0,67535456426.0,10161352698.0,57374103728.0
2025-11-05,109106295428.0,68066440360.0,10161352698.0,57905087662.0
2025-11-06,111538919002.0,69863462877.0,10311352698.0,59552110179.0
2025-11-07,108893140393.0,69830843907.0,10311352698.0,59519491209.0
2025-11-08,112004684246.0,69140210963.0,10311352698.0,58828858265.0
2025-11-09,110861524669.0,69095551812.0,10311352698.0,58784199114.0
2025-11-10,113941354470.0,68596251332.0,10311352698.0,58284898634.0
2025-11-11,114601282881.0,68884078213.0,10311352698.0,58572725515.0
2025-11-12,111428154888.0,68964749559.0,10311352698.0,58653396861.0
2025-11-13,109376994346.0,68587839653.0,10311352698.0,58276486955.0
2025-11-14,106916554122.0,67812811066.0,10311352698.0,57501458368.0
2025-11-15,102464542549.0,67744368375.0,10311352698.0,57433015677.0
2025-11-16,103442245766.0,68723141279.0,10311352698.0,58411788581.0
2025-11-17,102661003275.0,69209869501.0,10311352698.0,58898516803.0
2025-11-18,101042552885.0,68371886122.0,10311352698.0,58060533424.0
2025-11-19,100014996205.0,67992275883.0,10311352698.0,57680923185.0
2025-11-20,99982168151.0,68089532339.0,10311352698.0,57778179641.0
2025-11-21,95109213692.0,68037048133.0,10311352698.0,57725695435.0
2025-11-22,93834044586.0,68255493469.0,10311352698.0,57944140771.0
2025-11-23,93976326252.0,68700870955.0,10311352698.0,58389518257.0
2025-11-24,95600581230.0,69248128136.0,10311352698.0,58936775438.0
2025-11-25,97035700357.0,69407740878.0,10311352698.0,59096388180.0
2025-11-26,95028899677.0,69342388633.0,10311352698.0,59031035935.0
2025-11-27,98140138746.0,68853737892.0,10311352698.0,58542385194.0
2025-11-28,98827561349.0,68749221810.0,10311352698.0,58437869112.0
2025-11-29,98300095771.0,68876343540.0,10311352698.0,58564990842.0
2025-11-30,98196327392.0,68975575556.0,10311352698.0,58664222858.0
2025-12-01,96696094484.0,78141118621.0,10311352698.0,67829765923.0
2025-12-02,93120054215.0,78651616895.0,10311352698.0,68340264197.0
2025-12-03,98283319399.0,79357724950.0,10311352698.0,69046372252.0
2025-12-04,100101586527.0,79721497526.0,10311352698.0,69410144828.0
2025-12-05,98706014882.0,79490124479.0,10311352698.0,69178771781.0
2025-12-06,95131307729.0,78567882877.0,10311352698.0,68256530179.0
2025-12-07,95157025854.0,78616605734.0,10311352698.0,68305253036.0
2025-12-08,96555746135.0,78605297734.0,10311352698.0,68293945036.0
2025-12-09,96589867400.0,79417722496.0,10311352698.0,69106369798.0
2025-12-10,98498849177.0,79498322122.0,10311352698.0,69186969424.0
2025-12-11,97630793432.0,79468048482.0,10311352698.0,69156695784.0
2025-12-12,98509455536.0,79642088104.0,10311352698.0,69330735406.0
2025-12-13,96244854615.0,79372298698.0,10311352698.0,69060946000.0
2025-12-14,96354726130.0,79561551070.0,10311352698.0,69250198372.0
2025-12-15,94322796115.0,78323649535.0,10311352698.0,68012296837.0
2025-12-16,92347903820.0,78104508508.0,10311352698.0,67793155810.0
2025-12-17,94102799955.0,78035904561.0,10311352698.0,67724551863.0
2025-12-18,92827368834.0,77672598950.0,10311352698.0,67361246252.0
2025-12-19,92513359762.0,77086839768.0,10311352698.0,66775487070.0
2025-12-20,94575054896.0,77515429824.0,10311352698.0,67204077126.0
2025-12-21,94946169359.0,77393798345.0,10311352698.0,67082445647.0
2025-12-22,95351095832.0,77266032077.0,10311352698.0,66954679379.0
2025-12-23,95113494079.0,77238732069.0,10311352698.0,66927379371.0
2025-12-24,93843472554.0,77030917434.0,10311352698.0,66719564736.0
2025-12-25,94217584885.0,77270101366.0,10311352698.0,66958748668.0
2025-12-26,93742865950.0,76780097058.0,10311352698.0,66468744360.0
2025-12-27,94180214814.0,76804804256.0,10311352698.0,66493451558.0
2025-12-28,94670811075.0,76856029984.0,10311352698.0,66544677286.0
2025-12-29,94881791444.0,76503818780.0,10311352698.0,66192466082.0
2025-12-30,94084416456.0,76271784780.0,10311352698.0,65960432082.0
2025-12-31,95096355915.0,77004927824.0,10311352698.0,66693575126.0
2026-01-01,93318444338.0,79119612380.0,10311352698.0,68808259682.0
2026-01-02,94551976262.0,79626858067.0,10311352698.0,69315505369.0
2026-01-03,95621531329.0,79592347316.0,10311352698.0,69280994618.0
2026-01-04,96488708877.0,79049347649.0,10311352698.0,68737994951.0
2026-01-05,97490916012.0,79545713458.0,10311352698.0,69234360760.0
2026-01-06,99316382770.0,79434664272.0,10311352698.0,69123311574.0
2026-01-07,98917116929.0,79062997427.0,10311352698.0,68751644729.0
2026-01-08,96638869041.0,78609418163.0,10311352698.0,68298065465.0
2026-01-09,96438008510.0,80173361651.0,10311352698.0,69862008953.0
2026-01-10,96048477816.0,78919472964.0,10311352698.0,68608120266.0
2026-01-11,95902101768.0,78839762253.0,10311352698.0,68528409555.0
2026-01-12,96334068692.0,78802514934.0,10311352698.0,68491162236.0
2026-01-13,96753141537.0,78793920942.0,10311352698.0,68482568244.0
2026-01-14,100525026666.0,79413497522.0,10311352698.0,69102144824.0
2026-01-15,101065108347.0,79597677347.0,10311352698.0,69286324649.0
2026-01-16,99652118189.0,80233434754.0,10311352698.0,69922082056.0
2026-01-17,99815995708.0,80288658209.0,10311352698.0,69977305511.0
2026-01-18,99461995187.0,80450056245.0,10311352698.0,70138703547.0
2026-01-19,97526493125.0,80645597880.0,10311352698.0,70334245182.0
2026-01-20,96822730194.0,79927299684.0,10311352698.0,69615946986.0
2026-01-21,93046449713.0,80447247714.0,10311352698.0,70135895016.0
2026-01-22,95114414909.0,80021610550.0,10311352698.0,69710257852.0
2026-01-23,95291752258.0,79901103318.0,10311352698.0,69589750620.0
2026-01-24,95251847948.0,80004087104.0,10311352698.0,69692734406.0
2026-01-25,94936279485.0,79525046320.0,10311352698.0,69213693622.0
2026-01-26,92428097429.0,79575993477.0,10311352698.0,69264640779.0
2026-01-27,94021944621.0,79112892676.0,10311352698.0,68801539978.0
2026-01-28,95011955749.0,79054881678.0,10311352698.0,68743528980.0
2026-01-29,94982234201.0,79222749207.0,10311352698.0,68911396509.0
2026-01-30,90456187197.0,79259942934.0,10311352698.0,68948590236.0
2026-01-31,90282186476.0,79348465321.0,10311352698.0,69037112623.0
2026-02-01,84760121940.0,79825579751.0,10311352698.0,69514227053.0
2026-02-02,83480804913.0,80321672765.0,10311352698.0,70010320067.0
2026-02-03,84471202076.0,80891117606.0,10311352698.0,70579764908.0
2026-02-04,81405296436.0,81351378043.0,10311352698.0,71040025345.0
2026-02-05,78460757852.0,80290402783.0,10311352698.0,69979050085.0
2026-02-06,67984110154.0,81793886839.0,10311352698.0,71482534141.0
2026-02-07,76203907557.0,84116000970.0,10311352698.0,73804648272.0
2026-02-08,74927634788.0,83597367671.0,10311352698.0,73286014973.0
2026-02-09,75497370038.0,83113161773.0,10311352698.0,72801809075.0
2026-02-10,74994597287.0,84966277944.0,10311352698.0,74654925246.0
2026-02-11,73579364864.0,84028602186.0,10311352698.0,73717249488.0
2026-02-12,72051070347.0,83696041864.0,10311352698.0,73384689166.0
2026-02-13,71237406693.0,83309088780.0,10311352698.0,72997736082.0
2026-02-14,74310426057.0,82958444691.0,10311352698.0,72647091993.0
2026-02-15,75570125819.0,82673219450.0,10311352698.0,72361866752.0
2026-02-16,74549496013.0,82685334734.0,10311352698.0,72373982036.0
2026-02-17,74515503983.0,83589695642.0,10311352698.0,73278342944.0
2026-02-18,73147126750.0,83460676989.0,10311352698.0,73149324291.0
2026-02-19,72032257666.0,83398804214.0,10311352698.0,73087451516.0
2026-02-20,72846102729.0,82995719643.0,10311352698.0,72684366945.0
2026-02-21,74415146581.0,83132625627.0,10311352698.0,72821272929.0
2026-02-22,74473958091.0,82718614548.0,10311352698.0,72407261850.0
2026-02-23,74021172226.0,82547004002.0,10311352698.0,72235651304.0
2026-02-24,70936297631.0,82683302131.0,10311352698.0,72371949433.0
2026-02-25,70213185206.0,82528703609.0,10311352698.0,72217350911.0
2026-02-26,74110069977.0,82506646355.0,10311352698.0,72195293657.0
2026-02-27,73289478341.0,82619355546.0,10311352698.0,72308002848.0
2026-02-28,71412954173.0,82520440307.0,10311352698.0,72209087609.0
2026-03-01,72505238940.0,83424098963.0,10311352698.0,73112746265.0
2026-03-02,71225591279.0,83414433522.0,10311352698.0,73103080824.0
2026-03-03,74209651479.0,84051827317.0,10311352698.0,73740474619.0
2026-03-04,73550502984.0,84837086137.0,10311352698.0,74525733439.0
2026-03-05,75819985238.0,85321864510.0,10311352698.0,75010511812.0
2026-03-06,73886653314.0,84855572832.0,10311352698.0,74544220134.0
2026-03-07,71127627690.0,84816957740.0,10311352698.0,74505605042.0
2026-03-08,70113830287.0,84462407151.0,10311352698.0,74151054453.0
2026-03-09,69212400978.0,83101151471.0,10311352698.0,72789798773.0
2026-03-10,71806405529.0,83247435270.0,10311352698.0,72936082572.0
2026-03-11,72305476994.0,84493048339.0,10311352698.0,74181695641.0
2026-03-12,72168768475.0,85048442619.0,10311352698.0,74737089921.0
2026-03-13,73204413891.0,84733472956.0,10311352698.0,74422120258.0
2026-03-14,72144411468.0,84969962717.0,10311352698.0,74658610019.0
2026-03-15,72323790645.0,84985949269.0,10311352698.0,74674596571.0
2026-03-16,73773075063.0,85055821209.0,10311352698.0,74744468511.0
2026-03-17,76480779078.0,85029619704.0,10311352698.0,74718267006.0
2026-03-18,75258405193.0,85635843657.0,10311352698.0,75324490959.0
2026-03-19,72404625444.0,86331196088.0,10311352708.0,76019843380.0
2026-03-20,71528146630.0,86404252568.0,10311352708.0,76092899860.0
2026-03-21,71864773484.0,85688906718.0,10311352708.0,75377554010.0
2026-03-22,69711926652.0,85309819121.0,10311352708.0,74998466413.0
2026-03-23,68555694611.0,85220310744.0,10311352708.0,74908958036.0
2026-03-24,71254089359.0,85148099147.0,10311352708.0,74836746439.0
2026-03-25,71191069862.0,85053489009.0,10311352708.0,74742136301.0
2026-03-26,71402123699.0,84767703352.0,10311352708.0,74456350644.0
2026-03-27,67178867642.0,83647754981.0,10311352708.0,73336402273.0
2026-03-28,66440116156.0,83513196168.0,10311352708.0,73201843460.0
2026-03-29,66635077609.0,83543461119.0,10311352708.0,73232108411.0
2026-03-30,66784562752.0,83647357593.0,10311352708.0,73336004885.0
2026-03-31,67450123014.0,83476971669.0,10311352708.0,73165618961.0
2026-04-01,68897273387.0,83358126637.0,10311352708.0,73046773929.0
2026-04-02,68926144554.0,83485657041.0,10311352708.0,73174304333.0
2026-04-03,67655761992.0,83830258553.0,10311352708.0,73518905845.0
2026-04-04,67855511344.0,83956552183.0,10311352708.0,73645199475.0
2026-04-05,68134518619.0,83659506784.0,10311352708.0,73348154076.0
2026-04-06,70014990594.0,83823457247.0,10311352708.0,73512104539.0
2026-04-07,69673426706.0,83978940861.0,10270352736.0,73708588125.0
2026-04-08,72696811904.0,83491701387.0,10270352736.0,73221348651.0
2026-04-09,71684046873.0,83582006798.0,10270352736.0,73311654062.0
2026-04-10,72547161665.0,83886653311.0,10270352736.0,73616300575.0
2026-04-11,73367456264.0,84342805002.0,10270352736.0,74072452266.0
2026-04-12,73558744348.0,84399258824.0,10270352736.0,74128906088.0
2026-04-13,71582775007.0,84555068849.0,10270352736.0,74284716113.0
2026-04-14,74483476736.0,84923409656.0,10270352736.0,74653056920.0
2026-04-15,74488271867.0,85317655509.0,10270352736.0,75047302773.0
2026-04-16,74498940088.0,85537572340.0,10270352736.0,75267219604.0
2026-04-17,74370133987.0,85586347925.0,10270352736.0,75315995189.0
2026-04-18,76414067326.0,86850952842.0,10270352736.0,76580600106.0
2026-04-19,75146178875.0,87372013042.0,10270352736.0,77101660306.0
2026-04-20,73524743457.0,87377208355.0,10470352736.0,76906855619.0
2026-04-21,75075160082.0,87905296937.0,10470352736.0,77434944201.0
2026-04-22,76726894779.0,87843650813.0,10470352736.0,77373298077.0
2026-04-23,78597565047.0,87697228429.0,10470352736.0,77226875693.0
2026-04-24,78852513122.0,87716505988.0,10470352736.0,77246153252.0
2026-04-25,77883579409.0,87484599873.0,10470352736.0,77014247137.0
2026-04-26,77894517929.0,87306770702.0,10470352736.0,76836417966.0
2026-04-27,78902093650.0,87244216669.0,10470352736.0,76773863933.0
2026-04-28,77736038540.0,86929442464.0,10470352736.0,76459089728.0
2026-04-29,76943487923.0,86412605652.0,10470352736.0,75942252916.0
2026-04-30,77042524045.0,86455426274.0,10470352736.0,75985073538.0
2026-05-01,77534953964.0,85537265460.0,10470352736.0,75066912724.0
2026-05-02,79241301288.0,86724441975.0,10470352736.0,76254089239.0
2026-05-03,79464804147.0,86313498054.0,10470352736.0,75843145318.0
2026-05-04,79262875543.0,85900479807.0,10470352736.0,75430127071.0
2026-05-05,80518668585.0,86480513060.0,10470352736.0,76010160324.0
2026-05-06,81177816922.0,86539707481.0,10470352736.0,76069354745.0
2026-05-07,81740042852.0,86433887492.0,10470352736.0,75963534756.0
2026-05-08,80384527901.0,86336524748.0,10470352736.0,75866172012.0
2026-05-09,80666595772.0,86834794020.0,10470352736.0,76364441284.0
2026-05-10,81197921264.0,85428116588.0,10470352736.0,74957763852.0
2026-05-11,82286452914.0,84926163095.0,10470352736.0,74455810359.0
2026-05-12,82139136403.0,84660051536.0,10470352736.0,74189698800.0
2026-05-13,81437521046.0,84597391256.0,10470352736.0,74127038520.0
2026-05-14,80611264964.0,84400105894.0,10470352736.0,73929753158.0
2026-05-15,82241390883.0,85221588814.0,10470352736.0,74751236078.0
2026-05-16,79746639410.0,85146671317.0,10470352736.0,74676318581.0
2026-05-17,78630923402.0,85047320954.0,10470352736.0,74576968218.0
2026-05-18,77815923502.0,84960649425.0,10470352736.0,74490296689.0
2026-05-19,78083087944.0,84730991514.0,10470352736.0,74260638778.0
2026-05-20,78095391238.0,84211337978.0,10470352736.0,73740985242.0
2026-05-21,79004091434.0,84321788301.0,10470352736.0,73851435565.0
2026-05-22,79185299627.0,84281752139.0,10470352736.0,73811399403.0
2026-05-23,77092082300.0,83731935177.0,10470352736.0,73261582441.0
2026-05-24,78354526343.0,83314508154.0,10470352736.0,72844155418.0
2026-05-25,79026558570.0,83012291985.0,10470352736.0,72541939249.0
2026-05-26,79015753065.0,82683490244.0,10470352736.0,72213137508.0
2026-05-27,78173019118.0,82432267099.0,10470352736.0,71961914363.0
2026-05-28,77189519570.0,81878075433.0,10470352736.0,71407722697.0
2026-05-29,77233434114.0,81406268616.0,10470352736.0,70935915880.0
2026-05-30,77109200031.0,81195295392.0,10470352736.0,70724942656.0
2026-05-31,77523427795.0,81058168046.0,10470352736.0,70587815310.0
2026-06-01,77483813589.0,80803141012.0,10470352736.0,70332788276.0
2026-06-02,75291412621.0,80641911577.0,10470352736.0,70171558841.0
2026-06-03,71115033703.0,80931199100.0,10470352736.0,70460846364.0
2026-06-04,68938048016.0,80257402097.0,10470352736.0,69787049361.0
2026-06-05,68259384380.0,80895218489.0,10470352736.0,70424865753.0
2026-06-06,65645285402.0,81884575673.0,10470352736.0,71414222937.0
2026-06-07,65297743279.0,81985112213.0,10470352736.0,71514759477.0
2026-06-08,68275990708.0,82212885003.0,10470352736.0,71742532267.0
2026-06-09,67014189283.0,81837883033.0,10470352736.0,71367530297.0
2026-06-10,65645427311.0,81448073413.0,10470352736.0,70977720677.0
2026-06-11,65982829301.0,80844540040.0,10470352736.0,70374187304.0
2026-06-12,67955582787.0,80906350467.0,10770352736.0,70135997731.0
2026-06-13,67941229066.0,80717325795.0,10770352736.0,69946973059.0
2026-06-14,68831730977.0,80804101995.0,10770352736.0,70033749259.0
2026-06-15,69982687213.0,80710788648.0,10770352736.0,69940435912.0
2026-06-16,70428294316.0,80940689730.0,10770352736.0,70170336994.0
2026-06-17,69599531637.0,80716129975.0,10770352736.0,69945777239.0
2026-06-18,68359593973.0,80601199932.0,10770352736.0,69830847196.0
2026-06-19,66876320998.0,80533628075.0,10770352736.0,69763275339.0
2026-06-20,67648991054.0,80263640315.0,10770352736.0,69493287579.0
2026-06-21,68337689892.0,80199002417.0,10770352736.0,69428649681.0
2026-06-22,66992613751.0,80157152529.0,10770352736.0,69386799793.0
2026-06-23,68107132799.0,79845499983.0,10770352736.0,69075147247.0
2026-06-24,67079369932.0,79568228280.0,10770352736.0,68797875544.0
2026-06-25,65022685293.0,79505117896.0,10770352736.0,68734765160.0
2026-06-26,63918808747.0,80095498482.0,10770352736.0,69325145746.0
2026-06-27,64364656943.0,79584913867.0,10770352736.0,68814561131.0
2026-06-28,64464654706.0,79490888212.0,10770352736.0,68720535476.0
2026-06-29,63807721529.0,79376412895.0,10770352736.0,68606060159.0
2026-06-30,64317407687.0,78705665613.0,10770352736.0,67935312877.0
2026-07-01,62800002910.0,78071362857.0,10770352736.0,67301010121.0
2026-07-02,64309068427.0,77946568735.0,10770352736.0,67176215999.0
2026-07-03,66076005859.0,77287543343.0,10770352736.0,66517190607.0
2026-07-04,67617905471.0,77311780724.0,10770352736.0,66541427988.0
2026-07-05,67908624381.0,77381473584.0,10770352736.0,66611120848.0
2026-07-06,68486411102.0,77262149130.0,10770352736.0,66491796394.0
2026-07-07,69378245260.0,77095903449.0,10770352736.0,66325550713.0
2026-07-08,68831310134.0,76704026674.0,10770352736.0,65933673938.0
2026-07-09,67189329476.0,76620825106.0,10770352736.0,65850472370.0
2026-07-10,68287167226.0,76486079072.0,10770352736.0,65715726336.0
2026-07-11,69268443426.0,76422493479.0,10770352736.0,65652140743.0
2026-07-12,69001249495.0,76220592236.0,10770352736.0,65450239500.0
2026-07-13,69095020519.0,76360362715.0,10770352736.0,65590009979.0
2026-07-14,67591938642.0,76213557957.0,10770352736.0,65443205221.0
2026-07-15,70762574864.0,76061834220.0,10770352736.0,65291481484.0
2026-07-16,70495438046.0,75795131662.0,10770352736.0,65024778926.0
2026-07-17,69406482442.0,75984482433.0,10770352736.0,65214129697.0
2026-07-18,69464182860.0,75732566962.0,10770352736.0,64962214226.0
2026-07-19,70325555926.0,75720786556.0,10770352736.0,64950433820.0
2026-07-20,70285441916.0,75589642591.0,10770352736.0,64819289855.0
2026-07-21,70692413631.0,75542798281.0,10770352736.0,64772445545.0
2026-07-22,71789159105.0,75533486557.0,10770352736.0,64763133821.0
2026-07-23,71306437786.0,75278594905.0,10770352736.0,64508242169.0
2026-07-24,70417141009.0,75117381718.0,10770352736.0,64347028982.0
2026-07-25,69480674751.0,74920121211.0,10770352736.0,64149768475.0
2026-07-26,69513438119.0,74840353809.0,10770352736.0,64070001073.0
2026-07-27,70360838825.0,74751866411.0,10770352736.0,63981513675.0
2026-07-28,68933569214.0,76817874870.0,10770352738.0,66047522132.0
2026-07-29,69106912587.0,76700574595.0,10770352738.0,65930221857.0
2026-07-30,69136469757.0,76431020248.0,10770352738.0,65660667510.0
2026-07-31,70488907671.0,76132985154.0,10770352738.0,65362632416.0
2026-08-01,68772965096.0,75936817592.0,10770352738.0,65166464854.0
2026-08-02,68763243121.0,75992819079.0,10770352738.0,65222466341.0
2026-08-03,69352917688.0,75859212449.0,10770352738.0,65088859711.0
2026-08-04,69979149774.0,75899113327.0,10770352738.0,65128760589.0
2026-08-05,70529399990.0,75925403988.0,10770352738.0,65155051250.0
2026-08-06,71003477834.0,75999471677.0,10770352738.0,65229118939.0
2026-08-07,70575328757.0,76209112299.0,10770352738.0,65438759561.0
2026-08-08,71248487353.0,76021886852.0,10770352738.0,65251534114.0
2026-08-09,71475462871.0,76048695333.0,10770352738.0,65278342595.0
2026-08-10,71476071890.0,76048955469.0,10770352738.0,65278602731.0
2026-08-11,70794003941.0,75778530105.0,10770352738.0,65008177367.0
2026-08-12,71813274475.0,75453961348.0,10770352738.0,64683608610.0
2026-08-13,71837014636.0,76081355381.0,10770352738.0,65311002643.0
2026-08-14,71814144736.0,76046988169.0,10770352738.0,65276635431.0
2026-08-15,71478094535.0,76261093451.0,10770352738.0,65490740713.0
2026-08-16,71581077398.0,76247307876.0,10770352738.0,65476955138.0
2026-08-17,71315892320.0,76269703094.0,10770352738.0,65499350356.0
2026-08-18,73186961311.0,76245399385.0,10770352738.0,65475046647.0
2026-08-19,73238415883.0,76302503746.0,10770352738.0,65532151008.0
2026-08-20,78530524826.0,76407243830.0,10770352738.0,65636891092.0
2026-08-21,82925435499.0,76640900096.0,10770352738.0,65870547358.0
2026-08-22,88498167211.0,76710112611.0,10770352738.0,65939759873.0
2026-08-23,88066097683.0,76716181914.0,10770352738.0,65945829176.0
2026-08-24,88303221879.0,76763964766.0,10770352738.0,65993612028.0
2026-08-25,89888974362.0,77069328014.0,10770352738.0,66298975276.0
2026-08-26,89537373540.0,77818820498.0,10770352738.0,67048467760.0
2026-08-27,89901178054.0,77864121887.0,10770352738.0,67093769149.0
2026-08-28,91450011394.0,78171744141.0,10770352738.0,67401391403.0
2026-08-29,88710245737.0,78034158411.0,10770352738.0,67263805673.0
2026-08-30,89330489723.0,78124385630.0,10770352738.0,67354032892.0
2026-08-31,89092664474.0,78082768760.0,10770352738.0,67312416022.0
2026-09-01,89924748136.0,77899948626.0,10770352738.0,67129595888.0
2026-09-02,88754764788.0,76340328151.0,10770352738.0,65569975413.0
2026-09-03,88538029398.0,77097122030.0,10770352738.0,66326769292.0
2026-09-04,93272152110.0,76325489242.0,10770352738.0,65555136504.0
2026-09-05,91358753483.0,77763220986.0,10770352738.0,66992868248.0
2026-09-06,91591710259.0,77364371241.0,10770352738.0,66594018503.0
2026-09-07,92006207909.0,77761145657.0,10770352738.0,66990792919.0
2026-09-08,90752337603.0,77562297774.0,10770352738.0,66791945036.0
2026-09-09,90349011965.0,77565039675.0,10770352738.0,66794686937.0
2026-09-10,90048934118.0,75842301573.0,10770352738.0,65071948835.0
2026-09-11,88483724851.0,77296225747.0,10770352738.0,66525873009.0
2026-09-12,89103642343.0,77168015102.0,10770352738.0,66397662364.0
2026-09-13,89292792826.0,77033881977.0,10770352738.0,66263529239.0
2026-09-14,89337895718.0,75387279589.0,10770352738.0,64616926851.0
2026-09-15,90096203694.0,75504648508.0,10770352738.0,64734295770.0
2026-09-16,87917244937.0,77040851574.0,10769340783.0,66271510791.0
2026-09-17,88814832836.0,75236815525.0,10769340783.0,64467474742.0
2026-09-18,88967710544.0,76819997341.0,10769340783.0,66050656558.0
2026-09-19,95468118425.0,77075377833.0,10769340783.0,66306037050.0
2026-09-20,95218810952.0,76696409194.0,10769340783.0,65927068411.0
2026-09-21,95961302539.0,76790817950.0,10769340783.0,66021477167.0
2026-09-22,101583835035.0,77126994125.0,10769340783.0,66357653342.0
2026-09-23,99140150856.0,77526798247.0,10769340783.0,66757457464.0
2026-09-24,98249967942.0,77990634332.0,10769340783.0,67221293549.0
