Cycle,Date_prev,Date_curr,Price_prev,Price_curr,MVRV_prev,MVRV_curr,Dir_MVRV,Z_prev,Z_curr,Dir_Z,RollMean_prev,RollMean_curr,RollStd_prev,RollStd_curr,Class
2011,2010-09-11,2010-09-19,0.06366,0.0627,1.2150938114828762,1.1914887791046,FLAT,-0.25172616596182856,-0.37785841092835104,TURUN,1.2472953564227636,1.2377838595016488,0.12792291503287886,0.12251965037196745,"DIVERGEN (MVRV naik/flat, Z turun)"
2011,2010-09-19,2010-11-06,0.0627,0.39,1.1914887791046,4.935268678353425,NAIK,-0.37785841092835104,5.434255639802355,NAIK,1.2377838595016488,1.5115974201975382,0.12251965037196745,0.6300165993443043,SEARAH (naik-naik)
2011,2010-11-06,2010-11-14,0.39,0.27904,4.935268678353425,3.235941491284964,TURUN,5.434255639802355,2.1936751635090066,TURUN,1.5115974201975382,1.6170912840172433,0.6300165993443043,0.7379625909053028,SEARAH (turun-turun)
2011,2010-11-14,2010-11-22,0.27904,0.284791867824497,3.235941491284964,3.087482293008412,TURUN,2.1936751635090066,1.7726503089102459,TURUN,1.6170912840172433,1.6983950045107283,0.7379625909053028,0.7836217225221587,SEARAH (turun-turun)
2011,2010-11-22,2010-12-20,0.284791867824497,0.267,3.087482293008412,2.5403721256894354,TURUN,1.7726503089102459,0.9174650896235267,TURUN,1.6983950045107283,1.8289205980190912,0.7836217225221587,0.7754535139449085,SEARAH (turun-turun)
2011,2010-12-20,2011-01-14,0.267,0.4,2.5403721256894354,3.2698887002438224,NAIK,0.9174650896235267,1.7203037234582057,NAIK,1.8289205980190912,1.937900587625445,0.7754535139449085,0.7742749692715746,SEARAH (naik-naik)
2011,2011-01-14,2011-01-22,0.4,0.4441316665,3.2698887002438224,3.4166434785352178,NAIK,1.7203037234582057,1.820384109442809,NAIK,1.937900587625445,1.981312795626427,0.7742749692715746,0.7884768250081698,SEARAH (naik-naik)
2011,2011-01-22,2011-02-09,0.4441316665,1.09,3.4166434785352178,5.373044073647826,NAIK,1.820384109442809,3.386441347485729,NAIK,1.981312795626427,2.1433625054959182,0.7884768250081698,0.9537095838230867,SEARAH (naik-naik)
2011,2011-02-09,2011-02-24,1.09,0.99189348733234,5.373044073647826,4.051895780832834,TURUN,3.386441347485729,1.6391315547321692,TURUN,2.1433625054959182,2.2879666999570816,0.9537095838230867,1.0761363697643993,SEARAH (turun-turun)
2011,2011-02-24,2011-03-10,0.99189348733234,0.9329,4.051895780832834,3.083395832465564,TURUN,1.6391315547321692,0.693767953057381,TURUN,2.2879666999570816,2.3422610832036357,1.0761363697643993,1.0682746961657792,SEARAH (turun-turun)
2011,2011-03-10,2011-03-25,0.9329,0.88377,3.083395832465564,2.7164412360056933,TURUN,0.693767953057381,0.34084811985829855,TURUN,2.3422610832036357,2.361987189928928,1.0682746961657792,1.0399178561528313,SEARAH (turun-turun)
2011,2011-03-25,2011-04-30,0.88377,3.50272007323498,2.7164412360056933,5.558558215001561,NAIK,0.34084811985829855,2.9501845136424354,NAIK,2.361987189928928,2.4474936832669245,1.0399178561528313,1.0545321885286325,SEARAH (naik-naik)
2011,2011-04-30,2011-05-13,3.50272007323498,8.194,5.558558215001561,6.726939377147173,NAIK,2.9501845136424354,3.524669245226028,NAIK,2.4474936832669245,2.5652390797321205,1.0545321885286325,1.1807349875599953,SEARAH (naik-naik)
2011,2011-05-13,2011-06-08,8.194,29.6,6.726939377147173,7.44476641160418,NAIK,3.524669245226028,3.3835798036113243,TURUN,2.5652390797321205,2.7785800215384033,1.1807349875599953,1.3790679283182607,"DIVERGEN (MVRV naik/flat, Z turun)"
2011,2011-06-08,2011-07-10,29.6,14.8881160955087,7.44476641160418,2.0703031256942337,TURUN,3.3835798036113243,-0.5225187376198446,TURUN,2.7785800215384033,2.773379434760718,1.3790679283182607,1.3455523380254417,SEARAH (turun-turun)
2011,2011-07-10,2011-07-25,14.8881160955087,13.9854206262563,2.0703031256942337,1.9941833250871328,TURUN,-0.5225187376198446,-0.5896445041072489,FLAT,2.773379434760718,2.7752361495946545,1.3455523380254417,1.324616474955659,"DIVERGEN (MVRV turun, Z naik/flat)"
2011,2011-07-25,2011-08-19,13.9854206262563,11.65,1.9941833250871328,1.710503002886565,TURUN,-0.5896445041072489,-0.8352673346646696,TURUN,2.7752361495946545,2.7982828860089666,1.324616474955659,1.302313448614756,SEARAH (turun-turun)
2011,2011-08-19,2011-09-20,11.65,6.11216519130136,1.710503002886565,1.0211639083574722,TURUN,-0.8352673346646696,-1.3556113736379645,TURUN,2.7982828860089666,2.795245981109339,1.302313448614756,1.308695181562899,SEARAH (turun-turun)
2011,2011-09-20,2011-10-29,6.11216519130136,3.58218725511097,1.0211639083574722,0.6412186959779118,TURUN,-1.3556113736379645,-1.453008242683592,FLAT,2.795245981109339,2.697211269768771,1.308695181562899,1.4149903031476287,"DIVERGEN (MVRV turun, Z naik/flat)"
2011,2011-10-29,2011-11-11,3.58218725511097,3.07798387122402,0.6412186959779118,0.5763003593841154,TURUN,-1.453008242683592,-1.3882203741097492,FLAT,2.697211269768771,2.6036287548564885,1.4149903031476287,1.4603793700783831,"DIVERGEN (MVRV turun, Z naik/flat)"
2013,2011-12-02,2011-12-11,3.11250071814405,3.25143431726448,0.6321226115831592,0.666815753554052,NAIK,-1.1946392497882046,-1.1275088057400928,FLAT,2.4671130008510525,2.428179726379421,1.5360205096167865,1.5621731412281221,FLAT/FLAT (tidak ada perubahan berarti)
2013,2011-12-11,2012-01-08,3.25143431726448,7.11248788330686,0.666815753554052,1.4007663468645393,NAIK,-1.1275088057400928,-0.5605580915435573,NAIK,2.428179726379421,2.30591752990806,1.5621731412281221,1.6147321690622451,SEARAH (naik-naik)
2013,2012-01-08,2012-01-15,7.11248788330686,7.00433279619814,1.4007663468645393,1.3568438191828398,TURUN,-0.5605580915435573,-0.5678957614267319,FLAT,2.30591752990806,2.2759027468150204,1.6147321690622451,1.618358491218911,"DIVERGEN (MVRV turun, Z naik/flat)"
2013,2012-01-15,2012-02-02,7.00433279619814,6.10119269354221,1.3568438191828398,1.1823710615751652,TURUN,-0.5678957614267319,-0.6141608874535179,FLAT,2.2759027468150204,2.177282060282785,1.618358491218911,1.6199517407121085,"DIVERGEN (MVRV turun, Z naik/flat)"
2013,2012-02-02,2012-02-10,6.10119269354221,5.92145820833532,1.1823710615751652,1.1497191342714703,TURUN,-0.6141608874535179,-0.6002133823730285,FLAT,2.177282060282785,2.0974297580771357,1.6199517407121085,1.578956170651773,"DIVERGEN (MVRV turun, Z naik/flat)"
2013,2012-02-10,2012-02-24,5.92145820833532,5.02717828094935,1.1497191342714703,1.005419168289144,TURUN,-0.6002133823730285,-0.6304395514315068,FLAT,2.0974297580771357,1.9695879901346927,1.578956170651773,1.5293596660556272,"DIVERGEN (MVRV turun, Z naik/flat)"
2013,2012-02-24,2012-03-06,5.02717828094935,4.99076716913043,1.005419168289144,1.005665186812863,FLAT,-0.6304395514315068,-0.5885728554004602,FLAT,1.9695879901346927,1.900210971721258,1.5293596660556272,1.5198556588202718,FLAT/FLAT (tidak ada perubahan berarti)
2013,2012-03-06,2012-03-14,4.99076716913043,5.3846357454765,1.005665186812863,1.0836292799422331,NAIK,-0.5885728554004602,-0.5105903543633536,FLAT,1.900210971721258,1.8584683634617667,1.5198556588202718,1.5175356856979154,FLAT/FLAT (tidak ada perubahan berarti)
2013,2012-03-14,2012-04-02,5.3846357454765,4.97400279171384,1.0836292799422331,1.02418355409467,TURUN,-0.5105903543633536,-0.49701151998411575,FLAT,1.8584683634617667,1.7802959404929861,1.5175356856979154,1.521317627451535,"DIVERGEN (MVRV turun, Z naik/flat)"
2013,2012-04-02,2012-04-20,4.97400279171384,5.35009038822879,1.02418355409467,1.096531113719032,NAIK,-0.49701151998411575,-0.3993262922658406,FLAT,1.7802959404929861,1.7010075880660518,1.521317627451535,1.5137407329658277,FLAT/FLAT (tidak ada perubahan berarti)
2013,2012-04-20,2012-05-03,5.35009038822879,5.1451001062097,1.096531113719032,1.0541243306516654,TURUN,-0.3993262922658406,-0.36940230770246363,FLAT,1.7010075880660518,1.5736229967045583,1.5137407329658277,1.4063221999991533,"DIVERGEN (MVRV turun, Z naik/flat)"
2013,2012-05-03,2012-06-20,5.1451001062097,6.71340012324679,1.0541243306516654,1.3728922572520363,NAIK,-0.36940230770246363,0.6227829624322947,NAIK,1.5736229967045583,1.0935578621444586,1.4063221999991533,0.4485260708106563,SEARAH (naik-naik)
2013,2012-06-20,2012-07-18,6.71340012324679,9.09624321619122,1.3728922572520363,1.7865941616590963,NAIK,0.6227829624322947,2.1844884847738553,NAIK,1.0935578621444586,1.0377876124553775,0.4485260708106563,0.34278347284638466,SEARAH (naik-naik)
2013,2012-07-18,2012-08-16,9.09624321619122,13.5058788507023,1.7865941616590963,2.3400842327792963,NAIK,2.1844884847738553,3.419142680293218,NAIK,1.0377876124553775,1.0561414145448265,0.34278347284638466,0.3755160103831531,SEARAH (naik-naik)
2013,2012-08-16,2012-08-27,13.5058788507023,10.946191390968,2.3400842327792963,1.8356250812113883,TURUN,3.419142680293218,1.994176553691907,TURUN,1.0561414145448265,1.0636316099710883,0.3755160103831531,0.3871239333403427,SEARAH (turun-turun)
2013,2012-08-27,2012-09-19,10.946191390968,12.5416558889025,1.8356250812113883,1.9534049636622888,NAIK,1.994176553691907,1.9831216368659763,FLAT,1.0636316099710883,1.1119412276374567,0.3871239333403427,0.4243127200985201,FLAT/FLAT (tidak ada perubahan berarti)
2013,2012-09-19,2012-10-03,12.5416558889025,12.8571830959704,1.9534049636622888,1.9212168856692016,FLAT,1.9831216368659763,1.7269236282864198,TURUN,1.1119412276374567,1.1508166441264116,0.4243127200985201,0.44611135601128904,"DIVERGEN (MVRV naik/flat, Z turun)"
2013,2012-10-03,2012-10-18,12.8571830959704,11.9434086613232,1.9212168856692016,1.7560017356401332,TURUN,1.7269236282864198,1.2405085054018985,TURUN,1.1508166441264116,1.1973347227095061,0.44611135601128904,0.45035323054849247,SEARAH (turun-turun)
2013,2012-10-18,2012-10-31,11.9434086613232,11.1981681665433,1.7560017356401332,1.637471605219497,TURUN,1.2405085054018985,0.913949674117466,TURUN,1.1973347227095061,1.2365693505144912,0.45035323054849247,0.4386480635185167,SEARAH (turun-turun)
2013,2012-10-31,2012-12-13,11.1981681665433,13.73950338064,1.637471605219497,1.86142821539277,NAIK,0.913949674117466,1.2845000789585557,NAIK,1.2365693505144912,1.3731373775318683,0.4386480635185167,0.3801407612655011,SEARAH (naik-naik)
2013,2012-12-13,2012-12-31,13.73950338064,13.5599728441957,1.86142821539277,1.8039659723941568,TURUN,1.2845000789585557,1.0385543298706383,TURUN,1.3731373775318683,1.4226175997395127,0.3801407612655011,0.3671915485655378,SEARAH (turun-turun)
2013,2012-12-31,2013-03-11,13.5599728441957,48.4418702038992,1.8039659723941568,3.543811677459298,NAIK,1.0385543298706383,3.4551037653200516,NAIK,1.4226175997395127,1.683667805854161,0.3671915485655378,0.5383756894006999,SEARAH (naik-naik)
2013,2013-03-11,2013-04-09,48.4418702038992,230.87482467924,3.543811677459298,5.644007372342345,NAIK,3.4551037653200516,4.383779161101605,NAIK,1.683667805854161,1.935945950101858,0.5383756894006999,0.8458595394455691,SEARAH (naik-naik)
2013,2013-04-09,2013-04-24,230.87482467924,154.736372946798,5.644007372342345,3.5066073047854345,TURUN,4.383779161101605,1.767089190250748,TURUN,1.935945950101858,2.0081531876192584,0.8458595394455691,0.847978769511655,SEARAH (turun-turun)
2013,2013-04-24,2013-05-26,154.736372946798,133.082655766078,3.5066073047854345,2.7026071333389816,TURUN,1.767089190250748,0.6915569517243978,TURUN,2.0081531876192584,2.14399223992214,0.847978769511655,0.8077641212685884,SEARAH (turun-turun)
2013,2013-05-26,2013-06-20,133.082655766078,110.309030834817,2.7026071333389816,2.1635464147598094,TURUN,0.6915569517243978,-0.07190539514070556,TURUN,2.14399223992214,2.2186300174171434,0.8077641212685884,0.7660566018661827,SEARAH (turun-turun)
2013,2013-06-20,2013-06-28,110.309030834817,114.908370005196,2.1635464147598094,2.2378455590016646,NAIK,-0.07190539514070556,0.0035770579061103125,FLAT,2.2186300174171434,2.235146111444147,0.7660566018661827,0.7546558172587352,FLAT/FLAT (tidak ada perubahan berarti)
2013,2013-06-28,2013-07-12,114.908370005196,105.620104268844,2.2378455590016646,2.074862557012548,TURUN,0.0035770579061103125,-0.23075884848755124,TURUN,2.235146111444147,2.246730270343381,0.7546558172587352,0.7447935992803526,SEARAH (turun-turun)
2013,2013-07-12,2013-07-30,105.620104268844,107.24868320938,2.074862557012548,2.087812175827544,FLAT,-0.23075884848755124,-0.22858643420329136,FLAT,2.246730270343381,2.256610648965233,0.7447935992803526,0.738444841339838,FLAT/FLAT (tidak ada perubahan berarti)
2013,2013-07-30,2013-08-06,107.24868320938,106.449939130565,2.087812175827544,2.031625739268464,TURUN,-0.22858643420329136,-0.3068357778893252,FLAT,2.256610648965233,2.2580054871860042,0.738444841339838,0.7377879772521019,"DIVERGEN (MVRV turun, Z naik/flat)"
2013,2013-08-06,2013-09-01,106.449939130565,145.433321357506,2.031625739268464,2.594851224626583,NAIK,-0.3068357778893252,0.43631230934247556,NAIK,2.2580054871860042,2.2757267843207454,0.7377879772521019,0.7314128743852296,SEARAH (naik-naik)
2013,2013-09-01,2013-09-11,145.433321357506,141.540803066733,2.594851224626583,2.4614311614988043,TURUN,0.43631230934247556,0.23498486732473736,TURUN,2.2757267843207454,2.290620289250579,0.7314128743852296,0.7269015838886893,SEARAH (turun-turun)
2013,2013-09-11,2013-09-29,141.540803066733,144.564698340902,2.4614311614988043,2.4039800745429445,TURUN,0.23498486732473736,0.12755718840270874,TURUN,2.290620289250579,2.312034157663253,0.7269015838886893,0.7208211315336513,SEARAH (turun-turun)
2013,2013-09-29,2013-10-23,144.564698340902,214.701652884231,2.4039800745429445,3.1286394863722102,NAIK,0.12755718840270874,1.0911173503686586,NAIK,2.312034157663253,2.3523507240391517,0.7208211315336513,0.7114622107977404,SEARAH (naik-naik)
2013,2013-10-23,2013-11-29,214.701652884231,1156.12458772548,3.1286394863722102,5.166669004401919,NAIK,1.0911173503686586,2.895288168852519,NAIK,2.3523507240391517,2.593427562126867,0.7114622107977404,0.8887686793867212,SEARAH (naik-naik)
2013,2013-11-29,2013-12-26,1156.12458772548,760.930399111866,5.166669004401919,2.7876519256818937,TURUN,2.895288168852519,0.1005785736961259,TURUN,2.593427562126867,2.69702009599516,0.8887686793867212,0.9011047418564123,SEARAH (turun-turun)
2013,2013-12-26,2014-01-06,760.930399111866,925.586311344306,2.7876519256818937,3.219554521844989,NAIK,0.1005785736961259,0.5526975572087401,NAIK,2.69702009599516,2.7288955025969726,0.9011047418564123,0.8877531895128437,SEARAH (naik-naik)
2013,2014-01-06,2014-01-19,925.586311344306,851.87902489518,3.219554521844989,2.8241740456446323,TURUN,0.5526975572087401,0.07133624834323944,TURUN,2.7288955025969726,2.761889325219158,0.8877531895128437,0.8731146068375649,SEARAH (turun-turun)
2013,2014-01-19,2014-02-02,851.87902489518,814.149937175916,2.8241740456446323,2.629962911743084,TURUN,0.07133624834323944,-0.17051464205451833,TURUN,2.761889325219158,2.7777309101250824,0.8731146068375649,0.8666000561685067,SEARAH (turun-turun)
2013,2014-02-02,2014-03-03,814.149937175916,680.659703859355,2.629962911743084,2.162918733905581,TURUN,-0.17051464205451833,-0.6303364796797389,TURUN,2.7777309101250824,2.724486709058048,0.8666000561685067,0.8909019123211592,SEARAH (turun-turun)
2013,2014-03-03,2014-03-13,680.659703859355,644.210887849228,2.162918733905581,1.9252750334097424,TURUN,-0.6303364796797389,-0.8532633798000784,TURUN,2.724486709058048,2.687171611637451,0.8909019123211592,0.8929207513935766,SEARAH (turun-turun)
2013,2014-03-13,2014-04-16,644.210887849228,530.937602631916,1.9252750334097424,1.607437466328847,TURUN,-0.8532633798000784,-1.0561073667276206,TURUN,2.687171611637451,2.4675331377177168,0.8929207513935766,0.8144017346019479,SEARAH (turun-turun)
2013,2014-04-16,2014-05-10,530.937602631916,457.193549962871,1.607437466328847,1.3899762051805076,TURUN,-1.0561073667276206,-1.16740759643597,TURUN,2.4675331377177168,2.3782418895095323,0.8144017346019479,0.8465472448064792,SEARAH (turun-turun)
2013,2014-05-10,2014-06-03,457.193549962871,671.348575400471,1.3899762051805076,1.971802230315585,NAIK,-1.16740759643597,-0.3951035095486149,NAIK,2.3782418895095323,2.314924632112535,0.8465472448064792,0.8684367349430773,SEARAH (naik-naik)
2013,2014-06-03,2014-06-17,671.348575400471,613.965632412383,1.971802230315585,1.7555479108908976,TURUN,-0.3951035095486149,-0.6273057874443138,TURUN,2.314924632112535,2.303027244057435,0.8684367349430773,0.8727471420230397,SEARAH (turun-turun)
2013,2014-06-17,2014-07-02,613.965632412383,654.638678058191,1.7555479108908976,1.8450514456138616,NAIK,-0.6273057874443138,-0.506221559553952,NAIK,2.303027244057435,2.289911508010007,0.8727471420230397,0.8787852947000635,SEARAH (naik-naik)
2013,2014-07-02,2014-07-12,654.638678058191,636.214094287588,1.8450514456138616,1.7794873710083234,TURUN,-0.506221559553952,-0.588760924175076,FLAT,2.289911508010007,2.2945988988061297,0.8787852947000635,0.8749078049286961,"DIVERGEN (MVRV turun, Z naik/flat)"
2013,2014-07-12,2014-07-18,636.214094287588,630.816186224942,1.7794873710083234,1.759182040585235,FLAT,-0.588760924175076,-0.6085705771177139,FLAT,2.2945988988061297,2.2923616289042212,0.8749078049286961,0.8761179201995087,FLAT/FLAT (tidak ada perubahan berarti)
2013,2014-07-18,2014-08-01,630.816186224942,594.711046101146,1.759182040585235,1.650040978990877,TURUN,-0.6085705771177139,-0.7194872249095909,TURUN,2.2923616289042212,2.2838415062712936,0.8761179201995087,0.8809058803789858,SEARAH (turun-turun)
2013,2014-08-01,2014-08-08,594.711046101146,590.191442838535,1.650040978990877,1.623821084549717,FLAT,-0.7194872249095909,-0.737847528592263,FLAT,2.2838415062712936,2.2766436862282715,0.8809058803789858,0.884766264548006,FLAT/FLAT (tidak ada perubahan berarti)
2013,2014-08-08,2014-09-23,590.191442838535,438.947355668582,1.623821084549717,1.2354162038430283,TURUN,-0.737847528592263,-0.994199442650651,TURUN,2.2766436862282715,2.165569903657373,0.884766264548006,0.9355805886738853,SEARAH (turun-turun)
2013,2014-09-23,2014-10-14,438.947355668582,399.092928913598,1.2354162038430283,1.1531161538823853,TURUN,-0.994199442650651,-0.9740511895857072,FLAT,2.165569903657373,2.0975673575536113,0.9355805886738853,0.9696114678253501,"DIVERGEN (MVRV turun, Z naik/flat)"
2013,2014-10-14,2014-11-12,399.092928913598,431.735207360928,1.1531161538823853,1.2674681647337205,NAIK,-0.9740511895857072,-0.703211399464331,NAIK,2.0975673575536113,1.9417282602972261,0.9696114678253501,0.9588298711840011,SEARAH (naik-naik)
2013,2014-11-12,2014-12-02,431.735207360928,382.363214227987,1.2674681647337205,1.1390073428183638,TURUN,-0.703211399464331,-0.9371509578321395,TURUN,1.9417282602972261,1.7310464676320665,0.9588298711840011,0.6317436053026448,SEARAH (turun-turun)
2013,2014-12-02,2014-12-14,382.363214227987,354.05950516405,1.1390073428183638,1.0711846234504878,TURUN,-0.9371509578321395,-1.0876424538989586,TURUN,1.7310464676320665,1.6486772700328147,0.6317436053026448,0.5309581696743658,SEARAH (turun-turun)
2013,2014-12-14,2014-12-23,354.05950516405,336.252902313939,1.0711846234504878,1.0259492551618266,TURUN,-1.0876424538989586,-1.1259324039241543,FLAT,1.6486772700328147,1.6115993181404933,0.5309581696743658,0.5201467343310582,"DIVERGEN (MVRV turun, Z naik/flat)"
2017,2015-01-26,2015-02-02,275.740812337644,238.888244353622,0.8895335937851871,0.7761600391117909,TURUN,-1.3312031899338452,-1.6145145476831968,TURUN,1.431294835617401,1.3963744772007352,0.4069711114943593,0.38414917906992063,SEARAH (turun-turun)
2017,2015-02-02,2015-02-14,238.888244353622,256.9579253513,0.7761600391117909,0.8409806792617263,NAIK,-1.6145145476831968,-1.3794573140823179,NAIK,1.3963744772007352,1.3472847214361163,0.38414917906992063,0.36703132239449404,SEARAH (naik-naik)
2017,2015-02-14,2015-02-21,256.9579253513,245.639535020527,0.8409806792617263,0.8059559491794437,TURUN,-1.3794573140823179,-1.4210034686856363,FLAT,1.3472847214361163,1.3254312313186107,0.36703132239449404,0.36556932730055763,"DIVERGEN (MVRV turun, Z naik/flat)"
2017,2015-02-21,2015-03-03,245.639535020527,282.79462109708,0.8059559491794437,0.9315891855082622,NAIK,-1.4210034686856363,-1.0084043403677472,NAIK,1.3254312313186107,1.2975219285175976,0.36556932730055763,0.3628829511740164,SEARAH (naik-naik)
2017,2015-03-03,2015-03-11,282.79462109708,296.790683379287,0.9315891855082622,0.9791612368004072,NAIK,-1.0084043403677472,-0.8402977118065296,NAIK,1.2975219285175976,1.2743310144289821,0.3628829511740164,0.35126809639169276,SEARAH (naik-naik)
2017,2015-03-11,2015-04-05,296.790683379287,260.794183654991,0.9791612368004072,0.8696334736762218,TURUN,-0.8402977118065296,-1.016288100162419,TURUN,1.2743310144289821,1.2215318002784956,0.35126809639169276,0.34625843453842947,SEARAH (turun-turun)
2017,2015-04-05,2015-04-21,260.794183654991,236.176204496744,0.8696334736762218,0.7984142903687415,TURUN,-1.016288100162419,-1.1179578354533832,TURUN,1.2215318002784956,1.1943785474176674,0.34625843453842947,0.35418532299864797,SEARAH (turun-turun)
2017,2015-04-21,2015-05-08,236.176204496744,244.264222488293,0.7984142903687415,0.829565073893622,NAIK,-1.1179578354533832,-0.9337525662446526,NAIK,1.1943785474176674,1.1672142403214403,0.35418532299864797,0.36160453918297536,SEARAH (naik-naik)
2017,2015-05-08,2015-05-24,244.264222488293,240.592708065407,0.829565073893622,0.8211227360058707,FLAT,-0.9337525662446526,-0.8773968787672555,FLAT,1.1672142403214403,1.1403446253590588,0.36160453918297536,0.3638283849398866,FLAT/FLAT (tidak ada perubahan berarti)
2017,2015-05-24,2015-06-16,240.592708065407,251.676431485259,0.8211227360058707,0.8689205672316361,NAIK,-0.8773968787672555,-0.6354644133377387,NAIK,1.1403446253590588,1.0757982154348704,0.3638283849398866,0.3255534753183453,SEARAH (naik-naik)
2017,2015-06-16,2015-07-12,251.676431485259,311.378145060733,0.8689205672316361,1.0748947449907649,NAIK,-0.6354644133377387,0.21858094571767892,NAIK,1.0757982154348704,1.0157156063932422,0.3255534753183453,0.27074244007507847,SEARAH (naik-naik)
2017,2015-07-12,2015-07-28,311.378145060733,295.182971760849,1.0748947449907649,1.0194568956333392,TURUN,0.21858094571767892,0.15787464029650716,FLAT,1.0157156063932422,0.9837965217247867,0.27074244007507847,0.22587778405434905,"DIVERGEN (MVRV turun, Z naik/flat)"
2017,2015-07-28,2015-08-28,295.182971760849,231.742139631433,1.0194568956333392,0.8222139195142535,TURUN,0.15787464029650716,-0.6882727529349161,TURUN,0.9837965217247867,0.9322914593657904,0.22587778405434905,0.15993301984154815,SEARAH (turun-turun)
2017,2015-08-28,2015-09-08,231.742139631433,244.251385076155,0.8222139195142535,0.8688233479299314,NAIK,-0.6882727529349161,-0.3349487240943191,NAIK,0.9322914593657904,0.9168066879862229,0.15993301984154815,0.1432557779882144,SEARAH (naik-naik)
2017,2015-09-08,2015-09-28,244.251385076155,239.781819791489,0.8688233479299314,0.8577448646039268,FLAT,-0.3349487240943191,-0.3091850833586268,FLAT,0.9168066879862229,0.8953320493070154,0.1432557779882144,0.12156855788379281,FLAT/FLAT (tidak ada perubahan berarti)
2017,2015-09-28,2015-11-04,239.781819791489,409.881965863057,0.8577448646039268,1.4183644190354343,NAIK,-0.3091850833586268,4.296196340243265,NAIK,0.8953320493070154,0.8896355271924529,0.12156855788379281,0.1230690708639827,SEARAH (naik-naik)
2017,2015-11-04,2015-12-15,409.881965863057,465.345572154734,1.4183644190354343,1.5522907354032565,NAIK,4.296196340243265,3.9171722409267207,TURUN,0.8896355271924529,0.9082707266403783,0.1230690708639827,0.16440941810884388,"DIVERGEN (MVRV naik/flat, Z turun)"
2017,2015-12-15,2016-01-01,465.345572154734,434.453776034672,1.5522907354032565,1.43152863269012,TURUN,3.9171722409267207,2.4903698295605268,TURUN,0.9082707266403783,0.9303678434189449,0.16440941810884388,0.20123950399753057,SEARAH (turun-turun)
2017,2016-01-01,2016-01-07,434.453776034672,458.529580553185,1.43152863269012,1.5014212634889448,NAIK,2.4903698295605268,2.663468294036044,NAIK,0.9303678434189449,0.9392657448634399,0.20123950399753057,0.21106146443877938,SEARAH (naik-naik)
2017,2016-01-07,2016-01-20,458.529580553185,419.190108879924,1.5014212634889448,1.3690566658997017,TURUN,2.663468294036044,1.8431409499398232,TURUN,0.9392657448634399,0.9612491659770983,0.21106146443877938,0.22125681703068767,SEARAH (turun-turun)
2017,2016-01-20,2016-02-04,419.190108879924,389.650185811516,1.3690566658997017,1.2829219487813888,TURUN,1.8431409499398232,1.3377789964634088,TURUN,0.9612491659770983,0.9815129763879044,0.22125681703068767,0.22530550501263502,SEARAH (turun-turun)
2017,2016-02-04,2016-02-21,389.650185811516,440.687369252635,1.2829219487813888,1.4360423247206002,NAIK,1.3377789964634088,1.863919634552793,NAIK,0.9815129763879044,1.0070387875867277,0.22530550501263502,0.23016203551973557,SEARAH (naik-naik)
2017,2016-02-21,2016-02-29,440.687369252635,438.681150185598,1.4360423247206002,1.420874938469527,FLAT,1.863919634552793,1.7029211575063636,TURUN,1.0070387875867277,1.0201105189372597,0.23016203551973557,0.2353393859520297,"DIVERGEN (MVRV naik/flat, Z turun)"
2017,2016-02-29,2016-03-11,438.681150185598,420.775011360991,1.420874938469527,1.3573577134990518,TURUN,1.7029211575063636,1.3473754230403194,TURUN,1.0201105189372597,1.0324667495362385,0.2353393859520297,0.24112875922117147,SEARAH (turun-turun)
2017,2016-03-11,2016-03-17,420.775011360991,420.428290699209,1.3573577134990518,1.3531576401288343,FLAT,1.3473754230403194,1.2872510937616646,FLAT,1.0324667495362385,1.0392661156882255,0.24112875922117147,0.24384638394312066,FLAT/FLAT (tidak ada perubahan berarti)
2017,2016-03-17,2016-03-27,420.428290699209,427.513979279589,1.3531576401288343,1.370302826039572,FLAT,1.2872510937616646,1.288931640902481,FLAT,1.0392661156882255,1.052675774013096,0.24384638394312066,0.24642660785647297,FLAT/FLAT (tidak ada perubahan berarti)
2017,2016-03-27,2016-04-05,427.513979279589,424.630066540869,1.370302826039572,1.3564919767649657,FLAT,1.288931640902481,1.174281613513327,TURUN,1.052675774013096,1.0652156041006278,0.24642660785647297,0.2480464390418834,"DIVERGEN (MVRV naik/flat, Z turun)"
2017,2016-04-05,2016-04-26,424.630066540869,468.155955224252,1.3564919767649657,1.4703626126166218,NAIK,1.174281613513327,1.4936453629811839,NAIK,1.0652156041006278,1.100046868183234,0.2480464390418834,0.24792748908902335,SEARAH (naik-naik)
2017,2016-04-26,2016-05-09,468.155955224252,462.133788324292,1.4703626126166218,1.4423378755337042,FLAT,1.4936453629811839,1.2914139268005844,TURUN,1.100046868183234,1.1222122409110427,0.24792748908902335,0.24788770507977817,"DIVERGEN (MVRV naik/flat, Z turun)"
2017,2016-05-09,2016-05-15,462.133788324292,459.035486966438,1.4423378755337042,1.4287991036567835,FLAT,1.2914139268005844,1.1986564101185289,FLAT,1.1222122409110427,1.132220122169731,0.24788770507977817,0.24742618400357563,FLAT/FLAT (tidak ada perubahan berarti)
2017,2016-05-15,2016-06-16,459.035486966438,771.025805227497,1.4287991036567835,2.181890692445357,NAIK,1.1986564101185289,3.6171580992097057,NAIK,1.132220122169731,1.2053953018361008,0.24742618400357563,0.26996204308089433,SEARAH (naik-naik)
2017,2016-06-16,2016-07-02,771.025805227497,706.694934016283,2.181890692445357,1.9559551470896903,TURUN,3.6171580992097057,2.381496436636995,TURUN,1.2053953018361008,1.2509204796835363,0.26996204308089433,0.29604691258818816,SEARAH (turun-turun)
2017,2016-07-02,2016-07-17,706.694934016283,682.437225930828,1.9559551470896903,1.8625799946425017,TURUN,2.381496436636995,1.8557814930131369,TURUN,1.2509204796835363,1.2860368317239015,0.29604691258818816,0.31067405569526224,SEARAH (turun-turun)
2017,2016-07-17,2016-08-08,682.437225930828,595.920804676835,1.8625799946425017,1.6213336101869684,TURUN,1.8557814930131369,0.9181732859146325,TURUN,1.2860368317239015,1.3304259957702076,0.31067405569526224,0.3168330192998101,SEARAH (turun-turun)
2017,2016-08-08,2016-08-22,595.920804676835,588.554394168369,1.6213336101869684,1.597679154026359,FLAT,0.9181732859146325,0.7827142623146996,TURUN,1.3304259957702076,1.3578492987971447,0.3168330192998101,0.30640792786881393,"DIVERGEN (MVRV naik/flat, Z turun)"
2017,2016-08-22,2016-09-08,588.554394168369,626.164807320783,1.597679154026359,1.6859393383604184,NAIK,0.7827142623146996,1.0218928747414162,NAIK,1.3578492987971447,1.3938668839509707,0.30640792786881393,0.28581513936414804,SEARAH (naik-naik)
2017,2016-09-08,2016-09-18,626.164807320783,612.670291280422,1.6859393383604184,1.6413387055164814,TURUN,1.0218928747414162,0.8262030488683205,TURUN,1.3938668839509707,1.4161840332895512,0.28581513936414804,0.27251735821518996,SEARAH (turun-turun)
2017,2016-09-18,2016-10-01,612.670291280422,614.846748624164,1.6413387055164814,1.6392742405583396,FLAT,0.8262030488683205,0.7780811405940822,FLAT,1.4161840332895512,1.4439965412116118,0.27251735821518996,0.2509734385768931,FLAT/FLAT (tidak ada perubahan berarti)
2017,2016-10-01,2016-10-16,614.846748624164,642.6759392034,1.6392742405583396,1.695091806237181,NAIK,0.7780811405940822,0.9696798235545723,NAIK,1.4439965412116118,1.4754644283291753,0.2509734385768931,0.22649473833838643,SEARAH (naik-naik)
2017,2016-10-16,2016-11-02,642.6759392034,748.477566122293,1.695091806237181,1.926070828470328,NAIK,0.9696798235545723,1.9452316339099354,NAIK,1.4754644283291753,1.5077199336129896,0.22649473833838643,0.21506482187751025,SEARAH (naik-naik)
2017,2016-11-02,2016-11-09,748.477566122293,727.824091950038,1.926070828470328,1.860228714618796,TURUN,1.9452316339099354,1.5761888919494855,TURUN,1.5077199336129896,1.5177162657232555,0.21506482187751025,0.21730418901246606,SEARAH (turun-turun)
2017,2016-11-09,2016-11-19,727.824091950038,758.961094678218,1.860228714618796,1.914065994657656,NAIK,1.5761888919494855,1.757893847604519,NAIK,1.5177162657232555,1.5372734995047193,0.21730418901246606,0.21434314459112055,SEARAH (naik-naik)
2017,2016-11-19,2016-12-04,758.961094678218,799.68954058244,1.914065994657656,1.9570383491476624,NAIK,1.757893847604519,1.8344841280262798,FLAT,1.5372734995047193,1.565054672971877,0.21434314459112055,0.2136751526967531,FLAT/FLAT (tidak ada perubahan berarti)
2017,2016-12-04,2017-01-04,799.68954058244,1155.2720819306,1.9570383491476624,2.5804416513856587,NAIK,1.8344841280262798,3.7574786826624207,NAIK,1.565054672971877,1.6174172730599883,0.2136751526967531,0.25629536709528433,SEARAH (naik-naik)
2017,2017-01-04,2017-01-22,1155.2720819306,929.817599105844,2.5804416513856587,2.0462576895160742,TURUN,3.7574786826624207,1.536742276057514,TURUN,1.6174172730599883,1.6470324714232414,0.25629536709528433,0.25978670874926296,SEARAH (turun-turun)
2017,2017-01-22,2017-02-08,929.817599105844,1076.09578084716,2.0462576895160742,2.2811112011087102,NAIK,1.536742276057514,2.2584794741633365,NAIK,1.6470324714232414,1.6870530019643681,0.25978670874926296,0.2630345796542665,SEARAH (naik-naik)
2017,2017-02-08,2017-03-03,1076.09578084716,1293.40687325759,2.2811112011087102,2.5597883881586365,NAIK,2.2584794741633365,2.8177337751806077,NAIK,1.6870530019643681,1.745420253076024,0.2630345796542665,0.28901528677258165,SEARAH (naik-naik)
2017,2017-03-03,2017-03-15,1293.40687325759,1272.40145483818,2.5597883881586365,2.437748361920191,TURUN,2.8177337751806077,2.1782988827867036,TURUN,1.745420253076024,1.7805295755566828,0.28901528677258165,0.3017119420833227,SEARAH (turun-turun)
2017,2017-03-15,2017-04-11,1272.40145483818,1231.09406066777,2.437748361920191,2.262643915848776,TURUN,2.1782988827867036,1.5006670209736954,TURUN,1.7805295755566828,1.8342473248285223,0.3017119420833227,0.2854707840132931,SEARAH (turun-turun)
2017,2017-04-11,2017-05-24,1231.09406066777,2491.18130563493,2.262643915848776,3.5600111208024785,NAIK,1.5006670209736954,4.419536368065001,NAIK,1.8342473248285223,1.978018293109955,0.2854707840132931,0.35795447665592245,SEARAH (naik-naik)
2017,2017-05-24,2017-06-11,2491.18130563493,2976.89313994215,3.5600111208024785,3.61161613040938,FLAT,4.419536368065001,3.406773234286716,TURUN,1.978018293109955,2.0606405028599166,0.35795447665592245,0.45526236144513876,"DIVERGEN (MVRV naik/flat, Z turun)"
2017,2017-06-11,2017-06-23,2976.89313994215,2822.68125961699,3.61161613040938,3.145597704617714,TURUN,3.406773234286716,2.1344926988570188,TURUN,2.0606405028599166,2.096982389750671,0.45526236144513876,0.4912714461045273,SEARAH (turun-turun)
2017,2017-06-23,2017-07-04,2822.68125961699,2626.59456097794,3.145597704617714,2.8391472036044587,TURUN,2.1344926988570188,1.4165252809379643,TURUN,2.096982389750671,2.125665532671536,0.4912714461045273,0.5036843892122312,SEARAH (turun-turun)
2017,2017-07-04,2017-07-20,2626.59456097794,2856.53210632686,2.8391472036044587,2.976339009380602,NAIK,1.4165252809379643,1.6095879945492346,NAIK,2.125665532671536,2.1575510749649927,0.5036843892122312,0.5086941112808877,SEARAH (naik-naik)
2017,2017-07-20,2017-08-16,2856.53210632686,4385.92100605985,2.976339009380602,3.219897591623851,NAIK,1.6095879945492346,1.903864539259826,NAIK,2.1575510749649927,2.2398176569105277,0.5086941112808877,0.5147844893914318,SEARAH (naik-naik)
2017,2017-08-16,2017-09-01,4385.92100605985,4901.28507371056,3.219897591623851,3.117750514738729,TURUN,1.903864539259826,1.590850144151795,TURUN,2.2398176569105277,2.300382317559339,0.5147844893914318,0.5137933325675951,SEARAH (turun-turun)
2017,2017-09-01,2017-09-18,4901.28507371056,4069.72176538011,3.117750514738729,2.4665389046728423,TURUN,1.590850144151795,0.2485029877026596,TURUN,2.300382317559339,2.3427571913823955,0.5137933325675951,0.4981095576949559,SEARAH (turun-turun)
2017,2017-09-18,2017-10-14,4069.72176538011,5824.80067993663,2.4665389046728423,3.1336221845853998,NAIK,0.2485029877026596,1.5715104235110722,NAIK,2.3427571913823955,2.405397574462415,0.4981095576949559,0.46339152399382977,SEARAH (naik-naik)
2017,2017-10-14,2017-10-21,5824.80067993663,6033.14066647698,3.1336221845853998,3.090618886904744,FLAT,1.5715104235110722,1.4357004629314882,TURUN,2.405397574462415,2.4309647879267566,0.46339152399382977,0.45946499009345665,"DIVERGEN (MVRV naik/flat, Z turun)"
2017,2017-10-21,2017-11-08,6033.14066647698,7475.55819837755,3.090618886904744,3.2802816356700544,NAIK,1.4357004629314882,1.7211501841340415,NAIK,2.4309647879267566,2.4925586427087105,0.45946499009345665,0.45767243336621966,SEARAH (naik-naik)
2017,2017-11-08,2017-12-07,7475.55819837755,18250.9455034354,3.2802816356700544,4.981726881553903,NAIK,1.7211501841340415,4.928576785641791,NAIK,2.4925586427087105,2.6034113327254906,0.45767243336621966,0.4825562535125872,SEARAH (naik-naik)
2017,2017-12-07,2017-12-16,18250.9455034354,19538.1283354772,4.981726881553903,4.386663584786144,TURUN,4.928576785641791,3.307896572957793,TURUN,2.6034113327254906,2.657452063039095,0.4825562535125872,0.5227525962823122,SEARAH (turun-turun)
2017,2017-12-16,2017-12-26,19538.1283354772,15903.4984156017,4.386663584786144,3.26295439559535,TURUN,3.307896572957793,1.069197464423876,TURUN,2.657452063039095,2.694819505664995,0.5227525962823122,0.5313657288146371,SEARAH (turun-turun)
2017,2017-12-26,2018-01-06,15903.4984156017,17578.8059853878,3.26295439559535,3.306780379611575,FLAT,1.069197464423876,1.1167844298219196,FLAT,2.694819505664995,2.7158834489713297,0.5313657288146371,0.5291056311865563,FLAT/FLAT (tidak ada perubahan berarti)
2017,2018-01-06,2018-01-28,17578.8059853878,11881.8509901958,3.306780379611575,2.1682862009184163,TURUN,1.1167844298219196,-1.131849847125644,TURUN,2.7158834489713297,2.7416669355033605,0.5291056311865563,0.5065872792588667,SEARAH (turun-turun)
2017,2018-01-28,2018-02-20,11881.8509901958,11338.0322555782,2.1682862009184163,2.116282752098263,TURUN,-1.131849847125644,-1.0968737298671647,FLAT,2.7416669355033605,2.7159966051684115,0.5065872792588667,0.5467483054250699,"DIVERGEN (MVRV turun, Z naik/flat)"
2017,2018-02-20,2018-03-04,11338.0322555782,11615.682941932,2.116282752098263,2.11613736295615,FLAT,-1.0968737298671647,-1.0404479018168307,FLAT,2.7159966051684115,2.700240737794451,0.5467483054250699,0.5613960812630205,FLAT/FLAT (tidak ada perubahan berarti)
2017,2018-03-04,2018-03-20,11615.682941932,9035.00480931558,2.11613736295615,1.6733246970496192,TURUN,-1.0404479018168307,-1.6913338845155377,TURUN,2.700240737794451,2.674660357467656,0.5613960812630205,0.5920390229187997,SEARAH (turun-turun)
2017,2018-03-20,2018-04-03,9035.00480931558,7525.14153227583,1.6733246970496192,1.4183893670126106,TURUN,-1.6913338845155377,-1.9866638688352631,TURUN,2.674660357467656,2.6549294631724414,0.5920390229187997,0.6224203880472174,SEARAH (turun-turun)
2017,2018-04-03,2018-04-24,7525.14153227583,9653.75255193749,1.4183893670126106,1.8139784128516068,NAIK,-1.9866638688352631,-1.184018316989611,NAIK,2.6549294631724414,2.612372837087754,0.6224203880472174,0.6743091832110166,SEARAH (naik-naik)
2017,2018-04-24,2018-05-05,9653.75255193749,9762.21430170034,1.8139784128516068,1.8177140089525967,FLAT,-1.184018316989611,-1.1193044746763814,FLAT,2.612372837087754,2.5901181611288187,0.6743091832110166,0.6900751043629509,FLAT/FLAT (tidak ada perubahan berarti)
2017,2018-05-05,2018-05-20,9762.21430170034,8492.59917265101,1.8177140089525967,1.5699734733658055,TURUN,-1.1193044746763814,-1.3581763883933786,TURUN,2.5901181611288187,2.5377460635676563,0.6900751043629509,0.7125529485508533,SEARAH (turun-turun)
2017,2018-05-20,2018-06-03,8492.59917265101,7689.38782099348,1.5699734733658055,1.4315437214063418,TURUN,-1.3581763883933786,-1.4197595310220887,FLAT,2.5377460635676563,2.469744914177647,0.7125529485508533,0.7312514338423924,"DIVERGEN (MVRV turun, Z naik/flat)"
2017,2018-06-03,2018-06-19,7689.38782099348,6779.1185915568,1.4315437214063418,1.2818311306160712,TURUN,-1.4197595310220887,-1.4809797930798132,FLAT,2.469744914177647,2.382439066367778,0.7312514338423924,0.7431620207747107,"DIVERGEN (MVRV turun, Z naik/flat)"
2017,2018-06-19,2018-07-07,6779.1185915568,6790.70251040529,1.2818311306160712,1.3102881578245893,NAIK,-1.4809797930798132,-1.2806932709310574,NAIK,2.382439066367778,2.301125668327957,0.7431620207747107,0.7736727700482363,SEARAH (naik-naik)
2017,2018-07-07,2018-07-24,6790.70251040529,8385.183823621,1.3102881578245893,1.6172283977996869,NAIK,-1.2806932709310574,-0.7886528530197474,NAIK,2.301125668327957,2.2441621470076263,0.7736727700482363,0.7949425996589166,SEARAH (naik-naik)
2017,2018-07-24,2018-08-17,8385.183823621,6587.98666677998,1.6172283977996869,1.282535195409339,TURUN,-0.7886528530197474,-1.0761033173917574,TURUN,2.2441621470076263,2.151529560135879,0.7949425996589166,0.8075380408944332,SEARAH (turun-turun)
2017,2018-08-17,2018-09-04,6587.98666677998,7364.0347279285,1.282535195409339,1.4262003918192694,NAIK,-1.0761033173917574,-0.8021464126849248,NAIK,2.151529560135879,2.072828798955564,0.8075380408944332,0.8061226690173876,SEARAH (naik-naik)
2017,2018-09-04,2018-09-15,7364.0347279285,6545.60861225917,1.4262003918192694,1.27761467924772,TURUN,-0.8021464126849248,-0.9312340295919236,TURUN,2.072828798955564,2.0341806280762804,0.8061226690173876,0.8124337435994423,SEARAH (turun-turun)
2017,2018-09-15,2018-09-21,6545.60861225917,6750.46195715367,1.27761467924772,1.3211761416656014,NAIK,-0.9312340295919236,-0.8514566814102144,FLAT,2.0341806280762804,2.017179883147018,0.8124337435994423,0.81742707136747,FLAT/FLAT (tidak ada perubahan berarti)
2017,2018-09-21,2018-10-08,6750.46195715367,6658.16413606773,1.3211761416656014,1.3080971708657954,FLAT,-0.8514566814102144,-0.7952546565370995,FLAT,2.017179883147018,1.9644409491932124,0.81742707136747,0.8253252878586546,FLAT/FLAT (tidak ada perubahan berarti)
2017,2018-10-08,2018-10-16,6658.16413606773,6582.97907522687,1.3080971708657954,1.3011156644287782,FLAT,-0.7952546565370995,-0.7665915505161991,FLAT,1.9644409491932124,1.9284572700429672,0.8253252878586546,0.8183518396357963,FLAT/FLAT (tidak ada perubahan berarti)
2017,2018-10-16,2018-11-07,6582.97907522687,6550.06729670758,1.3011156644287782,1.3081548598450607,FLAT,-0.7665915505161991,-0.6604219202921117,NAIK,1.9284572700429672,1.8229786479761945,0.8183518396357963,0.7795377050831711,FLAT/FLAT (tidak ada perubahan berarti)
2017,2018-11-07,2018-11-29,6550.06729670758,4336.45579983026,1.3081548598450607,0.9017520002146452,TURUN,-0.6604219202921117,-1.0953919726124617,TURUN,1.8229786479761945,1.7013947113465928,0.7795377050831711,0.7300059988798666,SEARAH (turun-turun)
2019 (mini-cycle),2018-12-20,2019-01-06,4156.43990642384,4103.78852514593,0.8949992684781083,0.8957889455475305,FLAT,-1.2532517011681397,-1.3344919495400323,FLAT,1.5185953128082261,1.4183928030665633,0.49758244393274875,0.3916125966133868,FLAT/FLAT (tidak ada perubahan berarti)
2019 (mini-cycle),2019-01-06,2019-01-19,4103.78852514593,3772.88464099678,0.8957889455475305,0.8358388011129937,TURUN,-1.3344919495400323,-1.550038487229002,TURUN,1.4183928030665633,1.357548490631972,0.3916125966133868,0.3365785390604311,SEARAH (turun-turun)
2019 (mini-cycle),2019-01-19,2019-02-02,3772.88464099678,3528.38897286619,0.8358388011129937,0.7901473729127138,TURUN,-1.550038487229002,-1.614916500936883,FLAT,1.357548490631972,1.3097757812357924,0.3365785390604311,0.3217679725370443,"DIVERGEN (MVRV turun, Z naik/flat)"
2019 (mini-cycle),2019-02-02,2019-02-10,3528.38897286619,3712.26142417163,0.7901473729127138,0.8347975373258074,NAIK,-1.614916500936883,-1.399095936395888,NAIK,1.3097757812357924,1.2932820884929606,0.3217679725370443,0.32770058095388566,SEARAH (naik-naik)
2019 (mini-cycle),2019-02-10,2019-02-23,3712.26142417163,4153.60125610778,0.8347975373258074,0.9400837787135364,NAIK,-1.399095936395888,-1.0057634154816992,NAIK,1.2932820884929606,1.256349767197958,0.32770058095388566,0.3144536613841233,SEARAH (naik-naik)
2019 (mini-cycle),2019-02-23,2019-03-09,4153.60125610778,3985.93596132286,0.9400837787135364,0.9064273304632164,TURUN,-1.0057634154816992,-1.0668406849563032,FLAT,1.256349767197958,1.2159065548702035,0.3144536613841233,0.290089447066469,"DIVERGEN (MVRV turun, Z naik/flat)"
2019 (mini-cycle),2019-03-09,2019-03-20,3985.93596132286,4108.24444180822,0.9064273304632164,0.9367708765565672,NAIK,-1.0668406849563032,-0.9029219968458218,NAIK,1.2159065548702035,1.194470671817042,0.290089447066469,0.28540648711704625,SEARAH (naik-naik)
2019 (mini-cycle),2019-03-20,2019-04-10,4108.24444180822,5317.97501107732,0.9367708765565672,1.2053914896228763,NAIK,-0.9029219968458218,0.12065203139168582,NAIK,1.194470671817042,1.1714218793804458,0.28540648711704625,0.28155025531357414,SEARAH (naik-naik)
2019 (mini-cycle),2019-04-10,2019-04-23,5317.97501107732,5531.47024426132,1.2053914896228763,1.2476064093269763,NAIK,0.12065203139168582,0.33101139006985275,NAIK,1.1714218793804458,1.1580037218632286,0.28155025531357414,0.2706936684107425,SEARAH (naik-naik)
2019 (mini-cycle),2019-04-23,2019-05-15,5531.47024426132,8185.612078301,1.2476064093269763,1.793675163240901,NAIK,0.33101139006985275,2.7070252550457634,NAIK,1.1580037218632286,1.1370596012915453,0.2706936684107425,0.2425598212375212,SEARAH (naik-naik)
2019 (mini-cycle),2019-05-15,2019-05-27,8185.612078301,8775.94135894782,1.793675163240901,1.8827561331538776,NAIK,2.7070252550457634,2.863199175495077,NAIK,1.1370596012915453,1.1452196579971703,0.2425598212375212,0.25759174613801694,SEARAH (naik-naik)
2019 (mini-cycle),2019-05-27,2019-06-02,8775.94135894782,8742.9471646236,1.8827561331538776,1.8353711386979012,TURUN,2.863199175495077,2.5343333028915396,TURUN,1.1452196579971703,1.1521846032751404,0.25759174613801694,0.26957248860806166,SEARAH (turun-turun)
2019 (mini-cycle),2019-06-02,2019-06-26,8742.9471646236,12830.4112915608,1.8353711386979012,2.549242279111048,NAIK,2.5343333028915396,4.136146219067016,NAIK,1.1521846032751404,1.1907329388443961,0.26957248860806166,0.3284480935427589,SEARAH (naik-naik)
2019 (mini-cycle),2019-06-26,2019-07-09,12830.4112915608,12486.2395693099,2.549242279111048,2.387125286012476,TURUN,4.136146219067016,3.0454614494636707,TURUN,1.1907329388443961,1.2256707843672856,0.3284480935427589,0.3813722553768433,SEARAH (turun-turun)
2019 (mini-cycle),2019-07-09,2019-08-08,12486.2395693099,11993.9919257893,2.387125286012476,2.1530861906669028,TURUN,3.0454614494636707,2.0370563040336656,TURUN,1.2256707843672856,1.272238168227939,0.3813722553768433,0.4324122120212179,SEARAH (turun-turun)
2019 (mini-cycle),2019-08-08,2019-08-19,11993.9919257893,10947.9703530009,2.1530861906669028,1.9508070810660092,TURUN,2.0370563040336656,1.4676133864506613,TURUN,1.272238168227939,1.2936097617117266,0.4324122120212179,0.4478000305950306,SEARAH (turun-turun)
2019 (mini-cycle),2019-08-19,2019-09-05,10947.9703530009,10650.4380874233,1.9508070810660092,1.8762765019992649,TURUN,1.4676133864506613,1.2146202075931132,TURUN,1.2936097617117266,1.3160708820587157,0.4478000305950306,0.4612187549972106,SEARAH (turun-turun)
2019 (mini-cycle),2019-09-05,2019-10-02,10650.4380874233,8579.7918565564,1.8762765019992649,1.501157035397574,TURUN,1.2146202075931132,0.3271488807466664,TURUN,1.3160708820587157,1.34652678476492,0.4612187549972106,0.47266018541691024,SEARAH (turun-turun)
2019 (mini-cycle),2019-10-02,2019-10-10,8579.7918565564,8650.27324196,1.501157035397574,1.5152793897401091,FLAT,0.3271488807466664,0.34890889151169574,FLAT,1.34652678476492,1.3502622542032408,0.47266018541691024,0.4729519354519999,FLAT/FLAT (tidak ada perubahan berarti)
2019 (mini-cycle),2019-10-10,2019-10-27,8650.27324196,9543.71381079162,1.5152793897401091,1.6676034394887886,NAIK,0.34890889151169574,0.6532916376035579,NAIK,1.3502622542032408,1.3582616764830617,0.4729519354519999,0.47351250988069005,SEARAH (naik-naik)
2019 (mini-cycle),2019-10-27,2019-11-04,9543.71381079162,9435.21244606531,1.6676034394887886,1.6390986775103435,FLAT,0.6532916376035579,0.5754091781123984,FLAT,1.3582616764830617,1.3658402071434537,0.47351250988069005,0.47489418097796227,FLAT/FLAT (tidak ada perubahan berarti)
2019 (mini-cycle),2019-11-04,2019-11-30,9435.21244606531,7787.01148823109,1.6390986775103435,1.368516658522469,TURUN,0.5754091781123984,-0.051705642313106266,TURUN,1.3658402071434537,1.392639105813607,0.47489418097796227,0.4665341384807314,SEARAH (turun-turun)
2019 (mini-cycle),2019-11-30,2019-12-06,7787.01148823109,7735.39632168443,1.368516658522469,1.3639831977757175,FLAT,-0.051705642313106266,-0.0800166033172677,FLAT,1.392639105813607,1.4008478795533537,0.4665341384807314,0.4607129051887745,FLAT/FLAT (tidak ada perubahan berarti)
2019 (mini-cycle),2019-12-06,2019-12-29,7735.39632168443,7634.77263573633,1.3639831977757175,1.3560928345830434,FLAT,-0.0800166033172677,-0.17718555064807298,FLAT,1.4008478795533537,1.432986443023521,0.4607129051887745,0.4339722294466562,FLAT/FLAT (tidak ada perubahan berarti)
2019 (mini-cycle),2019-12-29,2020-01-17,7634.77263573633,9044.16436355555,1.3560928345830434,1.5916515023525175,NAIK,-0.17718555064807298,0.31099922994135537,NAIK,1.432986443023521,1.4635719929836515,0.4339722294466562,0.4118322395621937,SEARAH (naik-naik)
2019 (mini-cycle),2020-01-17,2020-01-30,9044.16436355555,9493.08554046166,1.5916515023525175,1.6593210280956705,NAIK,0.31099922994135537,0.4303114216004347,NAIK,1.4635719929836515,1.4905507242337277,0.4118322395621937,0.392205029637011,SEARAH (naik-naik)
2019 (mini-cycle),2020-01-30,2020-02-14,9493.08554046166,10347.9412053541,1.6593210280956705,1.772176730898983,NAIK,0.4303114216004347,0.6674605930924518,NAIK,1.4905507242337277,1.5272024235348691,0.392205029637011,0.36702437552022177,SEARAH (naik-naik)
2019 (mini-cycle),2020-02-14,2020-03-05,10347.9412053541,9289.64862516547,1.772176730898983,1.58701781793398,TURUN,0.6674605930924518,0.06108686374793225,TURUN,1.5272024235348691,1.5667054036827857,0.36702437552022177,0.3325168948763048,SEARAH (turun-turun)
2021,2020-03-26,2020-04-08,6799.24658729842,7419.50678996563,1.2132461233282803,1.3290860137096503,NAIK,-1.1826996106561827,-0.8480222781876353,NAIK,1.581600807490613,1.586687121105888,0.3114524439201962,0.3037669104009556,SEARAH (naik-naik)
2021,2020-04-08,2020-05-07,7419.50678996563,9971.23131878634,1.3290860137096503,1.7471442265344412,NAIK,-0.8480222781876353,0.500922161036548,NAIK,1.586687121105888,1.600245874533804,0.3037669104009556,0.2932558457718531,SEARAH (naik-naik)
2021,2020-05-07,2020-05-19,9971.23131878634,9772.15111515857,1.7471442265344412,1.6968893572154953,TURUN,0.500922161036548,0.33061520038763326,TURUN,1.600245874533804,1.600138747488548,0.2932558457718531,0.2926381171026347,SEARAH (turun-turun)
2021,2020-05-19,2020-06-01,9772.15111515857,10189.9790223102,1.6968893572154953,1.761289267501429,NAIK,0.33061520038763326,0.5746670268718654,NAIK,1.600138747488548,1.5943254259661983,0.2926381171026347,0.2905401453848488,SEARAH (naik-naik)
2021,2020-06-01,2020-06-10,10189.9790223102,9883.85776375287,1.761289267501429,1.699075723079165,TURUN,0.5746670268718654,0.35895413564783885,TURUN,1.5943254259661983,1.5947569336884053,0.2905401453848488,0.2906187142891826,SEARAH (turun-turun)
2021,2020-06-10,2020-06-16,9883.85776375287,9530.47708115578,1.699075723079165,1.636773841750847,TURUN,0.35895413564783885,0.15595816556428396,TURUN,1.5947569336884053,1.5916731250991762,0.2906187142891826,0.28918470853057626,SEARAH (turun-turun)
2021,2020-06-16,2020-06-22,9530.47708115578,9691.18891001144,1.636773841750847,1.658100975315515,FLAT,0.15595816556428396,0.25819893810821004,NAIK,1.5916731250991762,1.5849259256494446,0.28918470853057626,0.2834056956322687,FLAT/FLAT (tidak ada perubahan berarti)
2021,2020-06-22,2020-07-08,9691.18891001144,9434.09323919054,1.658100975315515,1.6052949880872798,TURUN,0.25819893810821004,0.2066459840432946,FLAT,1.5849259256494446,1.5550941353116123,0.2834056956322687,0.2429316640634536,"DIVERGEN (MVRV turun, Z naik/flat)"
2021,2020-07-08,2020-08-01,9434.09323919054,11814.9456927668,1.6052949880872798,1.970109731190211,NAIK,0.2066459840432946,1.955719496014544,NAIK,1.5550941353116123,1.5365019083293867,0.2429316640634536,0.22171268617225035,SEARAH (naik-naik)
2021,2020-08-01,2020-08-10,11814.9456927668,11897.7501143332,1.970109731190211,1.9463214462494036,FLAT,1.955719496014544,1.9496593670824762,FLAT,1.5365019083293867,1.5321957837825073,0.22171268617225035,0.21240923899778724,FLAT/FLAT (tidak ada perubahan berarti)
2021,2020-08-10,2020-08-17,11897.7501143332,12289.4162465931,1.9463214462494036,1.9893508943746776,NAIK,1.9496593670824762,2.1415339341983057,NAIK,1.5321957837825073,1.5327469840580576,0.21240923899778724,0.21321348358066153,SEARAH (naik-naik)
2021,2020-08-17,2020-09-01,12289.4162465931,11922.6469236938,1.9893508943746776,1.9069637592158903,TURUN,2.1415339341983057,1.7169644495711205,TURUN,1.5327469840580576,1.535252013561576,0.21321348358066153,0.2164935597514346,SEARAH (turun-turun)
2021,2020-09-01,2020-09-19,11922.6469236938,11083.7460368869,1.9069637592158903,1.7682429349829594,TURUN,1.7169644495711205,1.136112127251626,TURUN,1.535252013561576,1.52917715675429,0.2164935597514346,0.21042445766950355,SEARAH (turun-turun)
2021,2020-09-19,2020-09-29,11083.7460368869,10848.5659049815,1.7682429349829594,1.7238886896012633,TURUN,1.136112127251626,0.9022549458191312,TURUN,1.52917715675429,1.533302384326857,0.21042445766950355,0.21123331732072528,SEARAH (turun-turun)
2021,2020-09-29,2020-10-12,10848.5659049815,11539.3047487149,1.7238886896012633,1.8222664733925615,NAIK,0.9022549458191312,1.3078883123440157,NAIK,1.533302384326857,1.5424811411582244,0.21123331732072528,0.21392142554810503,SEARAH (naik-naik)
2021,2020-10-12,2020-11-05,11539.3047487149,15595.7718768751,1.8222664733925615,2.2960630718634683,NAIK,1.3078883123440157,3.009623802683583,NAIK,1.5424811411582244,1.5725958778817382,0.21392142554810503,0.24038459336234586,SEARAH (naik-naik)
2021,2020-11-05,2020-11-24,15595.7718768751,19118.1212264696,2.2960630718634683,2.603632453438093,NAIK,3.009623802683583,3.2739301582085343,NAIK,1.5725958778817382,1.62104344208374,0.24038459336234586,0.30012522072004644,SEARAH (naik-naik)
2021,2020-11-24,2020-11-30,19118.1212264696,19667.5007343055,2.603632453438093,2.6277438278730343,FLAT,3.2739301582085343,3.1301766282324035,TURUN,1.62104344208374,1.6391968075378407,0.30012522072004644,0.3158118974562217,"DIVERGEN (MVRV naik/flat, Z turun)"
2021,2020-11-30,2020-12-19,19667.5007343055,23861.6771924341,2.6277438278730343,2.896934262347092,NAIK,3.1301766282324035,3.271208781347372,NAIK,1.6391968075378407,1.703370663661969,0.3158118974562217,0.36486928180521344,SEARAH (naik-naik)
2021,2020-12-19,2021-01-08,23861.6771924341,40736.1542479504,2.896934262347092,3.772275928052592,NAIK,3.271208781347372,4.060538585765926,NAIK,1.703370663661969,1.8021838187670427,0.36486928180521344,0.4851799995674558,SEARAH (naik-naik)
2021,2021-01-08,2021-02-21,40736.1542479504,57550.822756313,3.772275928052592,3.9535799136871863,NAIK,4.060538585765926,2.898148047388646,TURUN,1.8021838187670427,1.9961027257596564,0.4851799995674558,0.6754234621282718,"DIVERGEN (MVRV naik/flat, Z turun)"
2021,2021-02-21,2021-03-13,57550.822756313,61186.2710771734,3.9535799136871863,3.7766375411937054,TURUN,2.898148047388646,2.311993307594256,TURUN,1.9961027257596564,2.0987196221091553,0.6754234621282718,0.725745145357063,SEARAH (turun-turun)
2021,2021-03-13,2021-04-13,61186.2710771734,63551.3265337792,3.7766375411937054,3.434919054044834,TURUN,2.311993307594256,1.5607180493260497,TURUN,2.0987196221091553,2.2820922288548062,0.725745145357063,0.7386515621369552,SEARAH (turun-turun)
2021,2021-04-13,2021-05-01,63551.3265337792,57935.8578477097,3.434919054044834,2.950990938514064,TURUN,1.5607180493260497,0.8212316045049995,TURUN,2.2820922288548062,2.3593233591989384,0.7386515621369552,0.7204637231073873,SEARAH (turun-turun)
2021,2021-05-01,2021-05-08,57935.8578477097,59074.0801397817,2.950990938514064,2.945509592969445,FLAT,0.8212316045049995,0.7850519553101896,FLAT,2.3593233591989384,2.3830594842768864,0.7204637231073873,0.7164495354582276,FLAT/FLAT (tidak ada perubahan berarti)
2021,2021-05-08,2021-05-26,59074.0801397817,39328.2713283477,2.945509592969445,1.983450892492016,TURUN,0.7850519553101896,-0.6149973296510329,TURUN,2.3830594842768864,2.413745905250228,0.7164495354582276,0.6996697253992531,SEARAH (turun-turun)
2021,2021-05-26,2021-06-03,39328.2713283477,39209.8037900208,1.983450892492016,1.9795766170350175,FLAT,-0.6149973296510329,-0.6307319060282124,FLAT,2.413745905250228,2.4182521219357946,0.6996697253992531,0.6955023215222528,FLAT/FLAT (tidak ada perubahan berarti)
2021,2021-06-03,2021-06-14,39209.8037900208,40545.772401773,1.9795766170350175,2.052197720232593,NAIK,-0.6307319060282124,-0.5390917210821701,FLAT,2.4182521219357946,2.4241668278868413,0.6955023215222528,0.6899922464169163,FLAT/FLAT (tidak ada perubahan berarti)
2021,2021-06-14,2021-06-29,40545.772401773,35887.8251389237,2.052197720232593,1.8444281584469355,TURUN,-0.5390917210821701,-0.8609220525545026,TURUN,2.4241668278868413,2.4317527847808065,0.6899922464169163,0.682204183980627,SEARAH (turun-turun)
2021,2021-06-29,2021-07-30,35887.8251389237,42243.2226963344,1.8444281584469355,2.1181295695898053,NAIK,-0.8609220525545026,-0.4873251826755228,NAIK,2.4317527847808065,2.444137816152772,0.682204183980627,0.6689747588522095,SEARAH (naik-naik)
2021,2021-07-30,2021-08-13,42243.2226963344,47800.3407332082,2.1181295695898053,2.363178329111065,NAIK,-0.4873251826755228,-0.13534237548264774,NAIK,2.444137816152772,2.4530142912671637,0.6689747588522095,0.663768179298852,SEARAH (naik-naik)
2021,2021-08-13,2021-08-23,47800.3407332082,49529.2239967408,2.363178329111065,2.413789862452148,NAIK,-0.13534237548264774,-0.0766015747397183,FLAT,2.4530142912671637,2.4642015292642285,0.663768179298852,0.6581022254878259,FLAT/FLAT (tidak ada perubahan berarti)
2021,2021-08-23,2021-09-06,49529.2239967408,52662.3430046349,2.413789862452148,2.5170064829965826,NAIK,-0.0766015747397183,0.04803320192455865,NAIK,2.4642015292642285,2.4860396813303005,0.6581022254878259,0.6446957609638182,SEARAH (naik-naik)
2021,2021-09-06,2021-09-18,52662.3430046349,48309.8720428052,2.5170064829965826,2.2923508893372206,TURUN,0.04803320192455865,-0.3353815982551653,TURUN,2.4860396813303005,2.5035815800647776,0.6446957609638182,0.6298219455882259,SEARAH (turun-turun)
2021,2021-09-18,2021-10-20,48309.8720428052,66026.7013385388,2.2923508893372206,2.922917460299588,NAIK,-0.3353815982551653,0.6136445640400922,NAIK,2.5035815800647776,2.558958086131171,0.6298219455882259,0.5931110540150372,SEARAH (naik-naik)
2021,2021-10-20,2021-11-08,66026.7013385388,67524.6959548011,2.922917460299588,2.850871175078494,TURUN,0.6136445640400922,0.4482647660493723,TURUN,2.558958086131171,2.5895238440297708,0.5931110540150372,0.5830200159428508,SEARAH (turun-turun)
2021,2021-11-08,2021-12-24,67524.6959548011,50823.3614631592,2.850871175078494,2.070853187563418,TURUN,0.4482647660493723,-0.808238903274913,TURUN,2.5895238440297708,2.554965921029658,0.5830200159428508,0.5989723230404496,SEARAH (turun-turun)
2021,2021-12-24,2022-01-12,50823.3614631592,43935.0013720576,2.070853187563418,1.802668469310909,TURUN,-0.808238903274913,-1.1509743716634853,TURUN,2.554965921029658,2.481275806731723,0.5989723230404496,0.5895937860371585,SEARAH (turun-turun)
2021,2022-01-12,2022-02-09,43935.0013720576,44427.1310356663,1.802668469310909,1.838827827540826,NAIK,-1.1509743716634853,-0.8932217866091624,NAIK,2.481275806731723,2.3767699853850073,0.5895937860371585,0.6022492575850737,SEARAH (naik-naik)
2021,2022-02-09,2022-02-15,44427.1310356663,44567.362408842,1.838827827540826,1.8398048768826605,FLAT,-0.8932217866091624,-0.8646456527712199,FLAT,2.3767699853850073,2.347380377194781,0.6022492575850737,0.5870329639492469,FLAT/FLAT (tidak ada perubahan berarti)
2021,2022-02-15,2022-03-01,44567.362408842,44433.8329941324,1.8398048768826605,1.8332090180122569,FLAT,-0.8646456527712199,-0.8039343090659705,FLAT,2.347380377194781,2.277145143270249,0.5870329639492469,0.5522044777187919,FLAT/FLAT (tidak ada perubahan berarti)
2021,2022-03-01,2022-03-09,44433.8329941324,41949.2532150797,1.8332090180122569,1.7319537002961976,TURUN,-0.8039343090659705,-0.9464748223384117,TURUN,2.277145143270249,2.2420873319753976,0.5522044777187919,0.5389827807768159,SEARAH (turun-turun)
2021,2022-03-09,2022-03-29,41949.2532150797,47444.2536001307,1.7319537002961976,1.929073765436769,NAIK,-0.9464748223384117,-0.47102989331332984,NAIK,2.2420873319753976,2.150353660600313,0.5389827807768159,0.4697788788032365,SEARAH (naik-naik)
2021,2022-03-29,2022-04-19,47444.2536001307,41498.8486738084,1.929073765436769,1.6858125343870665,TURUN,-0.47102989331332984,-0.9692525121232071,TURUN,2.150353660600313,2.0632912957222156,0.4697788788032365,0.38945347741040026,SEARAH (turun-turun)
2021,2022-04-19,2022-05-04,41498.8486738084,39694.6268104868,1.6858125343870665,1.6191797011786089,TURUN,-0.9692525121232071,-1.0724580854266046,TURUN,2.0632912957222156,2.0139801876713537,0.38945347741040026,0.36812672854781103,SEARAH (turun-turun)
2021,2022-05-04,2022-05-15,39694.6268104868,31306.4566177875,1.6191797011786089,1.30536209013355,TURUN,-1.0724580854266046,-1.831665674571755,TURUN,2.0139801876713537,1.972156151872419,0.36812672854781103,0.36403699157312974,SEARAH (turun-turun)
2021,2022-05-15,2022-05-31,31306.4566177875,31763.9881272722,1.30536209013355,1.3367125511691855,NAIK,-1.831665674571755,-1.5435501375261043,NAIK,1.972156151872419,1.9416410325690148,0.36403699157312974,0.3919072446648004,SEARAH (naik-naik)
2021,2022-05-31,2022-06-06,31763.9881272722,31359.0052613532,1.3367125511691855,1.3280130420187628,FLAT,-1.5435501375261043,-1.5065035387202579,FLAT,1.9416410325690148,1.9318774179740574,0.3919072446648004,0.4008383388652803,FLAT/FLAT (tidak ada perubahan berarti)
2021,2022-06-06,2022-06-25,31359.0052613532,21486.7795267034,1.3280130420187628,0.9536769448928416,TURUN,-1.5065035387202579,-2.085174697876625,TURUN,1.9318774179740574,1.8903594188588435,0.4008383388652803,0.4492105505211839,SEARAH (turun-turun)
2021,2022-06-25,2022-07-07,21486.7795267034,21632.7264424563,0.9536769448928416,0.9719253275374632,FLAT,-2.085174697876625,-1.8454871962205437,NAIK,1.8903594188588435,1.8619467593183479,0.4492105505211839,0.48226909057055484,FLAT/FLAT (tidak ada perubahan berarti)
2021,2022-07-07,2022-07-19,21632.7264424563,23407.3349580126,0.9719253275374632,1.064615960569704,NAIK,-1.8454871962205437,-1.5220646475389534,NAIK,1.8619467593183479,1.837947913258321,0.48226909057055484,0.5080808846976557,SEARAH (naik-naik)
2021,2022-07-19,2022-07-28,23407.3349580126,23858.0662916566,1.064615960569704,1.0908468597943122,NAIK,-1.5220646475389534,-1.3932540918171628,NAIK,1.837947913258321,1.8190776936859627,0.5080808846976557,0.5226834345355122,SEARAH (naik-naik)
2021,2022-07-28,2022-08-13,23858.0662916566,24449.7898028232,1.0908468597943122,1.1203460073084297,NAIK,-1.3932540918171628,-1.2108127158977444,NAIK,1.8190776936859627,1.772885095118122,0.5226834345355122,0.5389265236827928,SEARAH (naik-naik)
2021,2022-08-13,2022-08-25,24449.7898028232,21566.8225731527,1.1203460073084297,0.9936945719297112,TURUN,-1.2108127158977444,-1.3519107387773932,TURUN,1.772885095118122,1.7301314986058263,0.5389265236827928,0.5447378333144356,SEARAH (turun-turun)
2021,2022-08-25,2022-09-12,21566.8225731527,22397.7556323332,0.9936945719297112,1.0390064976814344,NAIK,-1.3519107387773932,-1.126716860916247,NAIK,1.7301314986058263,1.6624201817509625,0.5447378333144356,0.5533011049134098,SEARAH (naik-naik)
2021,2022-09-12,2022-10-04,22397.7556323332,20344.6489661715,1.0390064976814344,0.9559110973113168,TURUN,-1.126716860916247,-1.1177525404823452,FLAT,1.6624201817509625,1.5882789987271988,0.5533011049134098,0.5657494646739926,"DIVERGEN (MVRV turun, Z naik/flat)"
2021,2022-10-04,2022-10-17,20344.6489661715,19548.6174791554,0.9559110973113168,0.9234169209898588,TURUN,-1.1177525404823452,-1.1119754184435782,FLAT,1.5882789987271988,1.5283977464239897,0.5657494646739926,0.544059531712416,"DIVERGEN (MVRV turun, Z naik/flat)"
2021,2022-10-17,2022-10-29,19548.6174791554,20807.8630909117,0.9234169209898588,0.9836947326469236,NAIK,-1.1119754184435782,-0.9590106561628867,NAIK,1.5283977464239897,1.4695462268919948,0.544059531712416,0.5066174094342387,SEARAH (naik-naik)
2021,2022-10-29,2022-11-05,20807.8630909117,21300.4973318852,0.9836947326469236,1.0067949703315384,NAIK,-0.9590106561628867,-0.8915645960635795,FLAT,1.4695462268919948,1.4372958995758955,0.5066174094342387,0.4828600542743592,FLAT/FLAT (tidak ada perubahan berarti)
2023-2025 (current),2022-11-30,2022-12-14,17172.1372250751,17800.5289116282,0.849681267118766,0.8888492089406511,NAIK,-1.1605222920308877,-0.9977713471046004,NAIK,1.3226810678497412,1.2763421841644038,0.407574937576801,0.38835849150028784,SEARAH (naik-naik)
2023-2025 (current),2022-12-14,2022-12-26,17800.5289116282,16922.0231290302,0.8888492089406511,0.8498249353201401,TURUN,-0.9977713471046004,-1.0437276237010742,FLAT,1.2763421841644038,1.2387637521444699,0.38835849150028784,0.37264398104665153,"DIVERGEN (MVRV turun, Z naik/flat)"
2023-2025 (current),2022-12-26,2023-01-29,16922.0231290302,23755.8522960817,0.8498249353201401,1.1985045029544144,NAIK,-1.0437276237010742,0.0865679122963103,NAIK,1.2387637521444699,1.1689757590303116,0.37264398104665153,0.3411049561069447,SEARAH (naik-naik)
2023-2025 (current),2023-01-29,2023-02-20,23755.8522960817,24835.755894074,1.1985045029544144,1.2473256463087192,NAIK,0.0865679122963103,0.35701501030969823,NAIK,1.1689757590303116,1.13605759068351,0.3411049561069447,0.31166212179338915,SEARAH (naik-naik)
2023-2025 (current),2023-02-20,2023-03-01,24835.755894074,23649.4803930443,1.2473256463087192,1.1896296327394174,TURUN,0.35701501030969823,0.21436912673141428,TURUN,1.13605759068351,1.1250605930820732,0.31166212179338915,0.3012049386115358,SEARAH (turun-turun)
2023-2025 (current),2023-03-01,2023-03-23,23649.4803930443,28365.4052559054,1.1896296327394174,1.419382145260366,NAIK,0.21436912673141428,1.1862184304332977,NAIK,1.1250605930820732,1.0979925235908823,0.3012049386115358,0.2709362908415508,SEARAH (naik-naik)
2023-2025 (current),2023-03-23,2023-03-31,28365.4052559054,28497.2081539256,1.419382145260366,1.4415698459045676,FLAT,1.1862184304332977,1.4213719684079618,NAIK,1.0979925235908823,1.0875261690049023,0.2709362908415508,0.24908587250121414,FLAT/FLAT (tidak ada perubahan berarti)
2023-2025 (current),2023-03-31,2023-04-14,28497.2081539256,30495.9936496767,1.4415698459045676,1.5318004288669835,NAIK,1.4213719684079618,2.047069209244597,NAIK,1.0875261690049023,1.0759471626412134,0.24908587250121414,0.22268581060529347,SEARAH (naik-naik)
2023-2025 (current),2023-04-14,2023-04-27,30495.9936496767,29491.4405723241,1.5318004288669835,1.4768434556976489,TURUN,2.047069209244597,1.9536857202924969,FLAT,1.0759471626412134,1.0693425701616746,0.22268581060529347,0.20858057225036436,"DIVERGEN (MVRV turun, Z naik/flat)"
2023-2025 (current),2023-04-27,2023-05-05,29491.4405723241,29563.5199685999,1.4768434556976489,1.47557498396456,FLAT,1.9536857202924969,2.011387937658388,FLAT,1.0693425701616746,1.0668566871114942,0.20858057225036436,0.20320212187853048,FLAT/FLAT (tidak ada perubahan berarti)
2023-2025 (current),2023-05-05,2023-05-17,29563.5199685999,27408.6745498218,1.47557498396456,1.3594765331931595,TURUN,2.011387937658388,1.412630396045051,TURUN,1.0668566871114942,1.0691081682425778,0.20320212187853048,0.20555154820647184,SEARAH (turun-turun)
2023-2025 (current),2023-05-17,2023-05-28,27408.6745498218,28084.3386929541,1.3594765331931595,1.3898087784139692,NAIK,1.412630396045051,1.5218465712762663,NAIK,1.0691081682425778,1.0721757347444902,0.20555154820647184,0.2087155496911245,SEARAH (naik-naik)
2023-2025 (current),2023-05-28,2023-06-23,28084.3386929541,30695.0319627857,1.3898087784139692,1.5127557134580052,NAIK,1.5218465712762663,1.978363127826617,NAIK,1.0721757347444902,1.0876470423256417,0.2087155496911245,0.21487899018790238,SEARAH (naik-naik)
2023-2025 (current),2023-06-23,2023-07-03,30695.0319627857,31173.6004676264,1.5127557134580052,1.526374395680156,FLAT,1.978363127826617,1.896599860662067,FLAT,1.0876470423256417,1.1039984562430298,0.21487899018790238,0.22270166111352704,FLAT/FLAT (tidak ada perubahan berarti)
2023-2025 (current),2023-07-03,2023-07-13,31173.6004676264,31481.4081376011,1.526374395680156,1.539268108562839,FLAT,1.896599860662067,1.8296342316257461,FLAT,1.1039984562430298,1.1194856998692773,0.22270166111352704,0.22943515235859926,FLAT/FLAT (tidak ada perubahan berarti)
2023-2025 (current),2023-07-13,2023-07-23,31481.4081376011,30101.2645734077,1.539268108562839,1.4705354642395612,TURUN,1.8296342316257461,1.437420100053439,TURUN,1.1194856998692773,1.1322028544526785,0.22943515235859926,0.23537489824603428,SEARAH (turun-turun)
2023-2025 (current),2023-07-23,2023-08-01,30101.2645734077,29703.8104813107,1.4705354642395612,1.4574479600919257,FLAT,1.437420100053439,1.3174575089927192,TURUN,1.1322028544526785,1.1418347354164242,0.23537489824603428,0.23956235591750358,"DIVERGEN (MVRV naik/flat, Z turun)"
2023-2025 (current),2023-08-01,2023-08-08,29703.8104813107,29774.8224448097,1.4574479600919257,1.4609341412051535,FLAT,1.3174575089927192,1.2856845876939107,FLAT,1.1418347354164242,1.149050547228073,0.23956235591750358,0.2425817319133425,FLAT/FLAT (tidak ada perubahan berarti)
2023-2025 (current),2023-08-08,2023-08-23,29774.8224448097,26442.198971668,1.4609341412051535,1.2997997380338264,TURUN,1.2856845876939107,0.5612303962277081,TURUN,1.149050547228073,1.1618716224020773,0.2425817319133425,0.24576023778973569,SEARAH (turun-turun)
2023-2025 (current),2023-08-23,2023-08-29,26442.198971668,27740.1326391347,1.2997997380338264,1.3650188216118582,NAIK,0.5612303962277081,0.8064426736595915,NAIK,1.1618716224020773,1.1676502257379986,0.24576023778973569,0.24473977174125966,SEARAH (naik-naik)
2023-2025 (current),2023-08-29,2023-09-07,27740.1326391347,26251.1493587611,1.3650188216118582,1.2937021048632362,TURUN,0.8064426736595915,0.48309062582810114,TURUN,1.1676502257379986,1.1767947923598017,0.24473977174125966,0.2419987187766998,SEARAH (turun-turun)
2023-2025 (current),2023-09-07,2023-09-19,26251.1493587611,27218.8557248351,1.2937021048632362,1.340213466336584,NAIK,0.48309062582810114,0.6362934592665872,NAIK,1.1767947923598017,1.1880402545653033,0.2419987187766998,0.23915570646707648,SEARAH (naik-naik)
2023-2025 (current),2023-09-19,2023-10-01,27218.8557248351,27974.3425712162,1.340213466336584,1.3770218641874168,NAIK,0.6362934592665872,0.7484372241122549,NAIK,1.1880402545653033,1.2018406586061643,0.23915570646707648,0.2340626574113019,SEARAH (naik-naik)
2023-2025 (current),2023-10-01,2023-10-07,27974.3425712162,27983.6529132693,1.3770218641874168,1.376004014968913,FLAT,0.7484372241122549,0.7193739480374085,FLAT,1.2018406586061643,1.2089446880731927,0.2340626574113019,0.23222876968437703,FLAT/FLAT (tidak ada perubahan berarti)
2023-2025 (current),2023-10-07,2023-11-01,27983.6529132693,35441.3187280536,1.376004014968913,1.7139744953651326,NAIK,0.7193739480374085,2.005966584513029,NAIK,1.2089446880731927,1.2476666298683632,0.23222876968437703,0.23246043533171362,SEARAH (naik-naik)
2023-2025 (current),2023-11-01,2023-11-15,35441.3187280536,37906.3519401157,1.7139744953651326,1.8113639903199088,NAIK,2.005966584513029,2.231306500914011,NAIK,1.2476666298683632,1.2801214300644035,0.23246043533171362,0.2380858748172392,SEARAH (naik-naik)
2023-2025 (current),2023-11-15,2023-12-08,37906.3519401157,44191.4048992984,1.8113639903199088,2.061107781994461,NAIK,2.231306500914011,2.9280780589403856,NAIK,1.2801214300644035,1.3442251561643428,0.2380858748172392,0.2448304353230064,SEARAH (naik-naik)
2023-2025 (current),2023-12-08,2023-12-22,44191.4048992984,44028.1877377527,2.061107781994461,2.0230379202760416,FLAT,2.9280780589403856,2.507140465614798,TURUN,1.3442251561643428,1.3874338274503204,0.2448304353230064,0.25351754380856323,"DIVERGEN (MVRV naik/flat, Z turun)"
2023-2025 (current),2023-12-22,2024-01-02,44028.1877377527,44974.7685212193,2.0230379202760416,2.0411963983145283,FLAT,2.507140465614798,2.442532609432716,FLAT,1.3874338274503204,1.4214798967762163,0.25351754380856323,0.2537188241192991,FLAT/FLAT (tidak ada perubahan berarti)
2023-2025 (current),2024-01-02,2024-01-08,44974.7685212193,47081.4977792422,2.0411963983145283,2.1072825929943235,NAIK,2.442532609432716,2.6312986820700734,NAIK,1.4214798967762163,1.4402852501150074,0.2537188241192991,0.2534859867579083,SEARAH (naik-naik)
2023-2025 (current),2024-01-08,2024-01-29,47081.4977792422,43332.3683844016,2.1072825929943235,1.903264183231655,TURUN,2.6312986820700734,1.6297314822888416,TURUN,1.4402852501150074,1.4864349209900445,0.2534859867579083,0.2557656072620034,SEARAH (turun-turun)
2023-2025 (current),2024-01-29,2024-02-20,43332.3683844016,52282.8913310682,1.903264183231655,2.223163732118616,NAIK,1.6297314822888416,2.4732991615017688,NAIK,1.4864349209900445,1.5395323653528659,0.2557656072620034,0.27640464097786466,SEARAH (naik-naik)
2023-2025 (current),2024-02-20,2024-03-13,52282.8913310682,73094.9843905541,2.223163732118616,2.7451816325625367,NAIK,2.4732991615017688,3.2545324880891005,NAIK,1.5395323653528659,1.6212214021923688,0.27640464097786466,0.34535228469330825,SEARAH (naik-naik)
2023-2025 (current),2024-03-13,2024-03-31,73094.9843905541,71321.7045409231,2.7451816325625367,2.5513538061625085,TURUN,3.2545324880891005,2.254156632557569,TURUN,1.6212214021923688,1.6759225149394141,0.34535228469330825,0.3883631148691868,SEARAH (turun-turun)
2023-2025 (current),2024-03-31,2024-04-08,71321.7045409231,71636.4603681044,2.5513538061625085,2.521986774745125,FLAT,2.254156632557569,2.0528240378403786,TURUN,1.6759225149394141,1.6978884938375187,0.3883631148691868,0.40144613747536684,"DIVERGEN (MVRV naik/flat, Z turun)"
2023-2025 (current),2024-04-08,2024-04-22,71636.4603681044,66852.6852209244,2.521986774745125,2.3317856422305154,TURUN,2.0528240378403786,1.4501246545749424,TURUN,1.6978884938375187,1.7295873428235022,0.40144613747536684,0.41527347149582,SEARAH (turun-turun)
2023-2025 (current),2024-04-22,2024-05-05,66852.6852209244,64085.5447834871,2.3317856422305154,2.215901858542761,TURUN,1.4501246545749424,1.0954767429407037,TURUN,1.7295873428235022,1.755909969118797,0.41527347149582,0.4199011000353685,SEARAH (turun-turun)
2023-2025 (current),2024-05-05,2024-05-20,64085.5447834871,71424.8899121258,2.215901858542761,2.436781375524127,NAIK,1.0954767429407037,1.5355733344453064,NAIK,1.755909969118797,1.790890264430487,0.4199011000353685,0.42061886372034124,SEARAH (naik-naik)
2023-2025 (current),2024-05-20,2024-05-27,71424.8899121258,69411.1538411746,2.436781375524127,2.349938302367581,TURUN,1.5355733344453064,1.2778257352092723,TURUN,1.790890264430487,1.810230223682777,0.42061886372034124,0.4223643833534272,SEARAH (turun-turun)
2023-2025 (current),2024-05-27,2024-06-05,69411.1538411746,71119.2895092299,2.349938302367581,2.349626604090251,FLAT,1.2778257352092723,1.2242648951699393,FLAT,1.810230223682777,1.8333471715288845,0.4223643833534272,0.4217056574914713,FLAT/FLAT (tidak ada perubahan berarti)
2023-2025 (current),2024-06-05,2024-07-01,71119.2895092299,62862.4157535144,2.349626604090251,2.0426643718432227,TURUN,1.2242648951699393,0.3825063837368129,TURUN,1.8333471715288845,1.8860848378019286,0.4217056574914713,0.40935142705756805,SEARAH (turun-turun)
2023-2025 (current),2024-07-01,2024-07-21,62862.4157535144,68175.5557654758,2.0426643718432227,2.188756059161786,NAIK,0.3825063837368129,0.6918479596544902,NAIK,1.8860848378019286,1.9127948000128567,0.40935142705756805,0.3988755842927462,SEARAH (naik-naik)
2023-2025 (current),2024-07-21,2024-07-28,68175.5557654758,68270.6512974088,2.188756059161786,2.1756093207321885,FLAT,0.6918479596544902,0.632167102026669,FLAT,1.9127948000128567,1.9262315535678842,0.3988755842927462,0.3944807731449838,FLAT/FLAT (tidak ada perubahan berarti)
2023-2025 (current),2024-07-28,2024-08-08,68270.6512974088,61734.0755808046,2.1756093207321885,1.967626019099732,TURUN,0.632167102026669,0.06807553472339635,TURUN,1.9262315535678842,1.9413687540661335,0.3944807731449838,0.385707804430572,SEARAH (turun-turun)
2023-2025 (current),2024-08-08,2024-08-25,61734.0755808046,64281.6083627199,1.967626019099732,2.038698710268416,NAIK,0.06807553472339635,0.19487834416611013,NAIK,1.9413687540661335,1.968008900971831,0.385707804430572,0.36273814619612543,SEARAH (naik-naik)
2023-2025 (current),2024-08-25,2024-09-28,64281.6083627199,65887.2135773289,2.038698710268416,2.062148881456072,FLAT,0.19487834416611013,0.12890628907581783,FLAT,1.968008900971831,2.0239666864572206,0.36273814619612543,0.29620118050558336,FLAT/FLAT (tidak ada perubahan berarti)
2023-2025 (current),2024-09-28,2024-10-06,65887.2135773289,62828.358701696,2.062148881456072,1.9648351280852163,TURUN,0.12890628907581783,-0.25791486141077685,TURUN,2.0239666864572206,2.0368835866527797,0.29620118050558336,0.2793497752454557,SEARAH (turun-turun)
2023-2025 (current),2024-10-06,2024-10-20,62828.358701696,69020.5399560581,1.9648351280852163,2.1096252404783367,NAIK,-0.25791486141077685,0.19754774189592744,NAIK,2.0368835866527797,2.060953444296722,0.2793497752454557,0.2463799166444329,SEARAH (naik-naik)
2023-2025 (current),2024-10-20,2024-10-29,69020.5399560581,72716.9139244938,2.1096252404783367,2.199632818202991,NAIK,0.19754774189592744,0.5400042039493702,NAIK,2.060953444296722,2.0716867795801264,0.2463799166444329,0.23693526399816797,SEARAH (naik-naik)
2023-2025 (current),2024-10-29,2024-11-22,72716.9139244938,98943.4977548279,2.199632818202991,2.7262885349967654,NAIK,0.5400042039493702,2.5478559547641764,NAIK,2.0716867795801264,2.1153194895015592,0.23693526399816797,0.23979732620000335,SEARAH (naik-naik)
2023-2025 (current),2024-11-22,2024-12-17,98943.4977548279,106168.858284328,2.7262885349967654,2.6834475856088624,FLAT,2.5478559547641764,1.9894773694980503,TURUN,2.1153194895015592,2.162337616249027,0.23979732620000335,0.2619330972793688,"DIVERGEN (MVRV naik/flat, Z turun)"
2023-2025 (current),2024-12-17,2024-12-25,106168.858284328,99390.0555088638,2.6834475856088624,2.449387105910553,TURUN,1.9894773694980503,1.0523749554484283,TURUN,2.162337616249027,2.171952700360393,0.2619330972793688,0.26362695550080084,SEARAH (turun-turun)
2023-2025 (current),2024-12-25,2025-01-06,99390.0555088638,102280.873054768,2.449387105910553,2.479300950500821,FLAT,1.0523749554484283,1.1223154929415116,FLAT,2.171952700360393,2.1843843552842763,0.26362695550080084,0.26277512613105664,FLAT/FLAT (tidak ada perubahan berarti)
2023-2025 (current),2025-01-06,2025-01-21,102280.873054768,106188.135939294,2.479300950500821,2.523366029370949,FLAT,1.1223154929415116,1.2374440730051914,NAIK,2.1843843552842763,2.2028386260536443,0.26277512613105664,0.2590237492825746,FLAT/FLAT (tidak ada perubahan berarti)
2023-2025 (current),2025-01-21,2025-02-12,106188.135939294,97915.2900812202,2.523366029370949,2.264886317568632,TURUN,1.2374440730051914,0.1457050606094745,TURUN,2.2028386260536443,2.228486892673443,0.2590237492825746,0.24981579049439154,SEARAH (turun-turun)
2023-2025 (current),2025-02-12,2025-02-20,97915.2900812202,98356.2539966563,2.264886317568632,2.268171271862786,FLAT,0.1457050606094745,0.15733450790094458,FLAT,2.228486892673443,2.228864892441927,0.24981579049439154,0.24982681768455856,FLAT/FLAT (tidak ada perubahan berarti)
2023-2025 (current),2025-02-20,2025-03-02,98356.2539966563,94381.5092907682,2.268171271862786,2.173264501038191,TURUN,0.15733450790094458,-0.19306260857757282,TURUN,2.228864892441927,2.2213809363927064,0.24982681768455856,0.24922710673507825,SEARAH (turun-turun)
2023-2025 (current),2025-03-02,2025-03-24,94381.5092907682,87522.2726893953,2.173264501038191,2.005286498566972,TURUN,-0.19306260857757282,-0.7477309558229782,TURUN,2.2213809363927064,2.183928500804637,0.24922710673507825,0.238912139248061,SEARAH (turun-turun)
2023-2025 (current),2025-03-24,2025-04-12,87522.2726893953,85295.7973429473,2.005286498566972,1.9434964187799464,TURUN,-0.7477309558229782,-0.8874091108497035,TURUN,2.183928500804637,2.154578721502736,0.238912139248061,0.23786357401793654,SEARAH (turun-turun)
2023-2025 (current),2025-04-12,2025-05-10,85295.7973429473,104783.621919911,1.9434964187799464,2.321865458040118,NAIK,-0.8874091108497035,0.7336909905671178,NAIK,2.154578721502736,2.14612767801069,0.23786357401793654,0.2395256072227202,SEARAH (naik-naik)
2023-2025 (current),2025-05-10,2025-05-22,104783.621919911,111695.395495789,2.321865458040118,2.4232786680215783,NAIK,0.7336909905671178,1.1466724645364668,NAIK,2.14612767801069,2.1480501458377903,0.2395256072227202,0.24002366037022346,SEARAH (naik-naik)
2023-2025 (current),2025-05-22,2025-06-09,111695.395495789,110291.893848923,2.4232786680215783,2.339962743904009,TURUN,1.1466724645364668,0.8047821446566444,TURUN,2.1480501458377903,2.147102175250777,0.24002366037022346,0.23964320025454208,SEARAH (turun-turun)
2023-2025 (current),2025-06-09,2025-07-03,110291.893848923,109616.937339918,2.339962743904009,2.267527624685143,TURUN,0.8047821446566444,0.46661263148326954,TURUN,2.147102175250777,2.156017722573022,0.23964320025454208,0.23897746136372877,SEARAH (turun-turun)
2023-2025 (current),2025-07-03,2025-07-14,109616.937339918,119831.19623272,2.267527624685143,2.4114037459113757,NAIK,0.46661263148326954,1.0313284285836974,NAIK,2.156017722573022,2.1687841030950086,0.23897746136372877,0.23524964123169945,SEARAH (naik-naik)
2023-2025 (current),2025-07-14,2025-07-22,119831.19623272,119963.29839406,2.4114037459113757,2.3649857625017168,FLAT,1.0313284285836974,0.808600761221672,TURUN,2.1687841030950086,2.173727565723119,0.23524964123169945,0.23652982528687697,"DIVERGEN (MVRV naik/flat, Z turun)"
2023-2025 (current),2025-07-22,2025-08-13,119963.29839406,123313.782043878,2.3649857625017168,2.377162321192981,FLAT,0.808600761221672,0.8046142914561041,FLAT,2.173727565723119,2.1914430340014515,0.23652982528687697,0.23081778333247685,FLAT/FLAT (tidak ada perubahan berarti)
2023-2025 (current),2025-08-13,2025-09-18,123313.782043878,117108.935005828,2.377162321192981,2.190059117239752,TURUN,0.8046142914561041,-0.13965661623036887,TURUN,2.1914430340014515,2.2188706895135257,0.23081778333247685,0.20630295256651549,SEARAH (turun-turun)
2023-2025 (current),2025-09-18,2025-10-06,117108.935005828,124714.848516762,2.190059117239752,2.284994486885519,NAIK,-0.13965661623036887,0.2896451180929971,NAIK,2.2188706895135257,2.2269068309137534,0.20630295256651549,0.2005476783251546,SEARAH (naik-naik)
2023-2025 (current),2025-10-06,2025-10-26,124714.848516762,114583.603528519,2.284994486885519,2.061831725193238,TURUN,0.2896451180929971,-0.8335349620358634,TURUN,2.2269068309137534,2.2282436865029394,0.2005476783251546,0.19964604832321511,SEARAH (turun-turun)
2023-2025 (current),2025-10-26,2025-11-10,114583.603528519,105997.950274382,2.061831725193238,1.886254305137991,TURUN,-0.8335349620358634,-1.5887656269035757,TURUN,2.2282436865029394,2.2176763046350096,0.19964604832321511,0.20860345533969255,SEARAH (turun-turun)
2023-2025 (current),2025-11-10,2025-11-27,105997.950274382,91362.5136883651,1.886254305137991,1.6181953330962426,TURUN,-1.5887656269035757,-2.4807904856285137,TURUN,2.2176763046350096,2.1722867951715075,0.20860345533969255,0.22335278423759536,SEARAH (turun-turun)
2023-2025 (current),2025-11-27,2025-12-03,91362.5136883651,93473.0138827925,1.6181953330962426,1.656849030395594,NAIK,-2.4807904856285137,-2.189898069922819,NAIK,2.1722867951715075,2.155953025254437,0.22335278423759536,0.22791197531693036,SEARAH (naik-naik)
2023-2025 (current),2025-12-03,2025-12-09,93473.0138827925,92701.4808800457,1.656849030395594,1.644946105802357,FLAT,-2.189898069922819,-2.1426743185766193,FLAT,2.155953025254437,2.1396779123781275,0.22791197531693036,0.23089454252871314,FLAT/FLAT (tidak ada perubahan berarti)
2023-2025 (current),2025-12-09,2025-12-21,92701.4808800457,88654.92324492,1.644946105802357,1.5759149115583413,TURUN,-2.1426743185766193,-2.232566979837118,FLAT,2.1396779123781275,2.107179594130397,0.23089454252871314,0.23796136347533686,"DIVERGEN (MVRV turun, Z naik/flat)"
2023-2025 (current),2025-12-21,2026-01-05,88654.92324492,93850.2531973148,1.5759149115583413,1.6709260144035785,NAIK,-2.232566979837118,-1.5927353641662918,NAIK,2.107179594130397,2.0754592354165915,0.23796136347533686,0.2539864626065885,SEARAH (naik-naik)
2023-2025 (current),2026-01-05,2026-01-14,93850.2531973148,96917.9397276158,1.6709260144035785,1.722763486643377,NAIK,-1.5927353641662918,-1.2952528644997636,NAIK,2.0754592354165915,2.0589271384991505,0.2539864626065885,0.25953515415355016,SEARAH (naik-naik)
2023-2025 (current),2026-01-14,2026-03-04,96917.9397276158,72691.2510514572,1.722763486643377,1.3324841739468694,TURUN,-1.2952528644997636,-1.8177522538248194,TURUN,2.0589271384991505,1.9376825829639177,0.25953515415355016,0.33293778497241383,SEARAH (turun-turun)
2023-2025 (current),2026-03-04,2026-03-16,72691.2510514572,74862.8476786669,1.3324841739468694,1.3758452282263884,NAIK,-1.8177522538248194,-1.533747481183829,NAIK,1.9376825829639177,1.916283770542182,0.33293778497241383,0.3523647464435632,SEARAH (naik-naik)
2023-2025 (current),2026-03-16,2026-03-25,74862.8476786669,71303.5184620582,1.3758452282263884,1.3130095384163891,TURUN,-1.533747481183829,-1.608103106093635,FLAT,1.916283770542182,1.9001115977681564,0.3523647464435632,0.3650898111738254,"DIVERGEN (MVRV turun, Z naik/flat)"
2023-2025 (current),2026-03-25,2026-04-26,71303.5184620582,78674.2482259035,1.3130095384163891,1.453372799232931,NAIK,-1.608103106093635,-0.9885422349573323,NAIK,1.9001115977681564,1.8467737422496586,0.3650898111738254,0.3979606830189786,SEARAH (naik-naik)
2023-2025 (current),2026-04-26,2026-05-11,78674.2482259035,81867.6923115762,1.453372799232931,1.5086741531390462,NAIK,-0.9885422349573323,-0.7740522616921582,NAIK,1.8467737422496586,1.817118777325311,0.3979606830189786,0.3984803603725322,SEARAH (naik-naik)
2023-2025 (current),2026-05-11,2026-06-15,81867.6923115762,66358.0,1.5086741531390462,1.241279046191429,TURUN,-0.7740522616921582,-1.2322312326587073,TURUN,1.817118777325311,1.7245297782372306,0.3984803603725322,0.39217536387478363,SEARAH (turun-turun)
