Date,BTC Price,MVRV,Realized Price,RollMean,RollStd,Z,Cycle
2010-09-11,0.06366,1.2150938114828762,0.0523910165605325,1.2472953564227636,0.12792291503287886,-0.25172616596182856,2011
2010-09-19,0.0627,1.1914887791046,0.052623240016678,1.2377838595016488,0.12251965037196745,-0.37785841092835104,2011
2010-11-06,0.39,4.935268678353425,0.0790230533366052,1.5115974201975382,0.6300165993443043,5.434255639802355,2011
2010-11-14,0.27904,3.235941491284964,0.0862314725873475,1.6170912840172433,0.7379625909053028,2.1936751635090066,2011
2010-11-22,0.284791867824497,3.087482293008412,0.0922408100831563,1.6983950045107283,0.7836217225221587,1.7726503089102459,2011
2010-12-20,0.267,2.5403721256894354,0.1051027120396932,1.8289205980190912,0.7754535139449085,0.9174650896235267,2011
2011-01-14,0.4,3.2698887002438224,0.1223283226643688,1.937900587625445,0.7742749692715746,1.7203037234582057,2011
2011-01-22,0.4441316665,3.4166434785352178,0.1299906382653679,1.981312795626427,0.7884768250081698,1.820384109442809,2011
2011-02-09,1.09,5.373044073647826,0.2028645187084768,2.1433625054959182,0.9537095838230867,3.386441347485729,2011
2011-02-24,0.99189348733234,4.051895780832834,0.2447973839861361,2.2879666999570816,1.0761363697643993,1.6391315547321692,2011
2011-03-10,0.9329,3.083395832465564,0.3025560293548262,2.3422610832036357,1.0682746961657792,0.693767953057381,2011
2011-03-25,0.88377,2.7164412360056933,0.3253411074334566,2.361987189928928,1.0399178561528313,0.34084811985829855,2011
2011-04-30,3.50272007323498,5.558558215001561,0.6301490310530096,2.4474936832669245,1.0545321885286325,2.9501845136424354,2011
2011-05-13,8.194,6.726939377147173,1.2180873857488208,2.5652390797321205,1.1807349875599953,3.524669245226028,2011
2011-06-08,29.6,7.44476641160418,3.9759474459618223,2.7785800215384033,1.3790679283182607,3.3835798036113243,2011
2011-07-10,14.8881160955087,2.0703031256942337,7.191273543827682,2.773379434760718,1.3455523380254417,-0.5225187376198446,2011
2011-07-25,13.9854206262563,1.9941833250871328,7.013106794303993,2.7752361495946545,1.324616474955659,-0.5896445041072489,2011
2011-08-19,11.65,1.710503002886565,6.810862056564649,2.7982828860089666,1.302313448614756,-0.8352673346646696,2011
2011-09-20,6.11216519130136,1.0211639083574722,5.985488853726422,2.795245981109339,1.308695181562899,-1.3556113736379645,2011
2011-10-29,3.58218725511097,0.6412186959779118,5.586529646718795,2.697211269768771,1.4149903031476287,-1.453008242683592,2011
2011-11-11,3.07798387122402,0.5763003593841154,5.340936928294512,2.6036287548564885,1.4603793700783831,-1.3882203741097492,2011
2011-12-02,3.11250071814405,0.6321226115831592,4.923887646336131,2.4671130008510525,1.5360205096167865,-1.1946392497882046,2013
2011-12-11,3.25143431726448,0.666815753554052,4.876061040751821,2.428179726379421,1.5621731412281221,-1.1275088057400928,2013
2012-01-08,7.11248788330686,1.4007663468645393,5.077569074405149,2.30591752990806,1.6147321690622451,-0.5605580915435573,2013
2012-01-15,7.00433279619814,1.3568438191828398,5.162224787534136,2.2759027468150204,1.618358491218911,-0.5678957614267319,2013
2012-02-02,6.10119269354221,1.1823710615751652,5.1601336431679465,2.177282060282785,1.6199517407121085,-0.6141608874535179,2013
2012-02-10,5.92145820833532,1.1497191342714703,5.150351970168352,2.0974297580771357,1.578956170651773,-0.6002133823730285,2013
2012-02-24,5.02717828094935,1.005419168289144,5.0000819951580695,1.9695879901346927,1.5293596660556272,-0.6304395514315068,2013
2012-03-06,4.99076716913043,1.005665186812863,4.962652813852575,1.900210971721258,1.5198556588202718,-0.5885728554004602,2013
2012-03-14,5.3846357454765,1.0836292799422331,4.969075536389667,1.8584683634617667,1.5175356856979154,-0.5105903543633536,2013
2012-04-02,4.97400279171384,1.02418355409467,4.85655405403441,1.7802959404929861,1.521317627451535,-0.49701151998411575,2013
2012-04-20,5.35009038822879,1.096531113719032,4.879104953149248,1.7010075880660518,1.5137407329658277,-0.3993262922658406,2013
2012-05-03,5.1451001062097,1.0541243306516654,4.8809233945192885,1.5736229967045583,1.4063221999991533,-0.36940230770246363,2013
2012-06-20,6.71340012324679,1.3728922572520363,4.889968668542312,1.0935578621444586,0.4485260708106563,0.6227829624322947,2013
2012-07-18,9.09624321619122,1.7865941616590963,5.091387519001024,1.0377876124553775,0.34278347284638466,2.1844884847738553,2013
2012-08-16,13.5058788507023,2.3400842327792963,5.771535341128081,1.0561414145448265,0.3755160103831531,3.419142680293218,2013
2012-08-27,10.946191390968,1.8356250812113883,5.963195590977791,1.0636316099710883,0.3871239333403427,1.994176553691907,2013
2012-09-19,12.5416558889025,1.9534049636622888,6.420407504949261,1.1119412276374567,0.4243127200985201,1.9831216368659763,2013
2012-10-03,12.8571830959704,1.9212168856692016,6.692208043701409,1.1508166441264116,0.44611135601128904,1.7269236282864198,2013
2012-10-18,11.9434086613232,1.7560017356401332,6.801478847610221,1.1973347227095061,0.45035323054849247,1.2405085054018985,2013
2012-10-31,11.1981681665433,1.637471605219497,6.838694564747721,1.2365693505144912,0.4386480635185167,0.913949674117466,2013
2012-12-13,13.73950338064,1.86142821539277,7.381162092109418,1.3731373775318683,0.3801407612655011,1.2845000789585557,2013
2012-12-31,13.5599728441957,1.8039659723941568,7.51675644202945,1.4226175997395127,0.3671915485655378,1.0385543298706383,2013
2013-03-11,48.4418702038992,3.543811677459298,13.669425639070395,1.683667805854161,0.5383756894006999,3.4551037653200516,2013
2013-04-09,230.87482467924,5.644007372342345,40.90618765145652,1.935945950101858,0.8458595394455691,4.383779161101605,2013
2013-04-24,154.736372946798,3.5066073047854345,44.12708909139347,2.0081531876192584,0.847978769511655,1.767089190250748,2013
2013-05-26,133.082655766078,2.7026071333389816,49.24232387474638,2.14399223992214,0.8077641212685884,0.6915569517243978,2013
2013-06-20,110.309030834817,2.1635464147598094,50.98528512366728,2.2186300174171434,0.7660566018661827,-0.07190539514070556,2013
2013-06-28,114.908370005196,2.2378455590016646,51.34776595416991,2.235146111444147,0.7546558172587352,0.0035770579061103125,2013
2013-07-12,105.620104268844,2.074862557012548,50.90462686883662,2.246730270343381,0.7447935992803526,-0.23075884848755124,2013
2013-07-30,107.24868320938,2.087812175827544,51.36893272828527,2.256610648965233,0.738444841339838,-0.22858643420329136,2013
2013-08-06,106.449939130565,2.031625739268464,52.39643162273328,2.2580054871860042,0.7377879772521019,-0.3068357778893252,2013
2013-09-01,145.433321357506,2.594851224626583,56.04688237123686,2.2757267843207454,0.7314128743852296,0.43631230934247556,2013
2013-09-11,141.540803066733,2.4614311614988043,57.50345785845441,2.290620289250579,0.7269015838886893,0.23498486732473736,2013
2013-09-29,144.564698340902,2.4039800745429445,60.13556429679946,2.312034157663253,0.7208211315336513,0.12755718840270874,2013
2013-10-23,214.701652884231,3.1286394863722102,68.62460626078291,2.3523507240391517,0.7114622107977404,1.0911173503686586,2013
2013-11-29,1156.12458772548,5.166669004401919,223.7659479909552,2.593427562126867,0.8887686793867212,2.895288168852519,2013
2013-12-26,760.930399111866,2.7876519256818937,272.9646381248739,2.69702009599516,0.9011047418564123,0.1005785736961259,2013
2014-01-06,925.586311344306,3.219554521844989,287.4889383186752,2.7288955025969726,0.8877531895128437,0.5526975572087401,2013
2014-01-19,851.87902489518,2.8241740456446323,301.63828826659096,2.761889325219158,0.8731146068375649,0.07133624834323944,2013
2014-02-02,814.149937175916,2.629962911743084,309.56707926969,2.7777309101250824,0.8666000561685067,-0.17051464205451833,2013
2014-03-03,680.659703859355,2.162918733905581,314.6949967141336,2.724486709058048,0.8909019123211592,-0.6303364796797389,2013
2014-03-13,644.210887849228,1.9252750334097424,334.6071998390296,2.687171611637451,0.8929207513935766,-0.8532633798000784,2013
2014-04-16,530.937602631916,1.607437466328847,330.3006267761694,2.4675331377177168,0.8144017346019479,-1.0561073667276206,2013
2014-05-10,457.193549962871,1.3899762051805076,328.92185366834974,2.3782418895095323,0.8465472448064792,-1.16740759643597,2013
2014-06-03,671.348575400471,1.971802230315585,340.4745998755779,2.314924632112535,0.8684367349430773,-0.3951035095486149,2013
2014-06-17,613.965632412383,1.7555479108908976,349.72878188258073,2.303027244057435,0.8727471420230397,-0.6273057874443138,2013
2014-07-02,654.638678058191,1.8450514456138616,354.8078182938623,2.289911508010007,0.8787852947000635,-0.506221559553952,2013
2014-07-12,636.214094287588,1.7794873710083234,357.52661392987886,2.2945988988061297,0.8749078049286961,-0.588760924175076,2013
2014-07-18,630.816186224942,1.759182040585235,358.584939859371,2.2923616289042212,0.8761179201995087,-0.6085705771177139,2013
2014-08-01,594.711046101146,1.650040978990877,360.4219856799291,2.2838415062712936,0.8809058803789858,-0.7194872249095909,2013
2014-08-08,590.191442838535,1.623821084549717,363.458418205103,2.2766436862282715,0.884766264548006,-0.737847528592263,2013
2014-09-23,438.947355668582,1.2354162038430283,355.3032203261878,2.165569903657373,0.9355805886738853,-0.994199442650651,2013
2014-10-14,399.092928913598,1.1531161538823853,346.0995040004481,2.0975673575536113,0.9696114678253501,-0.9740511895857072,2013
2014-11-12,431.735207360928,1.2674681647337205,340.62804839885683,1.9417282602972261,0.9588298711840011,-0.703211399464331,2013
2014-12-02,382.363214227987,1.1390073428183638,335.6986385020716,1.7310464676320665,0.6317436053026448,-0.9371509578321395,2013
2014-12-14,354.05950516405,1.0711846234504878,330.5307949843021,1.6486772700328147,0.5309581696743658,-1.0876424538989586,2013
2014-12-23,336.252902313939,1.0259492551618266,327.7480836621892,1.6115993181404933,0.5201467343310582,-1.1259324039241543,2013
2015-01-26,275.740812337644,0.8895335937851871,309.9835849529843,1.431294835617401,0.4069711114943593,-1.3312031899338452,2017
2015-02-02,238.888244353622,0.7761600391117909,307.78219995324287,1.3963744772007352,0.38414917906992063,-1.6145145476831968,2017
2015-02-14,256.9579253513,0.8409806792617263,305.5455751693086,1.3472847214361163,0.36703132239449404,-1.3794573140823179,2017
2015-02-21,245.639535020527,0.8059559491794437,304.78034844288504,1.3254312313186107,0.36556932730055763,-1.4210034686856363,2017
2015-03-03,282.79462109708,0.9315891855082622,303.56151133591266,1.2975219285175976,0.3628829511740164,-1.0084043403677472,2017
2015-03-11,296.790683379287,0.9791612368004072,303.1070596188082,1.2743310144289821,0.35126809639169276,-0.8402977118065296,2017
2015-04-05,260.794183654991,0.8696334736762218,299.88977143730415,1.2215318002784956,0.34625843453842947,-1.016288100162419,2017
2015-04-21,236.176204496744,0.7984142903687415,295.8065848090818,1.1943785474176674,0.35418532299864797,-1.1179578354533832,2017
2015-05-08,244.264222488293,0.829565073893622,294.4485371615535,1.1672142403214403,0.36160453918297536,-0.9337525662446526,2017
2015-05-24,240.592708065407,0.8211227360058707,293.0045625526156,1.1403446253590588,0.3638283849398866,-0.8773968787672555,2017
2015-06-16,251.676431485259,0.8689205672316361,289.6426220950152,1.0757982154348704,0.3255534753183453,-0.6354644133377387,2017
2015-07-12,311.378145060733,1.0748947449907649,289.6824517115007,1.0157156063932422,0.27074244007507847,0.21858094571767892,2017
2015-07-28,295.182971760849,1.0194568956333392,289.54924237131786,0.9837965217247867,0.22587778405434905,0.15787464029650716,2017
2015-08-28,231.742139631433,0.8222139195142535,281.8513943042236,0.9322914593657904,0.15993301984154815,-0.6882727529349161,2017
2015-09-08,244.251385076155,0.8688233479299314,281.1289379574239,0.9168066879862229,0.1432557779882144,-0.3349487240943191,2017
2015-09-28,239.781819791489,0.8577448646039268,279.5491173266434,0.8953320493070154,0.12156855788379281,-0.3091850833586268,2017
2015-11-04,409.881965863057,1.4183644190354343,288.9821264282696,0.8896355271924529,0.1230690708639827,4.296196340243265,2017
2015-12-15,465.345572154734,1.5522907354032565,299.7799069088986,0.9082707266403783,0.16440941810884388,3.9171722409267207,2017
2016-01-01,434.453776034672,1.43152863269012,303.4894071369352,0.9303678434189449,0.20123950399753057,2.4903698295605268,2017
2016-01-07,458.529580553185,1.5014212634889448,305.3970206121043,0.9392657448634399,0.21106146443877938,2.663468294036044,2017
2016-01-20,419.190108879924,1.3690566658997017,306.1890127129583,0.9612491659770983,0.22125681703068767,1.8431409499398232,2017
2016-02-04,389.650185811516,1.2829219487813888,303.72088199257456,0.9815129763879044,0.22530550501263502,1.3377789964634088,2017
2016-02-21,440.687369252635,1.4360423247206002,306.87630974830506,1.0070387875867277,0.23016203551973557,1.863919634552793,2017
2016-02-29,438.681150185598,1.420874938469527,308.7401560183168,1.0201105189372597,0.2353393859520297,1.7029211575063636,2017
2016-03-11,420.775011360991,1.3573577134990518,309.9956681841076,1.0324667495362385,0.24112875922117147,1.3473754230403194,2017
2016-03-17,420.428290699209,1.3531576401288343,310.70163462933994,1.0392661156882255,0.24384638394312066,1.2872510937616646,2017
2016-03-27,427.513979279589,1.370302826039572,311.9850380190657,1.052675774013096,0.24642660785647297,1.288931640902481,2017
2016-04-05,424.630066540869,1.3564919767649657,313.0354427554739,1.0652156041006278,0.2480464390418834,1.174281613513327,2017
2016-04-26,468.155955224252,1.4703626126166218,318.3948987869958,1.100046868183234,0.24792748908902335,1.4936453629811839,2017
2016-05-09,462.133788324292,1.4423378755337042,320.4060547555752,1.1222122409110427,0.24788770507977817,1.2914139268005844,2017
2016-05-15,459.035486966438,1.4287991036567835,321.2736386743314,1.132220122169731,0.24742618400357563,1.1986564101185289,2017
2016-06-16,771.025805227497,2.181890692445357,353.3750833151814,1.2053953018361008,0.26996204308089433,3.6171580992097057,2017
2016-07-02,706.694934016283,1.9559551470896903,361.30426358078313,1.2509204796835363,0.29604691258818816,2.381496436636995,2017
2016-07-17,682.437225930828,1.8625799946425017,366.3935121679502,1.2860368317239015,0.31067405569526224,1.8557814930131369,2017
2016-08-08,595.920804676835,1.6213336101869684,367.54977564926617,1.3304259957702076,0.3168330192998101,0.9181732859146325,2017
2016-08-22,588.554394168369,1.597679154026359,368.3808433533951,1.3578492987971447,0.30640792786881393,0.7827142623146996,2017
2016-09-08,626.164807320783,1.6859393383604184,371.4041146520315,1.3938668839509707,0.28581513936414804,1.0218928747414162,2017
2016-09-18,612.670291280422,1.6413387055164814,373.2747477539272,1.4161840332895512,0.27251735821518996,0.8262030488683205,2017
2016-10-01,614.846748624164,1.6392742405583396,375.0725372313214,1.4439965412116118,0.2509734385768931,0.7780811405940822,2017
2016-10-16,642.6759392034,1.695091806237181,379.1393108259031,1.4754644283291753,0.22649473833838643,0.9696798235545723,2017
2016-11-02,748.477566122293,1.926070828470328,388.60334472576415,1.5077199336129896,0.21506482187751025,1.9452316339099354,2017
2016-11-09,727.824091950038,1.860228714618796,391.2551646097916,1.5177162657232555,0.21730418901246606,1.5761888919494855,2017
2016-11-19,758.961094678218,1.914065994657656,396.51772551027614,1.5372734995047193,0.21434314459112055,1.757893847604519,2017
2016-12-04,799.68954058244,1.9570383491476624,408.62231490288593,1.565054672971877,0.2136751526967531,1.8344841280262798,2017
2017-01-04,1155.2720819306,2.5804416513856587,447.7032376648533,1.6174172730599883,0.25629536709528433,3.7574786826624207,2017
2017-01-22,929.817599105844,2.0462576895160742,454.3990739141655,1.6470324714232414,0.25978670874926296,1.536742276057514,2017
2017-02-08,1076.09578084716,2.2811112011087102,471.74192136014017,1.6870530019643681,0.2630345796542665,2.2584794741633365,2017
2017-03-03,1293.40687325759,2.5597883881586365,505.2788266564456,1.745420253076024,0.28901528677258165,2.8177337751806077,2017
2017-03-15,1272.40145483818,2.437748361920191,521.9576699195981,1.7805295755566828,0.3017119420833227,2.1782988827867036,2017
2017-04-11,1231.09406066777,2.262643915848776,544.0953620870365,1.8342473248285223,0.2854707840132931,1.5006670209736954,2017
2017-05-24,2491.18130563493,3.5600111208024785,699.7678437233031,1.978018293109955,0.35795447665592245,4.419536368065001,2017
2017-06-11,2976.89313994215,3.61161613040938,824.2551346686771,2.0606405028599166,0.45526236144513876,3.406773234286716,2017
2017-06-23,2822.68125961699,3.145597704617714,897.3433746703575,2.096982389750671,0.4912714461045273,2.1344926988570188,2017
2017-07-04,2626.59456097794,2.8391472036044587,925.1350397201415,2.125665532671536,0.5036843892122312,1.4165252809379643,2017
2017-07-20,2856.53210632686,2.976339009380602,959.7468894920424,2.1575510749649927,0.5086941112808877,1.6095879945492346,2017
2017-08-16,4385.92100605985,3.219897591623851,1362.130589950829,2.2398176569105277,0.5147844893914318,1.903864539259826,2017
2017-09-01,4901.28507371056,3.117750514738729,1572.0581395273357,2.300382317559339,0.5137933325675951,1.590850144151795,2017
2017-09-18,4069.72176538011,2.4665389046728423,1649.972663179992,2.3427571913823955,0.4981095576949559,0.2485029877026596,2017
2017-10-14,5824.80067993663,3.1336221845853998,1858.8075833102685,2.405397574462415,0.46339152399382977,1.5715104235110722,2017
2017-10-21,6033.14066647698,3.090618886904744,1952.081730956861,2.4309647879267566,0.45946499009345665,1.4357004629314882,2017
2017-11-08,7475.55819837755,3.2802816356700544,2278.937917125076,2.4925586427087105,0.45767243336621966,1.7211501841340415,2017
2017-12-07,18250.9455034354,4.981726881553903,3663.578099998641,2.6034113327254906,0.4825562535125872,4.928576785641791,2017
2017-12-16,19538.1283354772,4.386663584786144,4453.983752763596,2.657452063039095,0.5227525962823122,3.307896572957793,2017
2017-12-26,15903.4984156017,3.26295439559535,4873.95669307232,2.694819505664995,0.5313657288146371,1.069197464423876,2017
2018-01-06,17578.8059853878,3.306780379611575,5315.988353436603,2.7158834489713297,0.5291056311865563,1.1167844298219196,2017
2018-01-28,11881.8509901958,2.1682862009184163,5479.835173586877,2.7416669355033605,0.5065872792588667,-1.131849847125644,2017
2018-02-20,11338.0322555782,2.116282752098263,5357.522403061079,2.7159966051684115,0.5467483054250699,-1.0968737298671647,2017
2018-03-04,11615.682941932,2.11613736295615,5489.096854140605,2.700240737794451,0.5613960812630205,-1.0404479018168307,2017
2018-03-20,9035.00480931558,1.6733246970496192,5399.433131684463,2.674660357467656,0.5920390229187997,-1.6913338845155377,2017
2018-04-03,7525.14153227583,1.4183893670126106,5305.413102556716,2.6549294631724414,0.6224203880472174,-1.9866638688352631,2017
2018-04-24,9653.75255193749,1.8139784128516068,5321.867384718001,2.612372837087754,0.6743091832110166,-1.184018316989611,2017
2018-05-05,9762.21430170034,1.8177140089525967,5370.5996947922085,2.5901181611288187,0.6900751043629509,-1.1193044746763814,2017
2018-05-20,8492.59917265101,1.5699734733658055,5409.390232845179,2.5377460635676563,0.7125529485508533,-1.3581763883933786,2017
2018-06-03,7689.38782099348,1.4315437214063418,5371.395721982883,2.469744914177647,0.7312514338423924,-1.4197595310220887,2017
2018-06-19,6779.1185915568,1.2818311306160712,5288.620653407468,2.382439066367778,0.7431620207747107,-1.4809797930798132,2017
2018-07-07,6790.70251040529,1.3102881578245893,5182.6023686878,2.301125668327957,0.7736727700482363,-1.2806932709310574,2017
2018-07-24,8385.183823621,1.6172283977996869,5184.910081364776,2.2441621470076263,0.7949425996589166,-0.7886528530197474,2017
2018-08-17,6587.98666677998,1.282535195409339,5136.690743740044,2.151529560135879,0.8075380408944332,-1.0761033173917574,2017
2018-09-04,7364.0347279285,1.4262003918192694,5163.394127619678,2.072828798955564,0.8061226690173876,-0.8021464126849248,2017
2018-09-15,6545.60861225917,1.27761467924772,5123.304168760279,2.0341806280762804,0.8124337435994423,-0.9312340295919236,2017
2018-09-21,6750.46195715367,1.3211761416656014,5109.433741850189,2.017179883147018,0.81742707136747,-0.8514566814102144,2017
2018-10-08,6658.16413606773,1.3080971708657954,5089.961422102048,1.9644409491932124,0.8253252878586546,-0.7952546565370995,2017
2018-10-16,6582.97907522687,1.3011156644287782,5059.4879880390645,1.9284572700429672,0.8183518396357963,-0.7665915505161991,2017
2018-11-07,6550.06729670758,1.3081548598450607,5007.103897074829,1.8229786479761945,0.7795377050831711,-0.6604219202921117,2017
2018-11-29,4336.45579983026,0.9017520002146452,4808.9228510699695,1.7013947113465928,0.7300059988798666,-1.0953919726124617,2017
2018-12-20,4156.43990642384,0.8949992684781083,4644.070730349995,1.5185953128082261,0.49758244393274875,-1.2532517011681397,2019 (mini-cycle)
2019-01-06,4103.78852514593,0.8957889455475305,4581.200231978285,1.4183928030665633,0.3916125966133868,-1.3344919495400323,2019 (mini-cycle)
2019-01-19,3772.88464099678,0.8358388011129937,4513.890281203563,1.357548490631972,0.3365785390604311,-1.550038487229002,2019 (mini-cycle)
2019-02-02,3528.38897286619,0.7901473729127138,4465.482128807844,1.3097757812357924,0.3217679725370443,-1.614916500936883,2019 (mini-cycle)
2019-02-10,3712.26142417163,0.8347975373258074,4446.900305987363,1.2932820884929606,0.32770058095388566,-1.399095936395888,2019 (mini-cycle)
2019-02-23,4153.60125610778,0.9400837787135364,4418.330951090126,1.256349767197958,0.3144536613841233,-1.0057634154816992,2019 (mini-cycle)
2019-03-09,3985.93596132286,0.9064273304632164,4397.413700319369,1.2159065548702035,0.290089447066469,-1.0668406849563032,2019 (mini-cycle)
2019-03-20,4108.24444180822,0.9367708765565672,4385.538176538457,1.194470671817042,0.28540648711704625,-0.9029219968458218,2019 (mini-cycle)
2019-04-10,5317.97501107732,1.2053914896228763,4411.823923479934,1.1714218793804458,0.28155025531357414,0.12065203139168582,2019 (mini-cycle)
2019-04-23,5531.47024426132,1.2476064093269763,4433.66610087013,1.1580037218632286,0.2706936684107425,0.33101139006985275,2019 (mini-cycle)
2019-05-15,8185.612078301,1.793675163240901,4563.597827552471,1.1370596012915453,0.2425598212375212,2.7070252550457634,2019 (mini-cycle)
2019-05-27,8775.94135894782,1.8827561331538776,4661.220433390331,1.1452196579971703,0.25759174613801694,2.863199175495077,2019 (mini-cycle)
2019-06-02,8742.9471646236,1.8353711386979012,4763.585402583075,1.1521846032751404,0.26957248860806166,2.5343333028915396,2019 (mini-cycle)
2019-06-26,12830.4112915608,2.549242279111048,5033.029381591349,1.1907329388443961,0.3284480935427589,4.136146219067016,2019 (mini-cycle)
2019-07-09,12486.2395693099,2.387125286012476,5230.659506006607,1.2256707843672856,0.3813722553768433,3.0454614494636707,2019 (mini-cycle)
2019-08-08,11993.9919257893,2.1530861906669028,5570.604640808294,1.272238168227939,0.4324122120212179,2.0370563040336656,2019 (mini-cycle)
2019-08-19,10947.9703530009,1.9508070810660092,5612.021024148852,1.2936097617117266,0.4478000305950306,1.4676133864506613,2019 (mini-cycle)
2019-09-05,10650.4380874233,1.8762765019992649,5676.369168443315,1.3160708820587157,0.4612187549972106,1.2146202075931132,2019 (mini-cycle)
2019-10-02,8579.7918565564,1.501157035397574,5715.452583735907,1.34652678476492,0.47266018541691024,0.3271488807466664,2019 (mini-cycle)
2019-10-10,8650.27324196,1.5152793897401091,5708.698541358527,1.3502622542032408,0.4729519354519999,0.34890889151169574,2019 (mini-cycle)
2019-10-27,9543.71381079162,1.6676034394887886,5723.011589444363,1.3582616764830617,0.47351250988069005,0.6532916376035579,2019 (mini-cycle)
2019-11-04,9435.21244606531,1.6390986775103435,5756.341930796152,1.3658402071434537,0.47489418097796227,0.5754091781123984,2019 (mini-cycle)
2019-11-30,7787.01148823109,1.368516658522469,5690.110850852488,1.392639105813607,0.4665341384807314,-0.051705642313106266,2019 (mini-cycle)
2019-12-06,7735.39632168443,1.3639831977757175,5671.181532366923,1.4008478795533537,0.4607129051887745,-0.0800166033172677,2019 (mini-cycle)
2019-12-29,7634.77263573633,1.3560928345830434,5629.97786068517,1.432986443023521,0.4339722294466562,-0.17718555064807298,2019 (mini-cycle)
2020-01-17,9044.16436355555,1.5916515023525175,5682.251642515936,1.4635719929836515,0.4118322395621937,0.31099922994135537,2019 (mini-cycle)
2020-01-30,9493.08554046166,1.6593210280956705,5721.066255248062,1.4905507242337277,0.392205029637011,0.4303114216004347,2019 (mini-cycle)
2020-02-14,10347.9412053541,1.772176730898983,5839.113574245406,1.5272024235348691,0.36702437552022177,0.6674605930924518,2019 (mini-cycle)
2020-03-05,9289.64862516547,1.58701781793398,5853.525096056558,1.5667054036827857,0.3325168948763048,0.06108686374793225,2019 (mini-cycle)
2020-03-26,6799.24658729842,1.2132461233282803,5604.17746783822,1.581600807490613,0.3114524439201962,-1.1826996106561827,2021
2020-04-08,7419.50678996563,1.3290860137096503,5582.412811084236,1.586687121105888,0.3037669104009556,-0.8480222781876353,2021
2020-05-07,9971.23131878634,1.7471442265344412,5707.159813912351,1.600245874533804,0.2932558457718531,0.500922161036548,2021
2020-05-19,9772.15111515857,1.6968893572154953,5758.861692193147,1.600138747488548,0.2926381171026347,0.33061520038763326,2021
2020-06-01,10189.9790223102,1.761289267501429,5785.522690867096,1.5943254259661983,0.2905401453848488,0.5746670268718654,2021
2020-06-10,9883.85776375287,1.699075723079165,5817.19674379242,1.5947569336884053,0.2906187142891826,0.35895413564783885,2021
2020-06-16,9530.47708115578,1.636773841750847,5822.720792605706,1.5916731250991762,0.28918470853057626,0.15595816556428396,2021
2020-06-22,9691.18891001144,1.658100975315515,5844.751950747351,1.5849259256494446,0.2834056956322687,0.25819893810821004,2021
2020-07-08,9434.09323919054,1.6052949880872798,5876.859586057344,1.5550941353116123,0.2429316640634536,0.2066459840432946,2021
2020-08-01,11814.9456927668,1.970109731190211,5997.100316655451,1.5365019083293867,0.22171268617225035,1.955719496014544,2021
2020-08-10,11897.7501143332,1.9463214462494036,6112.942000027991,1.5321957837825073,0.21240923899778724,1.9496593670824762,2021
2020-08-17,12289.4162465931,1.9893508943746776,6177.601086537372,1.5327469840580576,0.21321348358066153,2.1415339341983057,2021
2020-09-01,11922.6469236938,1.9069637592158903,6252.162300449894,1.535252013561576,0.2164935597514346,1.7169644495711205,2021
2020-09-19,11083.7460368869,1.7682429349829594,6268.225828932105,1.52917715675429,0.21042445766950355,1.136112127251626,2021
2020-09-29,10848.5659049815,1.7238886896012633,6293.077952434842,1.533302384326857,0.21123331732072528,0.9022549458191312,2021
2020-10-12,11539.3047487149,1.8222664733925615,6332.391512000915,1.5424811411582244,0.21392142554810503,1.3078883123440157,2021
2020-11-05,15595.7718768751,2.2960630718634683,6792.396980723044,1.5725958778817382,0.24038459336234586,3.009623802683583,2021
2020-11-24,19118.1212264696,2.603632453438093,7342.864850691252,1.62104344208374,0.30012522072004644,3.2739301582085343,2021
2020-11-30,19667.5007343055,2.6277438278730343,7484.557865073514,1.6391968075378407,0.3158118974562217,3.1301766282324035,2021
2020-12-19,23861.6771924341,2.896934262347092,8236.872166060615,1.703370663661969,0.36486928180521344,3.271208781347372,2021
2021-01-08,40736.1542479504,3.772275928052592,10798.82676264886,1.8021838187670427,0.4851799995674558,4.060538585765926,2021
2021-02-21,57550.822756313,3.9535799136871863,14556.63576119294,1.9961027257596564,0.6754234621282718,2.898148047388646,2021
2021-03-13,61186.2710771734,3.7766375411937054,16201.255855184309,2.0987196221091553,0.725745145357063,2.311993307594256,2021
2021-04-13,63551.3265337792,3.434919054044834,18501.54997362849,2.2820922288548062,0.7386515621369552,1.5607180493260497,2021
2021-05-01,57935.8578477097,2.950990938514064,19632.67900676191,2.3593233591989384,0.7204637231073873,0.8212316045049995,2021
2021-05-08,59074.0801397817,2.945509592969445,20055.64004299425,2.3830594842768864,0.7164495354582276,0.7850519553101896,2021
2021-05-26,39328.2713283477,1.983450892492016,19828.2052140628,2.413745905250228,0.6996697253992531,-0.6149973296510329,2021
2021-06-03,39209.8037900208,1.9795766170350175,19807.166569156943,2.4182521219357946,0.6955023215222528,-0.6307319060282124,2021
2021-06-14,40545.772401773,2.052197720232593,19757.244636826512,2.4241668278868413,0.6899922464169163,-0.5390917210821701,2021
2021-06-29,35887.8251389237,1.8444281584469355,19457.42639775265,2.4317527847808065,0.682204183980627,-0.8609220525545026,2021
2021-07-30,42243.2226963344,2.1181295695898053,19943.64429014377,2.444137816152772,0.6689747588522095,-0.4873251826755228,2021
2021-08-13,47800.3407332082,2.363178329111065,20227.14077239732,2.4530142912671637,0.663768179298852,-0.13534237548264774,2021
2021-08-23,49529.2239967408,2.413789862452148,20519.27749270788,2.4642015292642285,0.6581022254878259,-0.0766015747397183,2021
2021-09-06,52662.3430046349,2.5170064829965826,20922.60920279338,2.4860396813303005,0.6446957609638182,0.04803320192455865,2021
2021-09-18,48309.8720428052,2.2923508893372206,21074.37926170756,2.5035815800647776,0.6298219455882259,-0.3353815982551653,2021
2021-10-20,66026.7013385388,2.922917460299588,22589.314352985977,2.558958086131171,0.5931110540150372,0.6136445640400922,2021
2021-11-08,67524.6959548011,2.850871175078494,23685.635655894523,2.5895238440297708,0.5830200159428508,0.4482647660493723,2021
2021-12-24,50823.3614631592,2.070853187563418,24542.23301216169,2.554965921029658,0.5989723230404496,-0.808238903274913,2021
2022-01-12,43935.0013720576,1.802668469310909,24372.20272058804,2.481275806731723,0.5895937860371585,-1.1509743716634853,2021
2022-02-09,44427.1310356663,1.838827827540826,24160.57140873344,2.3767699853850073,0.6022492575850737,-0.8932217866091624,2021
2022-02-15,44567.362408842,1.8398048768826605,24223.961447670645,2.347380377194781,0.5870329639492469,-0.8646456527712199,2021
2022-03-01,44433.8329941324,1.8332090180122569,24238.27973654192,2.277145143270249,0.5522044777187919,-0.8039343090659705,2021
2022-03-09,41949.2532150797,1.7319537002961976,24220.770571352783,2.2420873319753976,0.5389827807768159,-0.9464748223384117,2021
2022-03-29,47444.2536001307,1.929073765436769,24594.317983163623,2.150353660600313,0.4697788788032365,-0.47102989331332984,2021
2022-04-19,41498.8486738084,1.6858125343870665,24616.52634994596,2.0632912957222156,0.38945347741040026,-0.9692525121232071,2021
2022-05-04,39694.6268104868,1.6191797011786089,24515.269541480106,2.0139801876713537,0.36812672854781103,-1.0724580854266046,2021
2022-05-15,31306.4566177875,1.30536209013355,23982.96752633943,1.972156151872419,0.36403699157312974,-1.831665674571755,2021
2022-05-31,31763.9881272722,1.3367125511691855,23762.766422361427,1.9416410325690148,0.3919072446648004,-1.5435501375261043,2021
2022-06-06,31359.0052613532,1.3280130420187628,23613.476877970406,1.9318774179740574,0.4008383388652803,-1.5065035387202579,2021
2022-06-25,21486.7795267034,0.9536769448928416,22530.459231262776,1.8903594188588435,0.4492105505211839,-2.085174697876625,2021
2022-07-07,21632.7264424563,0.9719253275374632,22257.60130900844,1.8619467593183479,0.48226909057055484,-1.8454871962205437,2021
2022-07-19,23407.3349580126,1.064615960569704,21986.646664104795,1.837947913258321,0.5080808846976557,-1.5220646475389534,2021
2022-07-28,23858.0662916566,1.0908468597943122,21871.14174408975,1.8190776936859627,0.5226834345355122,-1.3932540918171628,2021
2022-08-13,24449.7898028232,1.1203460073084297,21823.427444136203,1.772885095118122,0.5389265236827928,-1.2108127158977444,2021
2022-08-25,21566.8225731527,0.9936945719297112,21703.67352542832,1.7301314986058263,0.5447378333144356,-1.3519107387773932,2021
2022-09-12,22397.7556323332,1.0390064976814344,21556.89659527085,1.6624201817509625,0.5533011049134098,-1.126716860916247,2021
2022-10-04,20344.6489661715,0.9559110973113168,21282.99276302443,1.5882789987271988,0.5657494646739926,-1.1177525404823452,2021
2022-10-17,19548.6174791554,0.9234169209898588,21169.8714143122,1.5283977464239897,0.544059531712416,-1.1119754184435782,2021
2022-10-29,20807.8630909117,0.9836947326469236,21152.76457252337,1.4695462268919948,0.5066174094342387,-0.9590106561628867,2021
2022-11-05,21300.4973318852,1.0067949703315384,21156.737925370177,1.4372958995758955,0.4828600542743592,-0.8915645960635795,2021
2022-11-30,17172.1372250751,0.849681267118766,20210.092760200667,1.3226810678497412,0.407574937576801,-1.1605222920308877,2023-2025 (current)
2022-12-14,17800.5289116282,0.8888492089406511,20026.4890068848,1.2763421841644038,0.38835849150028784,-0.9977713471046004,2023-2025 (current)
2022-12-26,16922.0231290302,0.8498249353201401,19912.363624227444,1.2387637521444699,0.37264398104665153,-1.0437276237010742,2023-2025 (current)
2023-01-29,23755.8522960817,1.1985045029544144,19821.24575879484,1.1689757590303116,0.3411049561069447,0.0865679122963103,2023-2025 (current)
2023-02-20,24835.755894074,1.2473256463087192,19911.20439764214,1.13605759068351,0.31166212179338915,0.35701501030969823,2023-2025 (current)
2023-03-01,23649.4803930443,1.1896296327394174,19879.70015389202,1.1250605930820732,0.3012049386115358,0.21436912673141428,2023-2025 (current)
2023-03-23,28365.4052559054,1.419382145260366,19984.332866679928,1.0979925235908823,0.2709362908415508,1.1862184304332977,2023-2025 (current)
2023-03-31,28497.2081539256,1.4415698459045676,19768.17719577365,1.0875261690049023,0.24908587250121414,1.4213719684079618,2023-2025 (current)
2023-04-14,30495.9936496767,1.5318004288669835,19908.59453684412,1.0759471626412134,0.22268581060529347,2.047069209244597,2023-2025 (current)
2023-04-27,29491.4405723241,1.4768434556976489,19969.239433297,1.0693425701616746,0.20858057225036436,1.9536857202924969,2023-2025 (current)
2023-05-05,29563.5199685999,1.47557498396456,20035.25424995274,1.0668566871114942,0.20320212187853048,2.011387937658388,2023-2025 (current)
2023-05-17,27408.6745498218,1.3594765331931595,20161.197255419986,1.0691081682425778,0.20555154820647184,1.412630396045051,2023-2025 (current)
2023-05-28,28084.3386929541,1.3898087784139692,20207.34012415979,1.0721757347444902,0.2087155496911245,1.5218465712762663,2023-2025 (current)
2023-06-23,30695.0319627857,1.5127557134580052,20290.805507929625,1.0876470423256417,0.21487899018790238,1.978363127826617,2023-2025 (current)
2023-07-03,31173.6004676264,1.526374395680156,20423.29886812296,1.1039984562430298,0.22270166111352704,1.896599860662067,2023-2025 (current)
2023-07-13,31481.4081376011,1.539268108562839,20452.192806745144,1.1194856998692773,0.22943515235859926,1.8296342316257461,2023-2025 (current)
2023-07-23,30101.2645734077,1.4705354642395612,20469.59444733526,1.1322028544526785,0.23537489824603428,1.437420100053439,2023-2025 (current)
2023-08-01,29703.8104813107,1.4574479600919257,20380.70057708077,1.1418347354164242,0.23956235591750358,1.3174575089927192,2023-2025 (current)
2023-08-08,29774.8224448097,1.4609341412051535,20380.67398455611,1.149050547228073,0.2425817319133425,1.2856845876939107,2023-2025 (current)
2023-08-23,26442.198971668,1.2997997380338264,20343.286890999403,1.1618716224020773,0.24576023778973569,0.5612303962277081,2023-2025 (current)
2023-08-29,27740.1326391347,1.3650188216118582,20322.16127714507,1.1676502257379986,0.24473977174125966,0.8064426736595915,2023-2025 (current)
2023-09-07,26251.1493587611,1.2937021048632362,20291.494664868187,1.1767947923598017,0.2419987187766998,0.48309062582810114,2023-2025 (current)
2023-09-19,27218.8557248351,1.340213466336584,20309.34355497612,1.1880402545653033,0.23915570646707648,0.6362934592665872,2023-2025 (current)
2023-10-01,27974.3425712162,1.3770218641874168,20315.104137960738,1.2018406586061643,0.2340626574113019,0.7484372241122549,2023-2025 (current)
2023-10-07,27983.6529132693,1.376004014968913,20336.897718936896,1.2089446880731927,0.23222876968437703,0.7193739480374085,2023-2025 (current)
2023-11-01,35441.3187280536,1.7139744953651326,20677.856539810087,1.2476666298683632,0.23246043533171362,2.005966584513029,2023-2025 (current)
2023-11-15,37906.3519401157,1.8113639903199088,20926.96561413976,1.2801214300644035,0.2380858748172392,2.231306500914011,2023-2025 (current)
2023-12-08,44191.4048992984,2.061107781994461,21440.60843656412,1.3442251561643428,0.2448304353230064,2.9280780589403856,2023-2025 (current)
2023-12-22,44028.1877377527,2.0230379202760416,21763.40210753197,1.3874338274503204,0.25351754380856323,2.507140465614798,2023-2025 (current)
2024-01-02,44974.7685212193,2.0411963983145283,22033.533156513604,1.4214798967762163,0.2537188241192991,2.442532609432716,2023-2025 (current)
2024-01-08,47081.4977792422,2.1072825929943235,22342.28002251097,1.4402852501150074,0.2534859867579083,2.6312986820700734,2023-2025 (current)
2024-01-29,43332.3683844016,1.903264183231655,22767.39549147887,1.4864349209900445,0.2557656072620034,1.6297314822888416,2023-2025 (current)
2024-02-20,52282.8913310682,2.223163732118616,23517.33728637431,1.5395323653528659,0.27640464097786466,2.4732991615017688,2023-2025 (current)
2024-03-13,73094.9843905541,2.7451816325625367,26626.647768410992,1.6212214021923688,0.34535228469330825,3.2545324880891005,2023-2025 (current)
2024-03-31,71321.7045409231,2.5513538061625085,27954.45475600191,1.6759225149394141,0.3883631148691868,2.254156632557569,2023-2025 (current)
2024-04-08,71636.4603681044,2.521986774745125,28404.772414139275,1.6978884938375187,0.40144613747536684,2.0528240378403786,2023-2025 (current)
2024-04-22,66852.6852209244,2.3317856422305154,28670.16762182957,1.7295873428235022,0.41527347149582,1.4501246545749424,2023-2025 (current)
2024-05-05,64085.5447834871,2.215901858542761,28920.75050003864,1.755909969118797,0.4199011000353685,1.0954767429407037,2023-2025 (current)
2024-05-20,71424.8899121258,2.436781375524127,29311.16046336452,1.790890264430487,0.42061886372034124,1.5355733344453064,2023-2025 (current)
2024-05-27,69411.1538411746,2.349938302367581,29537.43669407929,1.810230223682777,0.4223643833534272,1.2778257352092723,2023-2025 (current)
2024-06-05,71119.2895092299,2.349626604090251,30268.3368435754,1.8333471715288845,0.4217056574914713,1.2242648951699393,2023-2025 (current)
2024-07-01,62862.4157535144,2.0426643718432227,30774.71591517001,1.8860848378019286,0.40935142705756805,0.3825063837368129,2023-2025 (current)
2024-07-21,68175.5557654758,2.188756059161786,31148.08316810991,1.9127948000128567,0.3988755842927462,0.6918479596544902,2023-2025 (current)
2024-07-28,68270.6512974088,2.1756093207321885,31380.01416285196,1.9262315535678842,0.3944807731449838,0.632167102026669,2023-2025 (current)
2024-08-08,61734.0755808046,1.967626019099732,31374.903046388063,1.9413687540661335,0.385707804430572,0.06807553472339635,2023-2025 (current)
2024-08-25,64281.6083627199,2.038698710268416,31530.70536560871,1.968008900971831,0.36273814619612543,0.19487834416611013,2023-2025 (current)
2024-09-28,65887.2135773289,2.062148881456072,31950.75494782235,2.0239666864572206,0.29620118050558336,0.12890628907581783,2023-2025 (current)
2024-10-06,62828.358701696,1.9648351280852163,31976.402398161463,2.0368835866527797,0.2793497752454557,-0.25791486141077685,2023-2025 (current)
2024-10-20,69020.5399560581,2.1096252404783367,32716.96727538602,2.060953444296722,0.2463799166444329,0.19754774189592744,2023-2025 (current)
2024-10-29,72716.9139244938,2.199632818202991,33058.660210343885,2.0716867795801264,0.23693526399816797,0.5400042039493702,2023-2025 (current)
2024-11-22,98943.4977548279,2.7262885349967654,36292.37935923216,2.1153194895015592,0.23979732620000335,2.5478559547641764,2023-2025 (current)
2024-12-17,106168.858284328,2.6834475856088624,39564.34955305406,2.162337616249027,0.2619330972793688,1.9894773694980503,2023-2025 (current)
2024-12-25,99390.0555088638,2.449387105910553,40577.52050258949,2.171952700360393,0.26362695550080084,1.0523749554484283,2023-2025 (current)
2025-01-06,102280.873054768,2.479300950500821,41253.91596131449,2.1843843552842763,0.26277512613105664,1.1223154929415116,2023-2025 (current)
2025-01-21,106188.135939294,2.523366029370949,42081.93924436942,2.2028386260536443,0.2590237492825746,1.2374440730051914,2023-2025 (current)
2025-02-12,97915.2900812202,2.264886317568632,43231.878492838805,2.228486892673443,0.24981579049439154,0.1457050606094745,2023-2025 (current)
2025-02-20,98356.2539966563,2.268171271862786,43363.68034318636,2.228864892441927,0.24982681768455856,0.15733450790094458,2023-2025 (current)
2025-03-02,94381.5092907682,2.173264501038191,43428.450262580176,2.2213809363927064,0.24922710673507825,-0.19306260857757282,2023-2025 (current)
2025-03-24,87522.2726893953,2.005286498566972,43645.76969522357,2.183928500804637,0.238912139248061,-0.7477309558229782,2023-2025 (current)
2025-04-12,85295.7973429473,1.9434964187799464,43887.80782857979,2.154578721502736,0.23786357401793654,-0.8874091108497035,2023-2025 (current)
2025-05-10,104783.621919911,2.321865458040118,45129.06704265227,2.14612767801069,0.2395256072227202,0.7336909905671178,2023-2025 (current)
2025-05-22,111695.395495789,2.4232786680215783,46092.6747591022,2.1480501458377903,0.24002366037022346,1.1466724645364668,2023-2025 (current)
2025-06-09,110291.893848923,2.339962743904009,47134.03840990703,2.147102175250777,0.23964320025454208,0.8047821446566444,2023-2025 (current)
2025-07-03,109616.937339918,2.267527624685143,48342.05155720599,2.156017722573022,0.23897746136372877,0.46661263148326954,2023-2025 (current)
2025-07-14,119831.19623272,2.4114037459113757,49693.54320523813,2.1687841030950086,0.23524964123169945,1.0313284285836974,2023-2025 (current)
2025-07-22,119963.29839406,2.3649857625017168,50724.74443447011,2.173727565723119,0.23652982528687697,0.808600761221672,2023-2025 (current)
2025-08-13,123313.782043878,2.377162321192981,51874.36337203632,2.1914430340014515,0.23081778333247685,0.8046142914561041,2023-2025 (current)
2025-09-18,117108.935005828,2.190059117239752,53472.95608779119,2.2188706895135257,0.20630295256651549,-0.13965661623036887,2023-2025 (current)
2025-10-06,124714.848516762,2.284994486885519,54579.93410161359,2.2269068309137534,0.2005476783251546,0.2896451180929971,2023-2025 (current)
2025-10-26,114583.603528519,2.061831725193238,55573.69310426148,2.2282436865029394,0.19964604832321511,-0.8335349620358634,2023-2025 (current)
2025-11-10,105997.950274382,1.886254305137991,56194.941469797,2.2176763046350096,0.20860345533969255,-1.5887656269035757,2023-2025 (current)
2025-11-27,91362.5136883651,1.6181953330962426,56459.50882428561,2.1722867951715075,0.22335278423759536,-2.4807904856285137,2023-2025 (current)
2025-12-03,93473.0138827925,1.656849030395594,56416.1321689488,2.155953025254437,0.22791197531693036,-2.189898069922819,2023-2025 (current)
2025-12-09,92701.4808800457,1.644946105802357,56355.33015522634,2.1396779123781275,0.23089454252871314,-2.1426743185766193,2023-2025 (current)
2025-12-21,88654.92324492,1.5759149115583413,56256.16116371011,2.107179594130397,0.23796136347533686,-2.232566979837118,2023-2025 (current)
2026-01-05,93850.2531973148,1.6709260144035785,56166.61203926122,2.0754592354165915,0.2539864626065885,-1.5927353641662918,2023-2025 (current)
2026-01-14,96917.9397276158,1.722763486643377,56257.25207146698,2.0589271384991505,0.25953515415355016,-1.2952528644997636,2023-2025 (current)
2026-03-04,72691.2510514572,1.3324841739468694,54553.18154822277,1.9376825829639177,0.33293778497241383,-1.8177522538248194,2023-2025 (current)
2026-03-16,74862.8476786669,1.3758452282263884,54412.25956437929,1.916283770542182,0.3523647464435632,-1.533747481183829,2023-2025 (current)
2026-03-25,71303.5184620582,1.3130095384163891,54305.40782518369,1.9001115977681564,0.3650898111738254,-1.608103106093635,2023-2025 (current)
2026-04-26,78674.2482259035,1.453372799232931,54132.187053057976,1.8467737422496586,0.3979606830189786,-0.9885422349573323,2023-2025 (current)
2026-05-11,81867.6923115762,1.5086741531390462,54264.66155149336,1.817118777325311,0.3984803603725322,-0.7740522616921582,2023-2025 (current)
2026-06-15,66358.0,1.241279046191429,53459.37338071067,1.7245297782372306,0.39217536387478363,-1.2322312326587073,2023-2025 (current)
