event_ticker,meeting_utc,n_markets,first_candle_traded_min,first_candle_any_min,window_minutes,minutes_any_trade,pct_any_trade,pct_last7d,pct_d8_14,pct_d15_21,pct_d22_28,median_market_pct_traded,max_market_pct_traded,volume_in_window,min_bid_ask_share
FEDDECISION-23MAY,2023-05-03T18:00:00Z,6,2023-04-08 03:59:00+00:00,2023-04-08 03:59:00+00:00,40320,569,1.4112103174603174,3.6805555555555554,0.9523809523809523,0.7242063492063492,0.2876984126984127,0.058290958700235644,0.865682748356691,332257.0,1.0
FEDDECISION-23JUN,2023-06-14T18:00:00Z,5,2023-05-04 03:59:00+00:00,2023-05-04 03:59:00+00:00,40320,723,1.7931547619047619,2.1031746031746033,1.7956349206349207,1.369047619047619,1.9047619047619047,0.09921865310678407,0.9748232667741535,337064.0,1.0
FEDDECISION-23JUL,2023-07-26T18:00:00Z,5,2023-06-15 03:59:00+00:00,2023-06-15 03:59:00+00:00,40320,296,0.7341269841269841,1.0317460317460319,0.5654761904761905,0.9821428571428571,0.35714285714285715,0.054570259208731244,0.3869527471164579,212159.0,1.0
FEDDECISION-23SEP,2023-09-20T18:00:00Z,5,2023-07-27 03:59:00+00:00,2023-07-27 03:59:00+00:00,40320,223,0.5530753968253969,0.7837301587301587,0.4365079365079365,0.35714285714285715,0.6349206349206349,0.009921865310678407,0.33982388689073545,169009.0,1.0
FEDDECISION-23NOV,2023-11-01T18:00:00Z,5,2023-09-24 03:59:00+00:00,2023-09-23 03:59:00+00:00,40320,322,0.7986111111111112,0.625,0.7738095238095238,0.9325396825396826,0.8630952380952381,0.034726528587374426,0.47624953491256355,227655.0,1.0
FEDDECISION-23DEC,2023-12-13T19:00:00Z,5,2023-11-02 03:59:00+00:00,2023-11-02 03:59:00+00:00,40320,144,0.35714285714285715,0.5654761904761905,0.3373015873015873,0.24801587301587302,0.2777777777777778,0.06697259084707925,0.16867171028153294,96770.0,1.0
FEDDECISION-24JAN31,2024-01-31T19:00:00Z,5,2023-12-14 04:59:00+00:00,2023-12-14 04:59:00+00:00,40320,129,0.31994047619047616,0.24801587301587302,0.35714285714285715,0.2777777777777778,0.3968253968253968,0.034726528587374426,0.16371077762619374,226181.0,1.0
FEDDECISION-24MAR20,2024-03-20T18:00:00Z,5,2024-02-01 04:59:00+00:00,2024-02-01 04:59:00+00:00,40320,179,0.4439484126984127,0.36706349206349204,0.7043650793650794,0.36706349206349204,0.3373015873015873,0.057050725536400844,0.22820290214560338,287778.0,1.0
FEDDECISION-24MAY,2024-05-01T18:00:00Z,5,2024-03-21 03:59:00+00:00,2024-03-21 03:59:00+00:00,40320,225,0.5580357142857143,0.5456349206349206,0.31746031746031744,0.26785714285714285,1.1011904761904763,0.09921865310678407,0.2703708297159866,512033.0,1.0
FEDDECISION-24JUN,2024-06-12T18:00:00Z,4,2024-05-02 03:59:00+00:00,2024-05-02 03:59:00+00:00,40320,171,0.42410714285714285,0.9523809523809523,0.16865079365079366,0.1884920634920635,0.3869047619047619,0.11286121790896689,0.22324196949026417,285444.0,1.0
FEDDECISION-24JUL,2024-07-31T18:00:00Z,5,2024-06-12 03:59:00+00:00,2024-06-12 03:59:00+00:00,40320,424,1.0515873015873016,1.5575396825396826,0.7638888888888888,1.1904761904761905,0.6944444444444444,0.019843730621356814,0.6449212451940964,936728.0,1.0
FEDDECISION-24SEP,2024-09-18T18:00:00Z,5,2024-07-31 03:59:00+00:00,2024-07-31 03:59:00+00:00,40320,2203,5.463789682539683,14.553571428571429,3.878968253968254,1.1904761904761905,2.232142857142857,0.803671090164951,3.1551531687957337,1943863.0,1.0
FEDDECISION-24NOV,2024-11-07T19:00:00Z,5,2024-09-18 03:59:00+00:00,2024-09-18 03:59:00+00:00,40320,795,1.9717261904761905,2.113095238095238,1.8452380952380953,2.0238095238095237,1.9047619047619047,0.510976063499938,0.9450576708421183,472999.0,1.0
KXFEDDECISION-24DEC,2024-12-18T19:00:00Z,5,2024-10-31 03:59:00+00:00,2024-10-31 03:59:00+00:00,40320,2521,6.252480158730159,8.779761904761905,6.041666666666667,5.069444444444445,5.119047619047619,1.0021083963785191,3.819918144611187,2179944.0,1.0
KXFEDDECISION-25JAN,2025-01-29T19:00:00Z,5,2024-12-19 04:59:00+00:00,2024-12-19 04:59:00+00:00,40320,911,2.2594246031746033,3.373015873015873,1.130952380952381,1.7757936507936507,2.757936507936508,0.09177725412377527,1.215428500558105,1710317.0,1.0
KXFEDDECISION-25MAR,2025-03-19T18:00:00Z,5,2025-01-30 04:59:00+00:00,2025-01-30 04:59:00+00:00,40320,938,2.326388888888889,2.0734126984126986,2.748015873015873,3.1051587301587302,1.378968253968254,0.18851544090288974,1.2551159618008185,2105618.0,1.0
KXFEDDECISION-25MAY,2025-05-07T18:00:00Z,5,2025-03-20 03:59:00+00:00,2025-03-20 03:59:00+00:00,40320,22398,55.55059523809524,59.523809523809526,47.54960317460318,51.76587301587302,63.36309523809524,16.40084335855141,36.423167555500434,37979758.0,1.0
KXFEDDECISION-25JUN,2025-06-18T18:00:00Z,5,2025-05-08 03:59:00+00:00,2025-05-08 03:59:00+00:00,40320,14286,35.43154761904762,34.692460317460316,31.547619047619047,40.654761904761905,34.83134920634921,6.268138410021084,22.021580057050727,24414410.0,1.0
KXFEDDECISION-25JUL,2025-07-30T18:00:00Z,5,2025-06-19 03:59:00+00:00,2025-06-19 03:59:00+00:00,40320,14910,36.979166666666664,51.388888888888886,44.067460317460316,27.90674603174603,24.553571428571427,10.383232047624954,25.10231923601637,38881066.0,1.0
KXFEDDECISION-25SEP,2025-09-17T18:00:00Z,5,2025-07-31 03:59:00+00:00,2025-07-31 03:59:00+00:00,40320,19533,48.444940476190474,71.11111111111111,54.970238095238095,26.17063492063492,41.52777777777778,25.10976063499938,28.76844846831204,77378289.0,1.0
KXFEDDECISION-25OCT,2025-10-29T18:00:00Z,5,2025-08-06 03:59:00+00:00,2025-08-06 03:59:00+00:00,40320,13531,33.55902777777778,41.06150793650794,29.503968253968253,30.436507936507937,33.23412698412698,10.806319601180585,19.348198119993054,33761420.0,1.0
KXFEDDECISION-25DEC,2025-12-10T19:00:00Z,5,2025-08-12 03:59:00+00:00,2025-08-06 03:59:00+00:00,40320,19805,49.11954365079365,61.77579365079365,41.74603174603175,50.089285714285715,42.867063492063494,10.873285547756641,29.259158213249336,35571094.0,1.0
KXFEDDECISION-26JAN,2026-01-28T19:00:00Z,5,2025-10-07 03:59:00+00:00,2025-09-30 03:59:00+00:00,40320,19949,49.476686507936506,48.70039682539682,39.42460317460318,61.98412698412698,47.79761904761905,8.727895037079293,30.377737543093826,31844544.0,1.0
KXFEDDECISION-26MAR,2026-03-18T18:00:00Z,5,2025-10-16 03:59:00+00:00,2025-09-30 03:59:00+00:00,40320,11384,28.234126984126984,35.714285714285715,31.805555555555557,22.648809523809526,22.767857142857142,4.030357895781146,17.946873682382996,24097450.0,1.0
KXFEDDECISION-26APR,2026-04-29T18:00:00Z,5,2025-11-14 04:59:00+00:00,2025-09-30 03:59:00+00:00,40320,8599,21.32688492063492,25.54563492063492,19.910714285714285,19.841269841269842,20.009920634920636,2.7307224881569483,11.240358143803169,11289440.66,1.0
KXFEDDECISION-26JUN,2026-06-17T18:00:00Z,5,2025-09-30 03:59:00+00:00,2025-09-30 03:59:00+00:00,40320,10561,26.192956349206348,34.861111111111114,23.015873015873016,25.40674603174603,21.488095238095237,7.07854857511347,11.257719685508073,24704169.61,1.0
KXFEDDECISION-26JUL,2026-07-29T18:00:00Z,5,2025-10-27 03:59:00+00:00,2025-09-30 03:59:00+00:00,40320,15570,38.61607142857143,59.54365079365079,30.84325396825397,33.00595238095238,31.071428571428573,6.904933158064436,27.146010565738237,61468411.609999985,1.0
KXFEDDECISION-26SEP,2026-09-16T18:00:00Z,5,2026-01-28 04:59:00+00:00,2025-09-30 03:59:00+00:00,40320,20406,50.61011904761905,82.42063492063492,50.97222222222222,46.676587301587304,22.371031746031747,5.6970658994518715,39.55207222401349,92135310.47,1.0
