event_ticker,ticker,source,direction,strike_num,open_ended,result,volume_total_contracts,first_candle_any,first_candle_traded,window_minutes,candles_returned,candles_vol_gt0,candles_empty,pct_traded,traded_with_bid_and_ask,volume_in_window
FEDDECISION-23MAY,FEDDECISION-23MAY-TH50,historical,Hike,50,True,no,0.0,2023-04-08 03:59:00+00:00,,40315,17,0,40315,0.0,0,0.0
FEDDECISION-23MAY,FEDDECISION-23MAY-H50,historical,Hike,50,False,no,10009.0,2023-04-08 03:59:00+00:00,2023-04-13 03:59:00+00:00,40315,58,25,40290,0.062011658191740045,25,10009.0
FEDDECISION-23MAY,FEDDECISION-23MAY-H25,historical,Hike,25,False,yes,178672.0,2023-04-08 03:59:00+00:00,2023-04-08 03:59:00+00:00,40315,531,349,39966,0.865682748356691,349,178672.0
FEDDECISION-23MAY,FEDDECISION-23MAY-H0,historical,Hike,0,False,no,138918.0,2023-04-08 03:59:00+00:00,2023-04-08 03:59:00+00:00,40315,471,308,40007,0.7639836289222374,308,138918.0
FEDDECISION-23MAY,FEDDECISION-23MAY-TC25,historical,Cut,25,True,no,1199.0,2023-04-08 03:59:00+00:00,2023-04-11 03:59:00+00:00,40315,49,13,40302,0.032246062259704826,13,1199.0
FEDDECISION-23MAY,FEDDECISION-23MAY-C25,historical,Cut,25,False,no,3459.0,2023-04-08 03:59:00+00:00,2023-04-13 03:59:00+00:00,40315,69,22,40293,0.054570259208731244,22,3459.0
FEDDECISION-23JUN,FEDDECISION-23JUN-H>25,historical,Hike,25,True,no,12082.0,2023-05-04 03:59:00+00:00,2023-05-24 03:59:00+00:00,40315,17,12,40303,0.029765595932035222,12,12082.0
FEDDECISION-23JUN,FEDDECISION-23JUN-H25,historical,Hike,25,False,no,155870.0,2023-05-04 03:59:00+00:00,2023-05-04 03:59:00+00:00,40315,625,393,39922,0.9748232667741535,393,125608.0
FEDDECISION-23JUN,FEDDECISION-23JUN-H0,historical,Hike,0,False,yes,187855.0,2023-05-04 03:59:00+00:00,2023-05-04 03:59:00+00:00,40315,670,383,39932,0.9500186034974575,383,153184.0
FEDDECISION-23JUN,FEDDECISION-23JUN-C25,historical,Cut,25,False,no,74914.0,2023-05-04 03:59:00+00:00,2023-05-04 03:59:00+00:00,40315,48,40,40275,0.09921865310678407,40,39240.0
FEDDECISION-23JUN,FEDDECISION-23JUN-C>25,historical,Cut,25,True,no,24557.0,2023-05-04 03:59:00+00:00,2023-05-04 03:59:00+00:00,40315,6,6,40309,0.014882797966017611,6,6950.0
FEDDECISION-23JUL,FEDDECISION-23JUL-H>25,historical,Hike,25,True,no,25300.0,2023-06-15 03:59:00+00:00,2023-06-15 03:59:00+00:00,40315,25,22,40293,0.054570259208731244,22,25070.0
FEDDECISION-23JUL,FEDDECISION-23JUL-H25,historical,Hike,25,False,yes,76525.0,2023-06-15 03:59:00+00:00,2023-06-15 03:59:00+00:00,40315,185,156,40159,0.3869527471164579,156,71141.0
FEDDECISION-23JUL,FEDDECISION-23JUL-H0,historical,Hike,0,False,no,122636.0,2023-06-15 03:59:00+00:00,2023-06-15 03:59:00+00:00,40315,162,136,40179,0.3373434205630659,136,114911.0
FEDDECISION-23JUL,FEDDECISION-23JUL-C>25,historical,Cut,25,True,no,287.0,2023-06-15 03:59:00+00:00,2023-07-02 03:59:00+00:00,40315,2,2,40313,0.004960932655339203,2,287.0
FEDDECISION-23JUL,FEDDECISION-23JUL-C25,historical,Cut,25,False,no,940.0,2023-06-15 03:59:00+00:00,2023-06-15 03:59:00+00:00,40315,7,3,40312,0.0074413989830088055,3,750.0
FEDDECISION-23SEP,FEDDECISION-23SEP-H>25,historical,Hike,25,True,no,51.0,2023-07-27 03:59:00+00:00,2023-08-27 03:59:00+00:00,40315,2,2,40313,0.004960932655339203,2,51.0
FEDDECISION-23SEP,FEDDECISION-23SEP-H25,historical,Hike,25,False,no,138085.0,2023-07-27 03:59:00+00:00,2023-07-27 03:59:00+00:00,40315,198,137,40178,0.33982388689073545,137,107875.0
FEDDECISION-23SEP,FEDDECISION-23SEP-H0,historical,Hike,0,False,yes,106598.0,2023-07-27 03:59:00+00:00,2023-07-27 03:59:00+00:00,40315,181,96,40219,0.23812476745628178,96,59786.0
FEDDECISION-23SEP,FEDDECISION-23SEP-C>25,historical,Cut,25,True,no,252.0,2023-07-27 03:59:00+00:00,2023-08-01 03:59:00+00:00,40315,3,3,40312,0.0074413989830088055,3,52.0
FEDDECISION-23SEP,FEDDECISION-23SEP-C25,historical,Cut,25,False,no,1245.0,2023-07-27 03:59:00+00:00,2023-08-30 03:59:00+00:00,40315,7,4,40311,0.009921865310678407,4,1245.0
FEDDECISION-23NOV,FEDDECISION-23NOV-H26,historical,Hike,25,True,no,4961.0,2023-09-23 03:59:00+00:00,2023-09-29 03:59:00+00:00,40315,31,11,40304,0.027285129604365622,11,3803.0
FEDDECISION-23NOV,FEDDECISION-23NOV-H25,historical,Hike,25,False,no,146825.0,2023-09-23 03:59:00+00:00,2023-09-24 03:59:00+00:00,40315,319,192,40123,0.47624953491256355,192,113587.0
FEDDECISION-23NOV,FEDDECISION-23NOV-H0,historical,Hike,0,False,yes,141476.0,2023-09-23 03:59:00+00:00,2023-09-24 03:59:00+00:00,40315,315,167,40148,0.4142378767208235,167,100391.0
FEDDECISION-23NOV,FEDDECISION-23NOV-C26,historical,Cut,25,True,no,5510.0,2023-09-23 03:59:00+00:00,2023-09-24 03:59:00+00:00,40315,39,10,40305,0.024804663276696018,10,5509.0
FEDDECISION-23NOV,FEDDECISION-23NOV-C25,historical,Cut,25,False,no,5364.0,2023-09-23 03:59:00+00:00,2023-10-02 03:59:00+00:00,40315,53,14,40301,0.034726528587374426,14,4365.0
FEDDECISION-23DEC,FEDDECISION-23DEC-H26,historical,Hike,25,True,no,1984.0,2023-11-02 03:59:00+00:00,2023-11-12 04:59:00+00:00,40315,6,2,40313,0.004960932655339203,2,1025.0
FEDDECISION-23DEC,FEDDECISION-23DEC-H25,historical,Hike,25,False,no,48712.0,2023-11-02 03:59:00+00:00,2023-11-02 03:59:00+00:00,40315,74,62,40253,0.1537889123155153,62,22745.0
FEDDECISION-23DEC,FEDDECISION-23DEC-H0,historical,Hike,0,False,yes,81794.0,2023-11-02 03:59:00+00:00,2023-11-02 03:59:00+00:00,40315,109,68,40247,0.16867171028153294,68,61950.0
FEDDECISION-23DEC,FEDDECISION-23DEC-C25,historical,Cut,25,False,no,10535.0,2023-11-02 03:59:00+00:00,2023-11-05 03:59:00+00:00,40315,45,27,40288,0.06697259084707925,27,10425.0
FEDDECISION-23DEC,FEDDECISION-23DEC-C24,historical,Cut,25,True,no,1835.0,2023-11-02 03:59:00+00:00,2023-11-02 03:59:00+00:00,40315,7,3,40312,0.0074413989830088055,3,625.0
FEDDECISION-24JAN31,FEDDECISION-24JAN31-H26,historical,Hike,25,True,no,600.0,2023-12-14 04:59:00+00:00,2023-12-17 04:59:00+00:00,40315,0,0,40315,0.0,0,0.0
FEDDECISION-24JAN31,FEDDECISION-24JAN31-H25,historical,Hike,25,False,no,2788.0,2023-12-14 04:59:00+00:00,2024-01-05 04:59:00+00:00,40315,14,14,40301,0.034726528587374426,14,2788.0
FEDDECISION-24JAN31,FEDDECISION-24JAN31-H0,historical,Hike,0,False,yes,176465.0,2023-12-14 04:59:00+00:00,2023-12-14 04:59:00+00:00,40315,90,61,40254,0.1513084459878457,61,148785.0
FEDDECISION-24JAN31,FEDDECISION-24JAN31-C25,historical,Cut,25,False,no,102686.0,2023-12-14 04:59:00+00:00,2023-12-14 04:59:00+00:00,40315,91,66,40249,0.16371077762619374,66,74320.0
FEDDECISION-24JAN31,FEDDECISION-24JAN31-C26,historical,Cut,25,True,no,505.0,2023-12-14 04:59:00+00:00,2023-12-14 04:59:00+00:00,40315,4,4,40311,0.009921865310678407,4,288.0
FEDDECISION-24MAR20,FEDDECISION-24MAR20-H26,historical,Hike,25,True,no,84.0,2024-02-01 04:59:00+00:00,2024-03-04 04:59:00+00:00,40315,3,2,40313,0.004960932655339203,2,84.0
FEDDECISION-24MAR20,FEDDECISION-24MAR20-H25,historical,Hike,25,False,no,15481.0,2024-02-01 04:59:00+00:00,2024-02-03 04:59:00+00:00,40315,80,23,40292,0.057050725536400844,23,10135.0
FEDDECISION-24MAR20,FEDDECISION-24MAR20-H0,historical,Hike,0,False,yes,255738.0,2024-02-01 04:59:00+00:00,2024-02-01 04:59:00+00:00,40315,124,92,40223,0.22820290214560338,92,186905.0
FEDDECISION-24MAR20,FEDDECISION-24MAR20-C25,historical,Cut,25,False,no,133511.0,2024-02-01 04:59:00+00:00,2024-02-01 04:59:00+00:00,40315,89,68,40247,0.16867171028153294,68,81499.0
FEDDECISION-24MAR20,FEDDECISION-24MAR20-C26,historical,Cut,25,True,no,30855.0,2024-02-01 04:59:00+00:00,2024-02-01 04:59:00+00:00,40315,8,8,40307,0.019843730621356814,8,9155.0
FEDDECISION-24MAY,FEDDECISION-24MAY-H26,historical,Hike,25,True,no,1041.0,2024-03-21 03:59:00+00:00,2024-04-01 03:59:00+00:00,40315,14,7,40308,0.017363264293687213,7,482.0
FEDDECISION-24MAY,FEDDECISION-24MAY-H25,historical,Hike,25,False,no,20983.0,2024-03-21 03:59:00+00:00,2024-03-29 03:59:00+00:00,40315,136,40,40275,0.09921865310678407,40,20418.0
FEDDECISION-24MAY,FEDDECISION-24MAY-H0,historical,Hike,0,False,yes,333580.0,2024-03-21 03:59:00+00:00,2024-03-21 03:59:00+00:00,40315,232,109,40206,0.2703708297159866,109,255253.0
FEDDECISION-24MAY,FEDDECISION-24MAY-C25,historical,Cut,25,False,no,248882.0,2024-03-21 03:59:00+00:00,2024-03-22 03:59:00+00:00,40315,241,91,40224,0.22572243581793378,91,222526.0
FEDDECISION-24MAY,FEDDECISION-24MAY-C26,historical,Cut,25,True,no,14712.0,2024-03-21 03:59:00+00:00,2024-03-22 03:59:00+00:00,40315,127,12,40303,0.029765595932035222,12,13354.0
FEDDECISION-24JUN,FEDDECISION-24JUN-H25,historical,Hike,25,False,no,22016.0,2024-05-02 03:59:00+00:00,2024-05-03 03:59:00+00:00,40315,46,29,40286,0.07193352350241845,29,17947.0
FEDDECISION-24JUN,FEDDECISION-24JUN-H0,historical,Hike,0,False,yes,458584.0,2024-05-02 03:59:00+00:00,2024-05-02 03:59:00+00:00,40315,140,90,40225,0.22324196949026417,90,198579.0
FEDDECISION-24JUN,FEDDECISION-24JUN-C25,historical,Cut,25,False,no,407221.0,2024-05-02 03:59:00+00:00,2024-05-02 03:59:00+00:00,40315,83,62,40253,0.1537889123155153,62,67917.0
FEDDECISION-24JUN,FEDDECISION-24JUN-C26,historical,Cut,25,True,no,1205.0,2024-05-02 03:59:00+00:00,2024-05-03 03:59:00+00:00,40315,20,3,40312,0.0074413989830088055,3,1001.0
FEDDECISION-24JUL,FEDDECISION-24JUL-H26,historical,Hike,25,True,no,7.0,2024-06-12 03:59:00+00:00,2024-07-18 03:59:00+00:00,40315,1,1,40314,0.0024804663276696017,1,7.0
FEDDECISION-24JUL,FEDDECISION-24JUL-H25,historical,Hike,25,False,no,29746.0,2024-06-12 03:59:00+00:00,2024-06-13 03:59:00+00:00,40315,9,8,40307,0.019843730621356814,8,23648.0
FEDDECISION-24JUL,FEDDECISION-24JUL-H0,historical,Hike,0,False,yes,513208.0,2024-06-12 03:59:00+00:00,2024-06-12 03:59:00+00:00,40315,278,178,40137,0.44152300632518915,178,435266.0
FEDDECISION-24JUL,FEDDECISION-24JUL-C25,historical,Cut,25,False,no,566064.0,2024-06-12 03:59:00+00:00,2024-06-13 03:59:00+00:00,40315,402,260,40055,0.6449212451940964,260,475800.0
FEDDECISION-24JUL,FEDDECISION-24JUL-C26,historical,Cut,25,True,no,2549.0,2024-06-12 03:59:00+00:00,2024-07-02 03:59:00+00:00,40315,2,2,40313,0.004960932655339203,2,2007.0
FEDDECISION-24SEP,FEDDECISION-24SEP-H26,historical,Hike,25,True,no,57.0,2024-07-31 03:59:00+00:00,2024-08-21 03:59:00+00:00,40315,1,1,40314,0.0024804663276696017,1,50.0
FEDDECISION-24SEP,FEDDECISION-24SEP-H25,historical,Hike,25,False,no,1316.0,2024-07-31 03:59:00+00:00,2024-08-19 03:59:00+00:00,40315,1,1,40314,0.0024804663276696017,1,1307.0
FEDDECISION-24SEP,FEDDECISION-24SEP-H0,historical,Hike,0,False,no,718309.0,2024-07-31 03:59:00+00:00,2024-07-31 03:59:00+00:00,40315,425,324,39991,0.803671090164951,324,582755.0
FEDDECISION-24SEP,FEDDECISION-24SEP-C26,historical,Cut,25,True,yes,920181.0,2024-07-31 03:59:00+00:00,2024-07-31 03:59:00+00:00,40315,3064,1032,39283,2.559841250155029,1032,704826.0
FEDDECISION-24SEP,FEDDECISION-24SEP-C25,historical,Cut,25,False,no,807315.0,2024-07-31 03:59:00+00:00,2024-07-31 03:59:00+00:00,40315,3276,1272,39043,3.1551531687957337,1272,654925.0
FEDDECISION-24NOV,FEDDECISION-24NOV-H26,historical,Hike,25,True,no,199.0,2024-09-18 03:59:00+00:00,2024-09-19 03:59:00+00:00,40315,0,0,40315,0.0,0,0.0
FEDDECISION-24NOV,FEDDECISION-24NOV-H25,historical,Hike,25,False,no,5881.0,2024-09-18 03:59:00+00:00,2024-09-22 03:59:00+00:00,40315,9,9,40306,0.022324196949026417,9,3764.0
FEDDECISION-24NOV,FEDDECISION-24NOV-H0,historical,Hike,0,False,no,385296.0,2024-09-18 03:59:00+00:00,2024-09-18 03:59:00+00:00,40315,4083,301,40014,0.7466203646285502,301,143537.0
FEDDECISION-24NOV,FEDDECISION-24NOV-C26,historical,Cut,25,True,no,307242.0,2024-09-18 03:59:00+00:00,2024-09-18 03:59:00+00:00,40315,618,206,40109,0.510976063499938,206,162549.0
FEDDECISION-24NOV,FEDDECISION-24NOV-C25,historical,Cut,25,False,yes,406066.0,2024-09-18 03:59:00+00:00,2024-09-18 03:59:00+00:00,40315,2355,381,39934,0.9450576708421183,381,163149.0
KXFEDDECISION-24DEC,KXFEDDECISION-24DEC-H26,historical,Hike,25,True,no,10665.0,2024-10-31 03:59:00+00:00,2024-11-02 03:59:00+00:00,40315,8,8,40307,0.019843730621356814,8,5390.0
KXFEDDECISION-24DEC,KXFEDDECISION-24DEC-H25,historical,Hike,25,False,no,99564.0,2024-10-31 03:59:00+00:00,2024-11-03 03:59:00+00:00,40315,29,29,40286,0.07193352350241845,29,60636.0
KXFEDDECISION-24DEC,KXFEDDECISION-24DEC-H0,historical,Hike,0,False,no,1204354.0,2024-10-31 03:59:00+00:00,2024-10-31 03:59:00+00:00,40315,2551,870,39445,2.158005705072554,870,692433.0
KXFEDDECISION-24DEC,KXFEDDECISION-24DEC-C25,historical,Cut,25,False,yes,1573321.0,2024-10-31 03:59:00+00:00,2024-10-31 03:59:00+00:00,40315,2568,1540,38775,3.819918144611187,1540,995901.0
KXFEDDECISION-24DEC,KXFEDDECISION-24DEC-C26,historical,Cut,25,True,no,755775.0,2024-10-31 03:59:00+00:00,2024-10-31 03:59:00+00:00,40315,434,404,39911,1.0021083963785191,404,425584.0
KXFEDDECISION-25JAN,KXFEDDECISION-25JAN-H26,historical,Hike,25,True,no,12558.0,2024-12-19 04:59:00+00:00,2024-12-19 04:59:00+00:00,40315,6,6,40309,0.014882797966017611,6,6385.0
KXFEDDECISION-25JAN,KXFEDDECISION-25JAN-H25,historical,Hike,25,False,no,46221.0,2024-12-19 04:59:00+00:00,2024-12-19 04:59:00+00:00,40315,18,18,40297,0.044648393898052835,18,43192.0
KXFEDDECISION-25JAN,KXFEDDECISION-25JAN-H0,historical,,,False,yes,942876.0,2024-12-19 04:59:00+00:00,2024-12-19 04:59:00+00:00,40315,557,490,39825,1.215428500558105,490,762873.0
KXFEDDECISION-25JAN,KXFEDDECISION-25JAN-C26,historical,Cut,25,True,no,93740.0,2024-12-19 04:59:00+00:00,2024-12-19 04:59:00+00:00,40315,37,37,40278,0.09177725412377527,37,50119.0
KXFEDDECISION-25JAN,KXFEDDECISION-25JAN-C25,historical,Cut,25,False,no,938590.0,2024-12-19 04:59:00+00:00,2024-12-19 04:59:00+00:00,40315,750,406,39909,1.0070693290338584,406,847748.0
KXFEDDECISION-25MAR,KXFEDDECISION-25MAR-H26,historical,Hike,25,True,no,80753.0,2025-01-30 04:59:00+00:00,2025-01-31 04:59:00+00:00,40315,5,5,40310,0.012402331638348009,5,39618.0
KXFEDDECISION-25MAR,KXFEDDECISION-25MAR-H25,historical,Hike,25,False,no,157202.0,2025-01-30 04:59:00+00:00,2025-01-30 04:59:00+00:00,40315,22,22,40293,0.054570259208731244,22,24959.0
KXFEDDECISION-25MAR,KXFEDDECISION-25MAR-H0,historical,Hike,0,False,yes,1322446.0,2025-01-30 04:59:00+00:00,2025-01-30 04:59:00+00:00,40315,725,506,39809,1.2551159618008185,506,1042195.0
KXFEDDECISION-25MAR,KXFEDDECISION-25MAR-C25,historical,Cut,25,False,no,944579.0,2025-01-30 04:59:00+00:00,2025-01-30 04:59:00+00:00,40315,1188,405,39910,1.0045888627061887,405,741106.0
KXFEDDECISION-25MAR,KXFEDDECISION-25MAR-C26,historical,Cut,25,True,no,345005.0,2025-01-30 04:59:00+00:00,2025-01-30 04:59:00+00:00,40315,101,76,40239,0.18851544090288974,76,257740.0
KXFEDDECISION-25MAY,KXFEDDECISION-25MAY-H26,historical,Hike,25,True,no,740332.0,2025-03-20 03:59:00+00:00,2025-03-20 03:59:00+00:00,40315,1768,1076,39239,2.6689817685724915,1076,590630.0
KXFEDDECISION-25MAY,KXFEDDECISION-25MAY-H25,historical,Hike,25,False,no,2008280.0,2025-03-20 03:59:00+00:00,2025-03-20 03:59:00+00:00,40315,2343,1771,38544,4.392905866302865,1771,1706689.0
KXFEDDECISION-25MAY,KXFEDDECISION-25MAY-H0,historical,Hike,0,False,yes,13237803.0,2025-03-20 03:59:00+00:00,2025-03-20 03:59:00+00:00,40315,19745,14298,26017,35.46570755301997,14298,12222853.0
KXFEDDECISION-25MAY,KXFEDDECISION-25MAY-C26,historical,Cut,25,True,no,7617148.0,2025-03-20 03:59:00+00:00,2025-03-20 03:59:00+00:00,40315,9612,6612,33703,16.40084335855141,6612,6977553.0
KXFEDDECISION-25MAY,KXFEDDECISION-25MAY-C25,historical,Cut,25,False,no,17739576.0,2025-03-20 03:59:00+00:00,2025-03-20 03:59:00+00:00,40315,21421,14684,25631,36.423167555500434,14684,16482033.0
KXFEDDECISION-25JUN,KXFEDDECISION-25JUN-H26,historical,Hike,25,True,no,231169.0,2025-05-08 03:59:00+00:00,2025-05-08 03:59:00+00:00,40315,3933,317,39998,0.7863078258712638,317,146908.0
KXFEDDECISION-25JUN,KXFEDDECISION-25JUN-H25,historical,Hike,25,False,no,911763.0,2025-05-08 03:59:00+00:00,2025-05-08 03:59:00+00:00,40315,4052,605,39710,1.500682128240109,605,502381.0
KXFEDDECISION-25JUN,KXFEDDECISION-25JUN-H0,historical,Hike,0,False,yes,12292142.0,2025-05-08 03:59:00+00:00,2025-05-08 03:59:00+00:00,40315,21623,7220,33095,17.908966885774525,7220,8437340.0
KXFEDDECISION-25JUN,KXFEDDECISION-25JUN-C26,historical,Cut,25,True,no,6007639.0,2025-05-08 03:59:00+00:00,2025-05-08 03:59:00+00:00,40315,7992,2527,37788,6.268138410021084,2527,3637830.0
KXFEDDECISION-25JUN,KXFEDDECISION-25JUN-C25,historical,Cut,25,False,no,17062008.0,2025-05-08 03:59:00+00:00,2025-05-08 03:59:00+00:00,40315,22257,8878,31437,22.021580057050727,8878,11689951.0
KXFEDDECISION-25JUL,KXFEDDECISION-25JUL-H26,historical,Hike,25,True,no,161263.0,2025-06-19 03:59:00+00:00,2025-06-19 03:59:00+00:00,40315,1636,204,40111,0.5060151308445988,204,130323.0
KXFEDDECISION-25JUL,KXFEDDECISION-25JUL-H25,historical,Hike,25,False,no,558764.0,2025-06-19 03:59:00+00:00,2025-06-19 03:59:00+00:00,40315,2090,432,39883,1.071561453553268,432,300775.0
KXFEDDECISION-25JUL,KXFEDDECISION-25JUL-H0,historical,Hike,0,False,yes,15032203.0,2025-06-19 03:59:00+00:00,2025-06-19 03:59:00+00:00,40315,21675,7982,32333,19.79908222745876,7982,11941121.0
KXFEDDECISION-25JUL,KXFEDDECISION-25JUL-C26,historical,Cut,25,True,no,11766116.0,2025-06-19 03:59:00+00:00,2025-06-19 03:59:00+00:00,40315,13286,4186,36129,10.383232047624954,4186,9551908.0
KXFEDDECISION-25JUL,KXFEDDECISION-25JUL-C25,historical,Cut,25,False,no,20535325.0,2025-06-19 03:59:00+00:00,2025-06-19 03:59:00+00:00,40315,23778,10120,30195,25.10231923601637,10120,16956939.0
KXFEDDECISION-25SEP,KXFEDDECISION-25SEP-H26,historical,Hike,25,True,no,525757.0,2025-07-31 03:59:00+00:00,2025-07-31 03:59:00+00:00,40315,2052,320,39995,0.7937492248542726,320,456588.0
KXFEDDECISION-25SEP,KXFEDDECISION-25SEP-H25,historical,Hike,25,False,no,1144857.0,2025-07-31 03:59:00+00:00,2025-07-31 03:59:00+00:00,40315,2273,592,39723,1.4684360659804043,592,1000713.0
KXFEDDECISION-25SEP,KXFEDDECISION-25SEP-H0,historical,Hike,0,False,no,42718863.0,2025-07-31 03:59:00+00:00,2025-07-31 03:59:00+00:00,40315,30197,11598,28717,28.76844846831204,11598,36031999.0
KXFEDDECISION-25SEP,KXFEDDECISION-25SEP-C26,historical,Cut,25,True,no,29261331.0,2025-07-31 03:59:00+00:00,2025-07-31 03:59:00+00:00,40315,22174,10410,29905,25.821654471040556,10410,25236779.0
KXFEDDECISION-25SEP,KXFEDDECISION-25SEP-C25,historical,Cut,25,False,yes,18168848.0,2025-07-31 03:59:00+00:00,2025-07-31 03:59:00+00:00,40315,29710,10123,30192,25.10976063499938,10123,14652210.0
KXFEDDECISION-25OCT,KXFEDDECISION-25OCT-H26,historical,Hike,25,True,no,127186.0,2025-08-06 03:59:00+00:00,2025-08-30 03:59:00+00:00,40319,1437,82,40237,0.20337805997172548,82,66760.0
KXFEDDECISION-25OCT,KXFEDDECISION-25OCT-H25,historical,Hike,25,False,no,221464.0,2025-08-06 03:59:00+00:00,2025-08-30 03:59:00+00:00,40319,1524,165,40154,0.4092363401870086,165,195290.0
KXFEDDECISION-25OCT,KXFEDDECISION-25OCT-H0,historical,Hike,0,False,no,15137495.0,2025-08-06 03:59:00+00:00,2025-08-06 03:59:00+00:00,40319,21358,7801,32518,19.348198119993054,7801,12904457.0
KXFEDDECISION-25OCT,KXFEDDECISION-25OCT-C26,historical,Cut,25,True,no,13693429.0,2025-08-06 03:59:00+00:00,2025-08-06 03:59:00+00:00,40319,14780,4357,35962,10.806319601180585,4357,12273673.0
KXFEDDECISION-25OCT,KXFEDDECISION-25OCT-C25,historical,Cut,25,False,yes,9914224.0,2025-08-06 03:59:00+00:00,2025-08-06 03:59:00+00:00,40319,22126,4761,35558,11.808328579577866,4761,8321240.0
KXFEDDECISION-25DEC,KXFEDDECISION-25DEC-H26,historical,Hike,25,True,no,113500.0,2025-08-06 03:59:00+00:00,2025-09-10 03:59:00+00:00,40319,5910,190,40129,0.4712418462759493,190,90521.0
KXFEDDECISION-25DEC,KXFEDDECISION-25DEC-H25,historical,Hike,25,False,no,308409.0,2025-08-06 03:59:00+00:00,2025-10-27 03:59:00+00:00,40319,2855,318,40001,0.7887100374513257,318,253748.0
KXFEDDECISION-25DEC,KXFEDDECISION-25DEC-H0,historical,Hike,0,False,no,15760947.0,2025-08-06 03:59:00+00:00,2025-08-12 03:59:00+00:00,40319,26272,11797,28522,29.259158213249336,11797,14290346.0
KXFEDDECISION-25DEC,KXFEDDECISION-25DEC-C25,historical,Cut,25,False,yes,12184561.0,2025-08-06 03:59:00+00:00,2025-08-28 03:59:00+00:00,40319,26652,11443,28876,28.381160247029936,11443,10990334.0
KXFEDDECISION-25DEC,KXFEDDECISION-25DEC-C26,historical,Cut,25,True,no,11614979.0,2025-08-06 03:59:00+00:00,2025-09-18 03:59:00+00:00,40319,11136,4384,35935,10.873285547756641,4384,9946145.0
KXFEDDECISION-26JAN,KXFEDDECISION-26JAN-H26,historical,Hike,25,True,no,290042.0,2025-09-30 03:59:00+00:00,2025-12-09 04:59:00+00:00,40319,2609,462,39857,1.145861752523624,462,262863.0
KXFEDDECISION-26JAN,KXFEDDECISION-26JAN-H25,historical,Hike,25,False,no,1462769.0,2025-09-30 03:59:00+00:00,2025-12-01 04:59:00+00:00,40319,2986,950,39369,2.3562092313797467,950,1375458.0
KXFEDDECISION-26JAN,KXFEDDECISION-26JAN-H0,historical,Hike,0,False,yes,10488486.0,2025-09-30 03:59:00+00:00,2025-10-08 03:59:00+00:00,40319,34070,10049,30270,24.923733227510603,10049,8928547.0
KXFEDDECISION-26JAN,KXFEDDECISION-26JAN-C26,historical,Cut,25,True,no,5268472.0,2025-09-30 03:59:00+00:00,2025-10-07 03:59:00+00:00,40319,14776,3519,36800,8.727895037079293,3519,4412219.0
KXFEDDECISION-26JAN,KXFEDDECISION-26JAN-C25,historical,Cut,25,False,no,18466757.0,2025-09-30 03:59:00+00:00,2025-10-07 03:59:00+00:00,40319,27162,12248,28071,30.377737543093826,12248,16865457.0
KXFEDDECISION-26MAR,KXFEDDECISION-26MAR-H26,historical,Hike,25,True,no,270016.0,2025-09-30 03:59:00+00:00,2026-01-12 04:59:00+00:00,40319,491,296,40023,0.7341451920930578,296,203564.0
KXFEDDECISION-26MAR,KXFEDDECISION-26MAR-H25,historical,Hike,25,False,no,1713234.0,2025-09-30 03:59:00+00:00,2026-01-12 04:59:00+00:00,40319,1059,869,39450,2.1553113916515785,869,924271.0
KXFEDDECISION-26MAR,KXFEDDECISION-26MAR-H0,historical,Hike,0,False,yes,13370432.0,2025-09-30 03:59:00+00:00,2025-10-16 03:59:00+00:00,40319,25512,3824,36495,9.484362211364369,3824,9961284.0
KXFEDDECISION-26MAR,KXFEDDECISION-26MAR-C26,historical,Cut,25,True,no,4697935.0,2025-09-30 03:59:00+00:00,2025-11-01 03:59:00+00:00,40319,7955,1625,38694,4.030357895781146,1625,2579680.0
KXFEDDECISION-26MAR,KXFEDDECISION-26MAR-C25,historical,Cut,25,False,no,14345705.0,2025-09-30 03:59:00+00:00,2025-10-30 03:59:00+00:00,40319,20701,7236,33083,17.946873682382996,7236,10428651.0
KXFEDDECISION-26APR,KXFEDDECISION-26APR-H26,historical,Hike,25,True,no,1212514.75,2025-09-30 03:59:00+00:00,2026-01-15 04:59:00+00:00,40319,2631,447,39872,1.1086584488702598,447,147904.75
KXFEDDECISION-26APR,KXFEDDECISION-26APR-H25,historical,Hike,25,False,no,4122068.96,2025-09-30 03:59:00+00:00,2026-01-17 04:59:00+00:00,40319,4905,1091,39228,2.705920285721372,1091,1646487.96
KXFEDDECISION-26APR,KXFEDDECISION-26APR-H0,historical,Hike,0,False,yes,6884363.13,2025-09-30 03:59:00+00:00,2025-12-02 04:59:00+00:00,40319,18133,3445,36874,8.544358739056028,3445,4462305.13
KXFEDDECISION-26APR,KXFEDDECISION-26APR-C26,historical,Cut,25,True,no,1784201.99,2025-09-30 03:59:00+00:00,2025-11-14 04:59:00+00:00,40319,7520,1101,39218,2.7307224881569483,1101,1202219.99
KXFEDDECISION-26APR,KXFEDDECISION-26APR-C25,historical,Cut,25,False,no,5803643.83,2025-09-30 03:59:00+00:00,2025-11-14 04:59:00+00:00,40319,13358,4532,35787,11.240358143803169,4532,3830522.83
KXFEDDECISION-26JUN,KXFEDDECISION-26JUN-H26,historical,Hike,25,True,no,1608414.91,2025-09-30 03:59:00+00:00,2026-02-02 04:59:00+00:00,40319,907,645,39674,1.59974205709467,645,932706.37
KXFEDDECISION-26JUN,KXFEDDECISION-26JUN-H25,historical,Hike,25,False,no,6471952.48,2025-09-30 03:59:00+00:00,2025-12-12 04:59:00+00:00,40319,8326,2854,37465,7.07854857511347,2854,4505830.999999999
KXFEDDECISION-26JUN,KXFEDDECISION-26JUN-H0,historical,Hike,0,False,yes,11917184.36,2025-09-30 03:59:00+00:00,2025-11-15 04:59:00+00:00,40319,10582,4539,35780,11.257719685508073,4539,9839749.26
KXFEDDECISION-26JUN,KXFEDDECISION-26JUN-C26,historical,Cut,25,True,no,3382986.13,2025-09-30 03:59:00+00:00,2025-10-31 03:59:00+00:00,40319,2492,1118,39201,2.772886232297428,1118,2002440.5299999998
KXFEDDECISION-26JUN,KXFEDDECISION-26JUN-C25,historical,Cut,25,False,no,9796684.97,2025-09-30 03:59:00+00:00,2025-09-30 03:59:00+00:00,40319,7330,4427,35892,10.979935018229618,4427,7423442.45
KXFEDDECISION-26JUL,KXFEDDECISION-26JUL-H26,historical,Hike,25,True,no,15632302.75,2025-09-30 03:59:00+00:00,2026-03-09 04:59:00+00:00,40319,3570,773,39546,1.9172102482700464,773,15364851.679999996
KXFEDDECISION-26JUL,KXFEDDECISION-26JUL-H25,historical,Hike,25,False,no,19713687.51,2025-09-30 03:59:00+00:00,2026-01-26 04:59:00+00:00,40319,15294,6123,34196,15.186388551303356,6123,17399294.36
KXFEDDECISION-26JUL,KXFEDDECISION-26JUL-H0,historical,Hike,0,False,yes,23802367.03,2025-09-30 03:59:00+00:00,2025-10-27 03:59:00+00:00,40319,18517,10945,29374,27.146010565738237,10945,21204452.409999996
KXFEDDECISION-26JUL,KXFEDDECISION-26JUL-C26,historical,Cut,25,True,no,2330631.58,2025-09-30 03:59:00+00:00,2026-03-12 03:59:00+00:00,40319,2773,849,39470,2.105706986780426,849,1769315.1400000001
KXFEDDECISION-26JUL,KXFEDDECISION-26JUL-C25,historical,Cut,25,False,no,7276758.07,2025-09-30 03:59:00+00:00,2026-01-15 04:59:00+00:00,40319,5971,2784,37535,6.904933158064436,2784,5730498.02
KXFEDDECISION-26SEP,KXFEDDECISION-26SEP-H26,live,Hike,25,True,no,19945019.56,2025-09-30 03:59:00+00:00,2026-03-09 04:59:00+00:00,40319,5715,2067,38252,5.1266152434336165,2067,19157694.65
KXFEDDECISION-26SEP,KXFEDDECISION-26SEP-C25,live,Cut,25,False,no,13833555.97,2025-09-30 03:59:00+00:00,2026-01-28 04:59:00+00:00,40319,4125,2297,38022,5.6970658994518715,2297,11226326.02
KXFEDDECISION-26SEP,KXFEDDECISION-26SEP-C26,live,Cut,25,True,no,2370153.9,2025-09-30 03:59:00+00:00,2026-01-31 04:59:00+00:00,40319,3280,537,39782,1.3318782707904462,537,1694694.69
KXFEDDECISION-26SEP,KXFEDDECISION-26SEP-H25,live,Hike,25,False,yes,18770408.08,2025-09-30 03:59:00+00:00,2026-03-06 04:59:00+00:00,40319,15993,9987,30332,24.76995957241003,9987,16169283.17
KXFEDDECISION-26SEP,KXFEDDECISION-26SEP-H0,live,Hike,0,False,no,48286115.02,2025-09-30 03:59:00+00:00,2026-03-06 04:59:00+00:00,40319,21661,15947,24372,39.55207222401349,15947,43887311.940000005
