date,stablecoin_supply_usd
2017-11-29,110105.0
2017-11-30,110105.0
2017-12-01,110105.0
2017-12-02,110105.0
2017-12-03,110105.0
2017-12-04,110105.0
2017-12-05,110105.0
2017-12-06,110105.0
2017-12-07,110105.0
2017-12-08,110105.0
2017-12-09,110105.0
2017-12-10,110105.0
2017-12-11,110105.0
2017-12-12,110105.0
2017-12-13,110105.0
2017-12-14,110105.0
2017-12-15,110105.0
2017-12-16,110105.0
2017-12-17,110105.0
2017-12-18,110105.0
2017-12-19,110105.0
2017-12-20,110105.0
2017-12-21,110105.0
2017-12-22,110105.0
2017-12-23,110105.0
2017-12-24,110105.0
2017-12-25,110105.0
2017-12-26,110105.0
2017-12-27,110105.0
2017-12-28,110105.0
2017-12-29,110105.0
2017-12-30,110105.0
2017-12-31,110105.0
2018-01-01,110105.0
2018-01-02,110105.0
2018-01-03,110105.0
2018-01-04,110105.0
2018-01-05,110105.0
2018-01-06,110105.0
2018-01-07,110105.0
2018-01-08,110105.0
2018-01-09,110105.0
2018-01-10,110105.0
2018-01-11,30146817.0
2018-01-12,30146817.0
2018-01-13,30146817.0
2018-01-14,30146817.0
2018-01-15,30146817.0
2018-01-16,30146817.0
2018-01-17,30146817.0
2018-01-18,30146817.0
2018-01-19,30146817.0
2018-01-20,30146817.0
2018-01-21,30146817.0
2018-01-22,30146817.0
2018-01-23,30146817.0
2018-01-24,30146817.0
2018-01-25,30146817.0
2018-01-26,30146817.0
2018-01-27,30146817.0
2018-01-28,30146817.0
2018-01-29,60183528.0
2018-01-30,60183528.0
2018-01-31,60183528.0
2018-02-01,60183528.0
2018-02-02,60183528.0
2018-02-03,60183528.0
2018-02-04,60183528.0
2018-02-05,60183528.0
2018-02-06,60183528.0
2018-02-07,60183528.0
2018-02-08,60183528.0
2018-02-09,60183528.0
2018-02-10,60183528.0
2018-02-11,60183528.0
2018-02-12,60183528.0
2018-02-13,60183528.0
2018-02-14,60183528.0
2018-02-15,60183528.0
2018-02-16,60183528.0
2018-02-17,60183528.0
2018-02-18,60183528.0
2018-02-19,60183528.0
2018-02-20,60183528.0
2018-02-21,60183528.0
2018-02-22,60183528.0
2018-02-23,60183528.0
2018-02-24,60183528.0
2018-02-25,60183528.0
2018-02-26,60183528.0
2018-02-27,60183528.0
2018-02-28,60183528.0
2018-03-01,60183528.0
2018-03-02,60183528.0
2018-03-03,60183528.0
2018-03-04,60183528.0
2018-03-05,60183528.0
2018-03-06,60183528.0
2018-03-07,60183528.0
2018-03-08,60183528.0
2018-03-09,60183528.0
2018-03-10,60183528.0
2018-03-11,60183528.0
2018-03-12,60183528.0
2018-03-13,60183528.0
2018-03-14,60183528.0
2018-03-15,60183528.0
2018-03-16,60183528.0
2018-03-17,60183528.0
2018-03-18,60183528.0
2018-03-19,60183528.0
2018-03-20,60183528.0
2018-03-21,60183528.0
2018-03-22,60183528.0
2018-03-23,60183528.0
2018-03-24,60183528.0
2018-03-25,60183528.0
2018-03-26,60183528.0
2018-03-27,60183528.0
2018-03-28,60183528.0
2018-03-29,60183528.0
2018-03-30,60183528.0
2018-03-31,60183528.0
2018-04-01,60183528.0
2018-04-02,60183528.0
2018-04-03,60183528.0
2018-04-04,60183528.0
2018-04-05,60183528.0
2018-04-06,60183528.0
2018-04-07,60183528.0
2018-04-08,60183528.0
2018-04-09,60183528.0
2018-04-10,60183528.0
2018-04-11,60183528.0
2018-04-12,60183528.0
2018-04-13,60183528.0
2018-04-14,60183528.0
2018-04-15,60183528.0
2018-04-16,60183528.0
2018-04-17,60183528.0
2018-04-18,60183528.0
2018-04-19,60183528.0
2018-04-20,60183528.0
2018-04-21,60183528.0
2018-04-22,60183528.0
2018-04-23,60183528.0
2018-04-24,60183528.0
2018-04-25,60183528.0
2018-04-26,60183528.0
2018-04-27,60183528.0
2018-04-28,60183528.0
2018-04-29,60183528.0
2018-04-30,60183528.0
2018-05-01,60183528.0
2018-05-02,60183528.0
2018-05-03,60183528.0
2018-05-04,60183528.0
2018-05-05,60183528.0
2018-05-06,60183528.0
2018-05-07,60183528.0
2018-05-08,60183528.0
2018-05-09,60183528.0
2018-05-10,60183528.0
2018-05-11,60183528.0
2018-05-12,60183528.0
2018-05-13,60183528.0
2018-05-14,60183528.0
2018-05-15,60183528.0
2018-05-16,60183528.0
2018-05-17,60183528.0
2018-05-18,60183528.0
2018-05-19,60183528.0
2018-05-20,60183528.0
2018-05-21,60183528.0
2018-05-22,60183528.0
2018-05-23,60183528.0
2018-05-24,60183528.0
2018-05-25,60183528.0
2018-05-26,60183528.0
2018-05-27,60183528.0
2018-05-28,60183528.0
2018-05-29,60183528.0
2018-05-30,60183528.0
2018-05-31,60183528.0
2018-06-01,60183528.0
2018-06-02,60183528.0
2018-06-03,60183528.0
2018-06-04,60183528.0
2018-06-05,60183528.0
2018-06-06,60183528.0
2018-06-07,60183528.0
2018-06-08,60183528.0
2018-06-09,60183528.0
2018-06-10,60183060.0
2018-06-11,60183060.0
2018-06-12,60183060.0
2018-06-13,60183060.0
2018-06-14,60183060.0
2018-06-15,60183060.0
2018-06-16,60183060.0
2018-06-17,60183060.0
2018-06-18,60183060.0
2018-06-19,60183060.0
2018-06-20,60183060.0
2018-06-21,60183060.0
2018-06-22,60183060.0
2018-06-23,60183060.0
2018-06-24,60183060.0
2018-06-25,60183060.0
2018-06-26,60183060.0
2018-06-27,60183060.0
2018-06-28,60183060.0
2018-06-29,60183060.0
2018-06-30,60183060.0
2018-07-01,60183060.0
2018-07-02,60183060.0
2018-07-03,60183060.0
2018-07-04,60183060.0
2018-07-05,60183060.0
2018-07-06,60183060.0
2018-07-07,60183060.0
2018-07-08,60183060.0
2018-07-09,60183060.0
2018-07-10,60183060.0
2018-07-11,60183060.0
2018-07-12,60183060.0
2018-07-13,60183060.0
2018-07-14,60183060.0
2018-07-15,60183060.0
2018-07-16,60183060.0
2018-07-17,60183060.0
2018-07-18,60183060.0
2018-07-19,60183060.0
2018-07-20,60183060.0
2018-07-21,60183060.0
2018-07-22,60183060.0
2018-07-23,60183060.0
2018-07-24,60183060.0
2018-07-25,60183060.0
2018-07-26,60183060.0
2018-07-27,60183060.0
2018-07-28,60183060.0
2018-07-29,30146348.0
2018-07-30,30146348.0
2018-07-31,15127992.0
2018-08-01,15127992.0
2018-08-02,15127992.0
2018-08-03,15127992.0
2018-08-04,15127992.0
2018-08-05,15127992.0
2018-08-06,15127992.0
2018-08-07,15127992.0
2018-08-08,15127992.0
2018-08-09,15127992.0
2018-08-10,15127992.0
2018-08-11,15127992.0
2018-08-12,15127992.0
2018-08-13,15127992.0
2018-08-14,15127992.0
2018-08-15,15127992.0
2018-08-16,15127992.0
2018-08-17,15127992.0
2018-08-18,15127992.0
2018-08-19,15127992.0
2018-08-20,15127992.0
2018-08-21,15127992.0
2018-08-22,15127992.0
2018-08-23,15127992.0
2018-08-24,15127992.0
2018-08-25,15127992.0
2018-08-26,15127992.0
2018-08-27,15127992.0
2018-08-28,15127992.0
2018-08-29,15127992.0
2018-08-30,15127992.0
2018-08-31,15127992.0
2018-09-01,15127992.0
2018-09-02,15127992.0
2018-09-03,15127992.0
2018-09-04,15127992.0
2018-09-05,15127992.0
2018-09-06,25140229.0
2018-09-07,25140229.0
2018-09-08,25140229.0
2018-09-09,25140229.0
2018-09-10,25140229.0
2018-09-11,25140712.0
2018-09-12,25392059.0
2018-09-13,25391909.0
2018-09-14,25392288.0
2018-09-15,25392288.0
2018-09-16,25392288.0
2018-09-17,25392288.0
2018-09-18,25392985.0
2018-09-19,26695998.0
2018-09-20,26696474.0
2018-09-21,33244652.0
2018-09-22,36823225.0
2018-09-23,37324489.0
2018-09-24,37324489.0
2018-09-25,38337242.0
2018-09-26,38337244.0
2018-09-27,40453807.0
2018-09-28,42437155.0
2018-09-29,43376361.0
2018-09-30,43376612.0
2018-10-01,43376903.0
2018-10-02,45388458.0
2018-10-03,45388413.0
2018-10-04,56823466.0
2018-10-05,57993365.0
2018-10-06,61183499.0
2018-10-07,61183499.0
2018-10-08,61183499.0
2018-10-09,60182585.0
2018-10-10,61552634.0
2018-10-11,61360426.0
2018-10-12,61746551.0
2018-10-13,69255061.0
2018-10-14,71929080.0
2018-10-15,71929080.0
2018-10-16,95242214.0
2018-10-17,109711981.0
2018-10-18,122669962.0
2018-10-19,122417342.0
2018-10-20,135981661.0
2018-10-21,141215783.0
2018-10-22,141215783.0
2018-10-23,151222891.0
2018-10-24,217243483.0
2018-10-25,257103694.0
2018-10-26,256515556.0
2018-10-27,268778018.0
2018-10-28,268894610.0
2018-10-29,268869717.0
2018-10-30,267841333.0
2018-10-31,275451031.0
2018-11-01,272496133.0
2018-11-02,269210270.0
2018-11-03,292132330.0
2018-11-04,294058746.0
2018-11-05,294033663.0
2018-11-06,298266865.0
2018-11-07,297779746.0
2018-11-08,297547742.0
2018-11-09,298054794.0
2018-11-10,296708736.0
2018-11-11,296708736.0
2018-11-12,296021542.0
2018-11-13,292118872.0
2018-11-14,297041913.0
2018-11-15,298967249.0
2018-11-16,299882149.0
2018-11-17,302927985.0
2018-11-18,303953269.0
2018-11-19,304152930.0
2018-11-20,305428397.0
2018-11-21,319244243.0
2018-11-22,326123561.0
2018-11-23,328024067.0
2018-11-24,333262460.0
2018-11-25,332267337.0
2018-11-26,332211506.0
2018-11-27,328550723.0
2018-11-28,330659500.0
2018-11-29,334987955.0
2018-11-30,345832864.0
2018-12-01,367519554.0
2018-12-02,369084000.0
2018-12-03,369085003.0
2018-12-04,387312583.0
2018-12-05,378001146.0
2018-12-06,366256061.0
2018-12-07,374919630.0
2018-12-08,381748882.0
2018-12-09,385657551.0
2018-12-10,385820137.0
2018-12-11,387395091.0
2018-12-12,380981952.0
2018-12-13,376954688.0
2018-12-14,374938971.0
2018-12-15,381787156.0
2018-12-16,382039817.0
2018-12-17,382024207.0
2018-12-18,389327690.0
2018-12-19,389560576.0
2018-12-20,397844173.0
2018-12-21,401433768.0
2018-12-22,410390309.0
2018-12-23,410363120.0
2018-12-24,410339228.0
2018-12-25,409321624.0
2018-12-26,409367178.0
2018-12-27,406994581.0
2018-12-28,412902606.0
2018-12-29,413094578.0
2018-12-30,417643665.0
2018-12-31,417700790.0
2019-01-01,418703521.0
2019-01-02,426564735.0
2019-01-03,441434209.0
2019-01-04,445431052.0
2019-01-05,656909286.0
2019-01-06,657861456.0
2019-01-07,668087067.0
2019-01-08,678079079.0
2019-01-09,686145503.0
2019-01-10,703514342.0
2019-01-11,705507303.0
2019-01-12,714602946.0
2019-01-13,724437741.0
2019-01-14,731674142.0
2019-01-15,731738123.0
2019-01-16,729362227.0
2019-01-17,686093928.0
2019-01-18,686127155.0
2019-01-19,693185573.0
2019-01-20,697968355.0
2019-01-21,697915422.0
2019-01-22,699320589.0
2019-01-23,702324563.0
2019-01-24,683428650.0
2019-01-25,694331097.0
2019-01-26,695918449.0
2019-01-27,694057902.0
2019-01-28,699972824.0
2019-01-29,684559282.0
2019-01-30,679941688.0
2019-01-31,677980074.0
2019-02-01,656437527.0
2019-02-02,656405523.0
2019-02-03,654566639.0
2019-02-04,654848641.0
2019-02-05,643315124.0
2019-02-06,642871918.0
2019-02-07,640843963.0
2019-02-08,627132420.0
2019-02-09,611597009.0
2019-02-10,611475070.0
2019-02-11,610173405.0
2019-02-12,610558760.0
2019-02-13,609291859.0
2019-02-14,593576990.0
2019-02-15,594209465.0
2019-02-16,593853460.0
2019-02-17,593390804.0
2019-02-18,592819777.0
2019-02-19,591365386.0
2019-02-20,592981187.0
2019-02-21,592856781.0
2019-02-22,575529413.0
2019-02-23,607983505.0
2019-02-24,607429187.0
2019-02-25,606147704.0
2019-02-26,604917530.0
2019-02-27,607194119.0
2019-02-28,608018395.0
2019-03-01,604631800.0
2019-03-02,609457831.0
2019-03-03,614875880.0
2019-03-04,614066103.0
2019-03-05,617503191.0
2019-03-06,617183684.0
2019-03-07,616311266.0
2019-03-08,605705037.0
2019-03-09,611676177.0
2019-03-10,612117513.0
2019-03-11,612152961.0
2019-03-12,615786107.0
2019-03-13,617293944.0
2019-03-14,616581546.0
2019-03-15,617405906.0
2019-03-16,616504073.0
2019-03-17,616440390.0
2019-03-18,615168972.0
2019-03-19,619934631.0
2019-03-20,620783471.0
2019-03-21,620504007.0
2019-03-22,626348097.0
2019-03-23,627092805.0
2019-03-24,627265746.0
2019-03-25,627372647.0
2019-03-26,627569909.0
2019-03-27,626551023.0
2019-03-28,626906132.0
2019-03-29,624022441.0
2019-03-30,623555382.0
2019-03-31,623329180.0
2019-04-01,624879301.0
2019-04-02,626365738.0
2019-04-03,629623776.0
2019-04-04,629220955.0
2019-04-05,628933457.0
2019-04-06,630486890.0
2019-04-07,630698261.0
2019-04-08,630813921.0
2019-04-09,650072928.0
2019-04-10,666931817.0
2019-04-11,705608292.0
2019-04-12,709478062.0
2019-04-13,728760160.0
2019-04-14,724085121.0
2019-04-15,726583178.0
2019-04-16,745335594.0
2019-04-17,751906981.0
2019-04-18,805597016.0
2019-04-19,805350312.0
2019-04-20,816170941.0
2019-04-21,810791842.0
2019-04-22,823381930.0
2019-04-23,820431880.0
2019-04-24,885025412.0
2019-04-25,937207494.0
2019-04-26,993315656.0
2019-04-27,1004584996.0
2019-04-28,1043037039.0
2019-04-29,1045269038.0
2019-04-30,1065014749.0
2019-05-01,1074402138.0
2019-05-02,1083256383.0
2019-05-03,1094832692.0
2019-05-04,1108522300.0
2019-05-05,1114859896.0
2019-05-06,1118149291.0
2019-05-07,1124471295.0
2019-05-08,1128582140.0
2019-05-09,1137964062.0
2019-05-10,1079104013.0
2019-05-11,1091691954.0
2019-05-12,1092385725.0
2019-05-13,1094836871.0
2019-05-14,1116617023.0
2019-05-15,1114402458.0
2019-05-16,1124597074.0
2019-05-17,1131070008.0
2019-05-18,1134055734.0
2019-05-19,1137344847.0
2019-05-20,1141824590.0
2019-05-21,1161582545.0
2019-05-22,1187050787.0
2019-05-23,1202639553.0
2019-05-24,1219342854.0
2019-05-25,1260098111.0
2019-05-26,1279466775.0
2019-05-27,1289093842.0
2019-05-28,1295258842.0
2019-05-29,1306525492.0
2019-05-30,1330388464.0
2019-05-31,1302219330.0
2019-06-01,1316565784.0
2019-06-02,1320111780.0
2019-06-03,1319957173.0
2019-06-04,1328807069.0
2019-06-05,1340032591.0
2019-06-06,1369262153.0
2019-06-07,1400091041.0
2019-06-08,1414345017.0
2019-06-09,1414342544.0
2019-06-10,1416353656.0
2019-06-11,1455628105.0
2019-06-12,1487476353.0
2019-06-13,1532681290.0
2019-06-14,1553258375.0
2019-06-15,1574353049.0
2019-06-16,1585454750.0
2019-06-17,1607180551.0
2019-06-18,1629312264.0
2019-06-19,1635358837.0
2019-06-20,1632059716.0
2019-06-21,1647621759.0
2019-06-22,1660454764.0
2019-06-23,1661740777.0
2019-06-24,1676241608.0
2019-06-25,1666845035.0
2019-06-26,1684973417.0
2019-06-27,1685552007.0
2019-06-28,1705236168.0
2019-06-29,1736888606.0
2019-06-30,1766831762.0
2019-07-01,1766659769.0
2019-07-02,1786939453.0
2019-07-03,1806539915.0
2019-07-04,1863841156.0
2019-07-05,1899685625.0
2019-07-06,1950307325.0
2019-07-07,1968012844.0
2019-07-08,1977795201.0
2019-07-09,2034665676.0
2019-07-10,2069383596.0
2019-07-11,2072119461.0
2019-07-12,2113854593.0
2019-07-13,2206512996.0
2019-07-14,2214044635.0
2019-07-15,2219216423.0
2019-07-16,2246616182.0
2019-07-17,2283251496.0
2019-07-18,2329551684.0
2019-07-19,2364681802.0
2019-07-20,2323711618.0
2019-07-21,2324991117.0
2019-07-22,2333186277.0
2019-07-23,2338759545.0
2019-07-24,2336108179.0
2019-07-25,2357159682.0
2019-07-26,2363643120.0
2019-07-27,2363134240.0
2019-07-28,2372507685.0
2019-07-29,2378024208.0
2019-07-30,2406231589.0
2019-07-31,2410754774.0
2019-08-01,2419958837.0
2019-08-02,2417490079.0
2019-08-03,2401420673.0
2019-08-04,2410391794.0
2019-08-05,2418436211.0
2019-08-06,2497816143.0
2019-08-07,2497413191.0
2019-08-08,2489193613.0
2019-08-09,2481193249.0
2019-08-10,2457383265.0
2019-08-11,2461545925.0
2019-08-12,2467056340.0
2019-08-13,2461275948.0
2019-08-14,2444576386.0
2019-08-15,2446072128.0
2019-08-16,2437135234.0
2019-08-17,2445238089.0
2019-08-18,2445015653.0
2019-08-19,2445847972.0
2019-08-20,2449533081.0
2019-08-21,2444419632.0
2019-08-22,2466833723.0
2019-08-23,2468871948.0
2019-08-24,2476648055.0
2019-08-25,2475467081.0
2019-08-26,2477336460.0
2019-08-27,2473973486.0
2019-08-28,2467186992.0
2019-08-29,2472630449.0
2019-08-30,2502101641.0
2019-08-31,2511467562.0
2019-09-01,2510705599.0
2019-09-02,2509464863.0
2019-09-03,2514595784.0
2019-09-04,2540955139.0
2019-09-05,2533527300.0
2019-09-06,2573699148.0
2019-09-07,2601324872.0
2019-09-08,2603893504.0
2019-09-09,2600817246.0
2019-09-10,2596372411.0
2019-09-11,2604927130.0
2019-09-12,2603875369.0
2019-09-13,2911278010.0
2019-09-14,2917532449.0
2019-09-15,2920000940.0
2019-09-16,2919434954.0
2019-09-17,2908515981.0
2019-09-18,2895246296.0
2019-09-19,2878752569.0
2019-09-20,2877558426.0
2019-09-21,2867790725.0
2019-09-22,2867501777.0
2019-09-23,2869496457.0
2019-09-24,2875518005.0
2019-09-25,2895740486.0
2019-09-26,2928533593.0
2019-09-27,2925736459.0
2019-09-28,2937214128.0
2019-09-29,2944065164.0
2019-09-30,2949092827.0
2019-10-01,2961968568.0
2019-10-02,2986861529.0
2019-10-03,3015952498.0
2019-10-04,3047695165.0
2019-10-05,3052193752.0
2019-10-06,3052518668.0
2019-10-07,3074659130.0
2019-10-08,3079252133.0
2019-10-09,3078577267.0
2019-10-10,3082969846.0
2019-10-11,3093100020.0
2019-10-12,3108800792.0
2019-10-13,3108750721.0
2019-10-14,3111147223.0
2019-10-15,3107419491.0
2019-10-16,3110035713.0
2019-10-17,3109572740.0
2019-10-18,3127911639.0
2019-10-19,3139555506.0
2019-10-20,3148064516.0
2019-10-21,3178361515.0
2019-10-22,3184832131.0
2019-10-23,3187422946.0
2019-10-24,3277004889.0
2019-10-25,3377391920.0
2019-10-26,3322678641.0
2019-10-27,3328596049.0
2019-10-28,3326489823.0
2019-10-29,3321494318.0
2019-10-30,3646785193.0
2019-10-31,3656623069.0
2019-11-01,3625997711.0
2019-11-02,3624432294.0
2019-11-03,3638871951.0
2019-11-04,3639340876.0
2019-11-05,3627989710.0
2019-11-06,3649491291.0
2019-11-07,3635927613.0
2019-11-08,3631682455.0
2019-11-09,3618459051.0
2019-11-10,3618226228.0
2019-11-11,3617647752.0
2019-11-12,3616519417.0
2019-11-13,3610517708.0
2019-11-14,3609259705.0
2019-11-15,3599913225.0
2019-11-16,3594129579.0
2019-11-17,3597071879.0
2019-11-18,3596328282.0
2019-11-19,3590660116.0
2019-11-20,3597017502.0
2019-11-21,3593885270.0
2019-11-22,3624101848.0
2019-11-23,3645855979.0
2019-11-24,3621319569.0
2019-11-25,3627795274.0
2019-11-26,3671020542.0
2019-11-27,3671264954.0
2019-11-28,3687589971.0
2019-11-29,3682473291.0
2019-11-30,3693731139.0
2019-12-01,3696530497.0
2019-12-02,3699476292.0
2019-12-03,3738425544.0
2019-12-04,3733631183.0
2019-12-05,3761300671.0
2019-12-06,3757695207.0
2019-12-07,3769105002.0
2019-12-08,3777712068.0
2019-12-09,3779792302.0
2019-12-10,3816928348.0
2019-12-11,4068643525.0
2019-12-12,4046661970.0
2019-12-13,4052025718.0
2019-12-14,4046454853.0
2019-12-15,4047145798.0
2019-12-16,4048868790.0
2019-12-17,4058540792.0
2019-12-18,4060816610.0
2019-12-19,4093955951.0
2019-12-20,4142438731.0
2019-12-21,4170042609.0
2019-12-22,4163555060.0
2019-12-23,4164576755.0
2019-12-24,4175422499.0
2019-12-25,4170493520.0
2019-12-26,4173471024.0
2019-12-27,4165855978.0
2019-12-28,4169845518.0
2019-12-29,4165229806.0
2019-12-30,4167785868.0
2019-12-31,4172399815.0
2020-01-01,4171183915.0
2020-01-02,4172339379.0
2020-01-03,5263029449.0
2020-01-04,5317903566.0
2020-01-05,5322101858.0
2020-01-06,5316121908.0
2020-01-07,5325138380.0
2020-01-08,5304331004.0
2020-01-09,5275432151.0
2020-01-10,5273924299.0
2020-01-11,5259752141.0
2020-01-12,5234934725.0
2020-01-13,5245783884.0
2020-01-14,5231385318.0
2020-01-15,5216671448.0
2020-01-16,5235012363.0
2020-01-17,5232415331.0
2020-01-18,5224614339.0
2020-01-19,5221882346.0
2020-01-20,5227154052.0
2020-01-21,5221336668.0
2020-01-22,5219971982.0
2020-01-23,5227729620.0
2020-01-24,5215652091.0
2020-01-25,5226584411.0
2020-01-26,5220949191.0
2020-01-27,5223306407.0
2020-01-28,5213807404.0
2020-01-29,5241286354.0
2020-01-30,5225319308.0
2020-01-31,5227722361.0
2020-02-01,5223708022.0
2020-02-02,5225343587.0
2020-02-03,5229795520.0
2020-02-04,5235733266.0
2020-02-05,5221892129.0
2020-02-06,5215313720.0
2020-02-07,5221658747.0
2020-02-08,5211462780.0
2020-02-09,5215838450.0
2020-02-10,5243178189.0
2020-02-11,5224485837.0
2020-02-12,5222502601.0
2020-02-13,5217445835.0
2020-02-14,5226055786.0
2020-02-15,5224982222.0
2020-02-16,5224513135.0
2020-02-17,5233688392.0
2020-02-18,5242743901.0
2020-02-19,5228236453.0
2020-02-20,5228023411.0
2020-02-21,5226047156.0
2020-02-22,5232028938.0
2020-02-23,5231475395.0
2020-02-24,5241127908.0
2020-02-25,5219704618.0
2020-02-26,5217265149.0
2020-02-27,5212229955.0
2020-02-28,5235746126.0
2020-02-29,5228258455.0
2020-03-01,5223885102.0
2020-03-02,5229647485.0
2020-03-03,5231240071.0
2020-03-04,5244698752.0
2020-03-05,5244149199.0
2020-03-06,5228153391.0
2020-03-07,5243060587.0
2020-03-08,5241439606.0
2020-03-09,5211954498.0
2020-03-10,5247349957.0
2020-03-11,5248279700.0
2020-03-12,5275124338.0
2020-03-13,5300063186.0
2020-03-14,5388296097.0
2020-03-15,5325996363.0
2020-03-16,5391280199.0
2020-03-17,5408977302.0
2020-03-18,5424695019.0
2020-03-19,5358062292.0
2020-03-20,5440815259.0
2020-03-21,5481009210.0
2020-03-22,5435070454.0
2020-03-23,5460360343.0
2020-03-24,5479578866.0
2020-03-25,5498952201.0
2020-03-26,5523480109.0
2020-03-27,5509246065.0
2020-03-28,5486237668.0
2020-03-29,5497449798.0
2020-03-30,5504589512.0
2020-03-31,5498129318.0
2020-04-01,5484245718.0
2020-04-02,5506879823.0
2020-04-03,7520361335.0
2020-04-04,7562443213.0
2020-04-05,7557471767.0
2020-04-06,7572365440.0
2020-04-07,7551042009.0
2020-04-08,7548153522.0
2020-04-09,7568216566.0
2020-04-10,7579440165.0
2020-04-11,7585666155.0
2020-04-12,7585181801.0
2020-04-13,7597510990.0
2020-04-14,7588940386.0
2020-04-15,7613376819.0
2020-04-16,7594803190.0
2020-04-17,7819217665.0
2020-04-18,7801664672.0
2020-04-19,7800496165.0
2020-04-20,7823573706.0
2020-04-21,7830793196.0
2020-04-22,7810784076.0
2020-04-23,8587470416.0
2020-04-24,8553117734.0
2020-04-25,8572630885.0
2020-04-26,8604432709.0
2020-04-27,8625455878.0
2020-04-28,8633110935.0
2020-04-29,8600774867.0
2020-04-30,9147699579.0
2020-05-01,9140635937.0
2020-05-02,9207527701.0
2020-05-03,9228432767.0
2020-05-04,9255372698.0
2020-05-05,9230502496.0
2020-05-06,9314529388.0
2020-05-07,9385201295.0
2020-05-08,9549415672.0
2020-05-09,9624782717.0
2020-05-10,9786861585.0
2020-05-11,9949939825.0
2020-05-12,9963394794.0
2020-05-13,10116820987.0
2020-05-14,10136924145.0
2020-05-15,10264751759.0
2020-05-16,10320558024.0
2020-05-17,10341701634.0
2020-05-18,10434326150.0
2020-05-19,10406775076.0
2020-05-20,10376233394.0
2020-05-21,10407425906.0
2020-05-22,10385964684.0
2020-05-23,10363482963.0
2020-05-24,10370019549.0
2020-05-25,10442671143.0
2020-05-26,10484879220.0
2020-05-27,10475714784.0
2020-05-28,10504143820.0
2020-05-29,10521810563.0
2020-05-30,10519046047.0
2020-05-31,10585121020.0
2020-06-01,10554004111.0
2020-06-02,10586824965.0
2020-06-03,10671128095.0
2020-06-04,10695185238.0
2020-06-05,10737882005.0
2020-06-06,10738031561.0
2020-06-07,10761958070.0
2020-06-08,10787742244.0
2020-06-09,10823151728.0
2020-06-10,10829666746.0
2020-06-11,10890764535.0
2020-06-12,10905210278.0
2020-06-13,10968146982.0
2020-06-14,10974580616.0
2020-06-15,10981821533.0
2020-06-16,10993052761.0
2020-06-17,11046065654.0
2020-06-18,11076394900.0
2020-06-19,11128934632.0
2020-06-20,11221972787.0
2020-06-21,11269431397.0
2020-06-22,11291371486.0
2020-06-23,11339256517.0
2020-06-24,11296008399.0
2020-06-25,11311637151.0
2020-06-26,11296196966.0
2020-06-27,11332058794.0
2020-06-28,11374659438.0
2020-06-29,11380691760.0
2020-06-30,11358673903.0
2020-07-01,11383093396.0
2020-07-02,11425556916.0
2020-07-03,11431108455.0
2020-07-04,11483052161.0
2020-07-05,11548633482.0
2020-07-06,11565106680.0
2020-07-07,11583052130.0
2020-07-08,11613650912.0
2020-07-09,11655649781.0
2020-07-10,11700112852.0
2020-07-11,11725234590.0
2020-07-12,11771509505.0
2020-07-13,11763836778.0
2020-07-14,11780976433.0
2020-07-15,11773476460.0
2020-07-16,11813810554.0
2020-07-17,11830259623.0
2020-07-18,11849455193.0
2020-07-19,11894179709.0
2020-07-20,11969106677.0
2020-07-21,11938472006.0
2020-07-22,11975957518.0
2020-07-23,12097975744.0
2020-07-24,12204801535.0
2020-07-25,12347906320.0
2020-07-26,12372278797.0
2020-07-27,12465221658.0
2020-07-28,12383296918.0
2020-07-29,12687742037.0
2020-07-30,12857007871.0
2020-07-31,12945799525.0
2020-08-01,12997040523.0
2020-08-02,13171858040.0
2020-08-03,13308724862.0
2020-08-04,13363209257.0
2020-08-05,13431874835.0
2020-08-06,13517437732.0
2020-08-07,13606345989.0
2020-08-08,13782849335.0
2020-08-09,13931351384.0
2020-08-10,14015095923.0
2020-08-11,14044986697.0
2020-08-12,14201087438.0
2020-08-13,14274053304.0
2020-08-14,14412843493.0
2020-08-15,14729755991.0
2020-08-16,14716514938.0
2020-08-17,14789004093.0
2020-08-18,14946391238.0
2020-08-19,15211544080.0
2020-08-20,15234414789.0
2020-08-21,15351565275.0
2020-08-22,15483952267.0
2020-08-23,15589971518.0
2020-08-24,15651852185.0
2020-08-25,15683049208.0
2020-08-26,15713038116.0
2020-08-27,15739839907.0
2020-08-28,15916692357.0
2020-08-29,16027177068.0
2020-08-30,16239233729.0
2020-08-31,16279044423.0
2020-09-01,15532002662.0
2020-09-02,15710624166.0
2020-09-03,15988893435.0
2020-09-04,16074034556.0
2020-09-05,16250017617.0
2020-09-06,16314487648.0
2020-09-07,16369358912.0
2020-09-08,16693319540.0
2020-09-09,16683353126.0
2020-09-10,17028544020.0
2020-09-11,17127423300.0
2020-09-12,17222888229.0
2020-09-13,17296473959.0
2020-09-14,17626513489.0
2020-09-15,16766487247.0
2020-09-16,17914861141.0
2020-09-17,18167633011.0
2020-09-18,18397062583.0
2020-09-19,18522247374.0
2020-09-20,18818356670.0
2020-09-21,18900033656.0
2020-09-22,18962696330.0
2020-09-23,18988744019.0
2020-09-24,19071443302.0
2020-09-25,19143946257.0
2020-09-26,19167981519.0
2020-09-27,19254845168.0
2020-09-28,19302943363.0
2020-09-29,19215170367.0
2020-09-30,19222845395.0
2020-10-01,19240552781.0
2020-10-02,19388146193.0
2020-10-03,19469681949.0
2020-10-04,19515757283.0
2020-10-05,19538488716.0
2020-10-06,19556497402.0
2020-10-07,19592005881.0
2020-10-08,19610520376.0
2020-10-09,19885140655.0
2020-10-10,19968511646.0
2020-10-11,20027811790.0
2020-10-12,20049862183.0
2020-10-13,20076105724.0
2020-10-14,20044629130.0
2020-10-15,20031295392.0
2020-10-16,20020759547.0
2020-10-17,19996328714.0
2020-10-18,19989049444.0
2020-10-19,20028314554.0
2020-10-20,20161464213.0
2020-10-21,20490481064.0
2020-10-22,20582540993.0
2020-10-23,20687161494.0
2020-10-24,20667287789.0
2020-10-25,20703575834.0
2020-10-26,20739303757.0
2020-10-27,20820459145.0
2020-10-28,20852357853.0
2020-10-29,21000285806.0
2020-10-30,21036905639.0
2020-10-31,21187499543.0
2020-11-01,21231726205.0
2020-11-02,21248302437.0
2020-11-03,21233946173.0
2020-11-04,21366589230.0
2020-11-05,21322481969.0
2020-11-06,21608958242.0
2020-11-07,21720781734.0
2020-11-08,21755135515.0
2020-11-09,21741002105.0
2020-11-10,21681847475.0
2020-11-11,21851417384.0
2020-11-12,22050019495.0
2020-11-13,22221618449.0
2020-11-14,22249954555.0
2020-11-15,22293125031.0
2020-11-16,22295960588.0
2020-11-17,22431750392.0
2020-11-18,22375423887.0
2020-11-19,22386337655.0
2020-11-20,22566217488.0
2020-11-21,22967085725.0
2020-11-22,23021343457.0
2020-11-23,23085482714.0
2020-11-24,23245455645.0
2020-11-25,23468751798.0
2020-11-26,23476455550.0
2020-11-27,23456593336.0
2020-11-28,23444438936.0
2020-11-29,23590477413.0
2020-11-30,23608193267.0
2020-12-01,24042598073.0
2020-12-02,24234987463.0
2020-12-03,24292980539.0
2020-12-04,24394975270.0
2020-12-05,24602472650.0
2020-12-06,24631922957.0
2020-12-07,24679621713.0
2020-12-08,24610380941.0
2020-12-09,24603810064.0
2020-12-10,24601247569.0
2020-12-11,24755657672.0
2020-12-12,24801836725.0
2020-12-13,24925034081.0
2020-12-14,24978025621.0
2020-12-15,25045581404.0
2020-12-16,25274413332.0
2020-12-17,25408602917.0
2020-12-18,25434573975.0
2020-12-19,25692992103.0
2020-12-20,25835344038.0
2020-12-21,25829530660.0
2020-12-22,25956637288.0
2020-12-23,25937013754.0
2020-12-24,26187858197.0
2020-12-25,26491777649.0
2020-12-26,26526907626.0
2020-12-27,26550584276.0
2020-12-28,26583425154.0
2020-12-29,26831297054.0
2020-12-30,26887152847.0
2020-12-31,27064715439.0
2021-01-01,27375658126.0
2021-01-02,28273706662.0
2021-01-03,29253311943.0
2021-01-04,29421759680.0
2021-01-05,29278125285.0
2021-01-06,30082707424.0
2021-01-07,31125447521.0
2021-01-08,31205749318.0
2021-01-09,32056057167.0
2021-01-10,32342791893.0
2021-01-11,32265050108.0
2021-01-12,32277903447.0
2021-01-13,32566525810.0
2021-01-14,32637676033.0
2021-01-15,32643280328.0
2021-01-16,32786523404.0
2021-01-17,33013894956.0
2021-01-18,32988630915.0
2021-01-19,33542943279.0
2021-01-20,33588749567.0
2021-01-21,33767194674.0
2021-01-22,33816917907.0
2021-01-23,34070284632.0
2021-01-24,34120643812.0
2021-01-25,34279281923.0
2021-01-26,34222369790.0
2021-01-27,34732159954.0
2021-01-28,35415385053.0
2021-01-29,36040572347.0
2021-01-30,36551703484.0
2021-01-31,36629455491.0
2021-02-01,37167703961.0
2021-02-02,37086696036.0
2021-02-03,35663097749.0
2021-02-04,38242784718.0
2021-02-05,38765375111.0
2021-02-06,39983126144.0
2021-02-07,40081733742.0
2021-02-08,41494705769.0
2021-02-09,41832015214.0
2021-02-10,43063490614.0
2021-02-11,43411624696.0
2021-02-12,43642979052.0
2021-02-13,44805054278.0
2021-02-14,45273122444.0
2021-02-15,45318287216.0
2021-02-16,45778782256.0
2021-02-17,46681235565.0
2021-02-18,46840234398.0
2021-02-19,47471759076.0
2021-02-20,49109402708.0
2021-02-21,49566655523.0
2021-02-22,49555991966.0
2021-02-23,49998356144.0
2021-02-24,49999448699.0
2021-02-25,50562420978.0
2021-02-26,50336048106.0
2021-02-27,51066701418.0
2021-02-28,50754678543.0
2021-03-01,52105582169.0
2021-03-02,52516852234.0
2021-03-03,54029072554.0
2021-03-04,53444825224.0
2021-03-05,53892609327.0
2021-03-06,54054094234.0
2021-03-07,54357759822.0
2021-03-08,54355635147.0
2021-03-09,54101141780.0
2021-03-10,55427420786.0
2021-03-11,55698583027.0
2021-03-12,56023489973.0
2021-03-13,56422136775.0
2021-03-14,56458947299.0
2021-03-15,57499218523.0
2021-03-16,58209242175.0
2021-03-17,58347051686.0
2021-03-18,58668266552.0
2021-03-19,58962195777.0
2021-03-20,59207118625.0
2021-03-21,60280760071.0
2021-03-22,60481721213.0
2021-03-23,60713414482.0
2021-03-24,60538066683.0
2021-03-25,60604268208.0
2021-03-26,60788650682.0
2021-03-27,62237804352.0
2021-03-28,62382334411.0
2021-03-29,62853307642.0
2021-03-30,62475929792.0
2021-03-31,62756614847.0
2021-04-01,63839005507.0
2021-04-02,63976734696.0
2021-04-03,66361769333.0
2021-04-04,66701988845.0
2021-04-05,67160922257.0
2021-04-06,68255596889.0
2021-04-07,68301609274.0
2021-04-08,68730624080.0
2021-04-09,69324515525.0
2021-04-10,69590908069.0
2021-04-11,69839769482.0
2021-04-12,70820724092.0
2021-04-13,70668087878.0
2021-04-14,73247005131.0
2021-04-15,73646108667.0
2021-04-16,74259179696.0
2021-04-17,76389791626.0
2021-04-18,76976630064.0
2021-04-19,80001982827.0
2021-04-20,80222515351.0
2021-04-21,81117622475.0
2021-04-22,81467114707.0
2021-04-23,81838661523.0
2021-04-24,81969558368.0
2021-04-25,81910379244.0
2021-04-26,82661750821.0
2021-04-27,83025228288.0
2021-04-28,83081012479.0
2021-04-29,83896411610.0
2021-04-30,83557084261.0
2021-05-01,84911176660.0
2021-05-02,85388401447.0
2021-05-03,86631372130.0
2021-05-04,86753985494.0
2021-05-05,89046190495.0
2021-05-06,89599264423.0
2021-05-07,90157181884.0
2021-05-08,90325387449.0
2021-05-09,90643431396.0
2021-05-10,91978780612.0
2021-05-11,93602042339.0
2021-05-12,94481568010.0
2021-05-13,94525992235.0
2021-05-14,94057749920.0
2021-05-15,94695973939.0
2021-05-16,94711525005.0
2021-05-17,95201516932.0
2021-05-18,96805673841.0
2021-05-19,96359554909.0
2021-05-20,95190806599.0
2021-05-21,97007684922.0
2021-05-22,99100270831.0
2021-05-23,99805569542.0
2021-05-24,100951864953.0
2021-05-25,101575300669.0
2021-05-26,101860855193.0
2021-05-27,102916476566.0
2021-05-28,104040708564.0
2021-05-29,104784309319.0
2021-05-30,104335023551.0
2021-05-31,102350266106.0
2021-06-01,105707446119.0
2021-06-02,106345950326.0
2021-06-03,106332473404.0
2021-06-04,106967813792.0
2021-06-05,107179699301.0
2021-06-06,107489513559.0
2021-06-07,107957707483.0
2021-06-08,107416963070.0
2021-06-09,108121522882.0
2021-06-10,108422839999.0
2021-06-11,108050872917.0
2021-06-12,107848326042.0
2021-06-13,108151032611.0
2021-06-14,108259833778.0
2021-06-15,108346066674.0
2021-06-16,108489463314.0
2021-06-17,107812615186.0
2021-06-18,108128283541.0
2021-06-19,108300043137.0
2021-06-20,108613564826.0
2021-06-21,108934049122.0
2021-06-22,108735600177.0
2021-06-23,109513511902.0
2021-06-24,109690229073.0
2021-06-25,109839758153.0
2021-06-26,109981883594.0
2021-06-27,110333596798.0
2021-06-28,110493923380.0
2021-06-29,110005223288.0
2021-06-30,109620926186.0
2021-07-01,110117369949.0
2021-07-02,110328987665.0
2021-07-03,111052164600.0
2021-07-04,111039173339.0
2021-07-05,110519660446.0
2021-07-06,111191183702.0
2021-07-07,111547956542.0
2021-07-08,111403859088.0
2021-07-09,111894898754.0
2021-07-10,111876191965.0
2021-07-11,111987671768.0
2021-07-12,111785033408.0
2021-07-13,112124869750.0
2021-07-14,111915645613.0
2021-07-15,111874878412.0
2021-07-16,112647189273.0
2021-07-17,111854212971.0
2021-07-18,112318599424.0
2021-07-19,112698274707.0
2021-07-20,112449698155.0
2021-07-21,112547114480.0
2021-07-22,113015426044.0
2021-07-23,112904681262.0
2021-07-24,113222444248.0
2021-07-25,113453703630.0
2021-07-26,113951105151.0
2021-07-27,113677857718.0
2021-07-28,114263356795.0
2021-07-29,113864411550.0
2021-07-30,114086188070.0
2021-07-31,114664254169.0
2021-08-01,114087518678.0
2021-08-02,114041827687.0
2021-08-03,114206765922.0
2021-08-04,114569446648.0
2021-08-05,112672180971.0
2021-08-06,113221422090.0
2021-08-07,113618576750.0
2021-08-08,114881527345.0
2021-08-09,114928147283.0
2021-08-10,115005621682.0
2021-08-11,114538705870.0
2021-08-12,114605586658.0
2021-08-13,114793537848.0
2021-08-14,114607821685.0
2021-08-15,115632961456.0
2021-08-16,115792598962.0
2021-08-17,115650786821.0
2021-08-18,115585763625.0
2021-08-19,115799908806.0
2021-08-20,116422107244.0
2021-08-21,116537394180.0
2021-08-22,116545856390.0
2021-08-23,118127799293.0
2021-08-24,115740949966.0
2021-08-25,117742605523.0
2021-08-26,117628481785.0
2021-08-27,117576424380.0
2021-08-28,118035339948.0
2021-08-29,118096327305.0
2021-08-30,118131543242.0
2021-08-31,118044808424.0
2021-09-01,118462298510.0
2021-09-02,118561229842.0
2021-09-03,119630285058.0
2021-09-04,119786178879.0
2021-09-05,119863005188.0
2021-09-06,120999045509.0
2021-09-07,123078023288.0
2021-09-08,123611941629.0
2021-09-09,124015253020.0
2021-09-10,124346819079.0
2021-09-11,123492343794.0
2021-09-12,124004448107.0
2021-09-13,124564131458.0
2021-09-14,123983966147.0
2021-09-15,124282410800.0
2021-09-16,124187104932.0
2021-09-17,124440305071.0
2021-09-18,124932503717.0
2021-09-19,124849410109.0
2021-09-20,125090267495.0
2021-09-21,124133615603.0
2021-09-22,123914115583.0
2021-09-23,125141977906.0
2021-09-24,125792201787.0
2021-09-25,126522461588.0
2021-09-26,127197461002.0
2021-09-27,127671458775.0
2021-09-28,126299908074.0
2021-09-29,126308864603.0
2021-09-30,127365031050.0
2021-10-01,127126472526.0
2021-10-02,127213858690.0
2021-10-03,127295300467.0
2021-10-04,127673601281.0
2021-10-05,127636018533.0
2021-10-06,127875440099.0
2021-10-07,128307640967.0
2021-10-08,128500383443.0
2021-10-09,128712011414.0
2021-10-10,128950939683.0
2021-10-11,129000466654.0
2021-10-12,129619444823.0
2021-10-13,129150916259.0
2021-10-14,129280694684.0
2021-10-15,129545417019.0
2021-10-16,129760473173.0
2021-10-17,129767918195.0
2021-10-18,129644690225.0
2021-10-19,129449962362.0
2021-10-20,129392550662.0
2021-10-21,129879533369.0
2021-10-22,129571555181.0
2021-10-23,130175649476.0
2021-10-24,130401523894.0
2021-10-25,130325720237.0
2021-10-26,130379038072.0
2021-10-27,129851989316.0
2021-10-28,130532974537.0
2021-10-29,131020387743.0
2021-10-30,131490254956.0
2021-10-31,131867911789.0
2021-11-01,131653666044.0
2021-11-02,133172305764.0
2021-11-03,134291799367.0
2021-11-04,134220641041.0
2021-11-05,135559529763.0
2021-11-06,136992988877.0
2021-11-07,136832830695.0
2021-11-08,138124190100.0
2021-11-09,137053349049.0
2021-11-10,139553905414.0
2021-11-11,139719047373.0
2021-11-12,139448011689.0
2021-11-13,140555809113.0
2021-11-14,140962968933.0
2021-11-15,142182097325.0
2021-11-16,142011059169.0
2021-11-17,143000477617.0
2021-11-18,144346811131.0
2021-11-19,144032962241.0
2021-11-20,145948841562.0
2021-11-21,146593710830.0
2021-11-22,146477738499.0
2021-11-23,146073263732.0
2021-11-24,146532932562.0
2021-11-25,146936205770.0
2021-11-26,147755296884.0
2021-11-27,148414235620.0
2021-11-28,148785519438.0
2021-11-29,148950392158.0
2021-11-30,148383381279.0
2021-12-01,149077932307.0
2021-12-02,149796521755.0
2021-12-03,149674844232.0
2021-12-04,151428385148.0
2021-12-05,152628040752.0
2021-12-06,153451959695.0
2021-12-07,154200800435.0
2021-12-08,155033649078.0
2021-12-09,153107416018.0
2021-12-10,155456882274.0
2021-12-11,155559529761.0
2021-12-12,156248467348.0
2021-12-13,156342320990.0
2021-12-14,156217907370.0
2021-12-15,158120196514.0
2021-12-16,158180759526.0
2021-12-17,158040694294.0
2021-12-18,158501915801.0
2021-12-19,159098354014.0
2021-12-20,158802558654.0
2021-12-21,160356889734.0
2021-12-22,160739762243.0
2021-12-23,159336251374.0
2021-12-24,159950199063.0
2021-12-25,160292553534.0
2021-12-26,160179383799.0
2021-12-27,161408699190.0
2021-12-28,161357191387.0
2021-12-29,161386084121.0
2021-12-30,161265277003.0
2021-12-31,162533919428.0
2022-01-01,161894743362.0
2022-01-02,166987595403.0
2022-01-03,166080942224.0
2022-01-04,166332078829.0
2022-01-05,166333283414.0
2022-01-06,167283567567.0
2022-01-07,167108560575.0
2022-01-08,166919250273.0
2022-01-09,166346460737.0
2022-01-10,166260314932.0
2022-01-11,167500397800.0
2022-01-12,167719722167.0
2022-01-13,168618635217.0
2022-01-14,168856168877.0
2022-01-15,169138581565.0
2022-01-16,169278285205.0
2022-01-17,169659131618.0
2022-01-18,170236237095.0
2022-01-19,169757218620.0
2022-01-20,170333439008.0
2022-01-21,171065590048.0
2022-01-22,170276902283.0
2022-01-23,172442522123.0
2022-01-24,171824202644.0
2022-01-25,173012638344.0
2022-01-26,172881281051.0
2022-01-27,174010306137.0
2022-01-28,174261313570.0
2022-01-29,172832143375.0
2022-01-30,173648545159.0
2022-01-31,173207296275.0
2022-02-01,173678332432.0
2022-02-02,174201986706.0
2022-02-03,174825395209.0
2022-02-04,175776833285.0
2022-02-05,177275489393.0
2022-02-06,176170914216.0
2022-02-07,176667458603.0
2022-02-08,176894462623.0
2022-02-09,177661497092.0
2022-02-10,178219583732.0
2022-02-11,179183896185.0
2022-02-12,179781430738.0
2022-02-13,179765102930.0
2022-02-14,179968597850.0
2022-02-15,179787974604.0
2022-02-16,180400192308.0
2022-02-17,180332737691.0
2022-02-18,180633941521.0
2022-02-19,181045560108.0
2022-02-20,182048298273.0
2022-02-21,181619160509.0
2022-02-22,181936067990.0
2022-02-23,182243008686.0
2022-02-24,182628232789.0
2022-02-25,183135172500.0
2022-02-26,182601536593.0
2022-02-27,183359601774.0
2022-02-28,184075922014.0
2022-03-01,183440999761.0
2022-03-02,183563878698.0
2022-03-03,183790867201.0
2022-03-04,183571957441.0
2022-03-05,183521384113.0
2022-03-06,183751921664.0
2022-03-07,183944742776.0
2022-03-08,182926360712.0
2022-03-09,183521655865.0
2022-03-10,183874214120.0
2022-03-11,184318113320.0
2022-03-12,184287863476.0
2022-03-13,184539718857.0
2022-03-14,184771633265.0
2022-03-15,184558839140.0
2022-03-16,184479266367.0
2022-03-17,184699501176.0
2022-03-18,185427952276.0
2022-03-19,186033730246.0
2022-03-20,186236571910.0
2022-03-21,186495318153.0
2022-03-22,186460445884.0
2022-03-23,186233178424.0
2022-03-24,185599897164.0
2022-03-25,185879702771.0
2022-03-26,185461986125.0
2022-03-27,185691609319.0
2022-03-28,185597675271.0
2022-03-29,185430949275.0
2022-03-30,186285614394.0
2022-03-31,187096302148.0
2022-04-01,186622372566.0
2022-04-02,187391942652.0
2022-04-03,187056596134.0
2022-04-04,187011943815.0
2022-04-05,186796803621.0
2022-04-06,186882362226.0
2022-04-07,186004443848.0
2022-04-08,186109968175.0
2022-04-09,186415512678.0
2022-04-10,186820952888.0
2022-04-11,186823358795.0
2022-04-12,186028430149.0
2022-04-13,186322317740.0
2022-04-14,185838228053.0
2022-04-15,185898595642.0
2022-04-16,185872684306.0
2022-04-17,185876599678.0
2022-04-18,186014332758.0
2022-04-19,185805045771.0
2022-04-20,185990856370.0
2022-04-21,186135614099.0
2022-04-22,186550806481.0
2022-04-23,186884288700.0
2022-04-24,187119500222.0
2022-04-25,186963531157.0
2022-04-26,187015867133.0
2022-04-27,186538263699.0
2022-04-28,186459057703.0
2022-04-29,186357929000.0
2022-04-30,186793183826.0
2022-05-01,187059239551.0
2022-05-02,186861568501.0
2022-05-03,186591731522.0
2022-05-04,186657318211.0
2022-05-05,186220855767.0
2022-05-06,186443085966.0
2022-05-07,185659333778.0
2022-05-08,185444316534.0
2022-05-09,180003932412.0
2022-05-10,176977547082.0
2022-05-11,176021893184.0
2022-05-12,160111332612.0
2022-05-13,159859520640.0
2022-05-14,158564041612.0
2022-05-15,158008821059.0
2022-05-16,158064097460.0
2022-05-17,159413236718.0
2022-05-18,158263160172.0
2022-05-19,158499144778.0
2022-05-20,159156483288.0
2022-05-21,158417603244.0
2022-05-22,158475938087.0
2022-05-23,158578457825.0
2022-05-24,158670219361.0
2022-05-25,158827028632.0
2022-05-26,158969444065.0
2022-05-27,158594112075.0
2022-05-28,158141251758.0
2022-05-29,158317850025.0
2022-05-30,158210159072.0
2022-05-31,158731339487.0
2022-06-01,159296790757.0
2022-06-02,160264129409.0
2022-06-03,159387989292.0
2022-06-04,159378201658.0
2022-06-05,159318404528.0
2022-06-06,159329214489.0
2022-06-07,159224391538.0
2022-06-08,159107444347.0
2022-06-09,159078010669.0
2022-06-10,159146853848.0
2022-06-11,158697485989.0
2022-06-12,158416739423.0
2022-06-13,158139729196.0
2022-06-14,156870816044.0
2022-06-15,155935668777.0
2022-06-16,155143029661.0
2022-06-17,154643688106.0
2022-06-18,154095812453.0
2022-06-19,154180025567.0
2022-06-20,153950288992.0
2022-06-21,153296812292.0
2022-06-22,153414687876.0
2022-06-23,153383413427.0
2022-06-24,152987239268.0
2022-06-25,152990202603.0
2022-06-26,153199371691.0
2022-06-27,153193419304.0
2022-06-28,152962218106.0
2022-06-29,152893740186.0
2022-06-30,152787706050.0
2022-07-01,152663528744.0
2022-07-02,153384513551.0
2022-07-03,153348368239.0
2022-07-04,153224621112.0
2022-07-05,153260988596.0
2022-07-06,153295218999.0
2022-07-07,153046068807.0
2022-07-08,152802950055.0
2022-07-09,152953664677.0
2022-07-10,152973934393.0
2022-07-11,152865402930.0
2022-07-12,153033567872.0
2022-07-13,152730651477.0
2022-07-14,152735818223.0
2022-07-15,152809370833.0
2022-07-16,152258105635.0
2022-07-17,152317341745.0
2022-07-18,152412018425.0
2022-07-19,152660769584.0
2022-07-20,152570537599.0
2022-07-21,152764751593.0
2022-07-22,152712129660.0
2022-07-23,152843691759.0
2022-07-24,152948190147.0
2022-07-25,152932405690.0
2022-07-26,152907898899.0
2022-07-27,152829637494.0
2022-07-28,152905558958.0
2022-07-29,152712189988.0
2022-07-30,152828151594.0
2022-07-31,152833987943.0
2022-08-01,152833041936.0
2022-08-02,153097134125.0
2022-08-03,153030596754.0
2022-08-04,153020117328.0
2022-08-05,152940674070.0
2022-08-06,153105336268.0
2022-08-07,153138488098.0
2022-08-08,153056197389.0
2022-08-09,152821750179.0
2022-08-10,152750660561.0
2022-08-11,153033620298.0
2022-08-12,152981946072.0
2022-08-13,152815246311.0
2022-08-14,153052198595.0
2022-08-15,152536438261.0
2022-08-16,152841879383.0
2022-08-17,152724168260.0
2022-08-18,152690537523.0
2022-08-19,152470975082.0
2022-08-20,152367337262.0
2022-08-21,152282317340.0
2022-08-22,152234784913.0
2022-08-23,152034289031.0
2022-08-24,152158530460.0
2022-08-25,152194411557.0
2022-08-26,152204960264.0
2022-08-27,152292982406.0
2022-08-28,152361362480.0
2022-08-29,152140370272.0
2022-08-30,152275885173.0
2022-08-31,152599035949.0
2022-09-01,152389636805.0
2022-09-02,152314925267.0
2022-09-03,152120765301.0
2022-09-04,152142773500.0
2022-09-05,151999751305.0
2022-09-06,151896505206.0
2022-09-07,151910082825.0
2022-09-08,152011707374.0
2022-09-09,152163017507.0
2022-09-10,152272290976.0
2022-09-11,152395436852.0
2022-09-12,152385513269.0
2022-09-13,152330872619.0
2022-09-14,152345006191.0
2022-09-15,151977282591.0
2022-09-16,151746440370.0
2022-09-17,151593630116.0
2022-09-18,151672147751.0
2022-09-19,151612209732.0
2022-09-20,151760430439.0
2022-09-21,152015582173.0
2022-09-22,151863974857.0
2022-09-23,151864979297.0
2022-09-24,151661881491.0
2022-09-25,151620437493.0
2022-09-26,151340517326.0
2022-09-27,150597739297.0
2022-09-28,150487696958.0
2022-09-29,149988645060.0
2022-09-30,149499660119.0
2022-10-01,148247368029.0
2022-10-02,148255813414.0
2022-10-03,148285671461.0
2022-10-04,148065422909.0
2022-10-05,148028552799.0
2022-10-06,148098167043.0
2022-10-07,148139349891.0
2022-10-08,148305018403.0
2022-10-09,148316236619.0
2022-10-10,148300398649.0
2022-10-11,148102920497.0
2022-10-12,147995883556.0
2022-10-13,147485526756.0
2022-10-14,147060157172.0
2022-10-15,146643247363.0
2022-10-16,146628630690.0
2022-10-17,146555979156.0
2022-10-18,146361958944.0
2022-10-19,146267526538.0
2022-10-20,146178122653.0
2022-10-21,145772402320.0
2022-10-22,145572640625.0
2022-10-23,145632327322.0
2022-10-24,145665641345.0
2022-10-25,145340003450.0
2022-10-26,145220004099.0
2022-10-27,145406750198.0
2022-10-28,145329325883.0
2022-10-29,145440460393.0
2022-10-30,145544750521.0
2022-10-31,145639694887.0
2022-11-01,145218376181.0
2022-11-02,145240308198.0
2022-11-03,145105309553.0
2022-11-04,145239425891.0
2022-11-05,145414801244.0
2022-11-06,145461251733.0
2022-11-07,145820548890.0
2022-11-08,146804845954.0
2022-11-09,147100056756.0
2022-11-10,145340576354.0
2022-11-11,145762480474.0
2022-11-12,145596596170.0
2022-11-13,144925359847.0
2022-11-14,144756738409.0
2022-11-15,144582168711.0
2022-11-16,144629322669.0
2022-11-17,144210345085.0
2022-11-18,143848646324.0
2022-11-19,144038279532.0
2022-11-20,144068839763.0
2022-11-21,144102429484.0
2022-11-22,143250860856.0
2022-11-23,143249926867.0
2022-11-24,142611228750.0
2022-11-25,142860699045.0
2022-11-26,142561523105.0
2022-11-27,142738408946.0
2022-11-28,142732619105.0
2022-11-29,141689098658.0
2022-11-30,141060756851.0
2022-12-01,140911454436.0
2022-12-02,140745840430.0
2022-12-03,141006889555.0
2022-12-04,141176178083.0
2022-12-05,141280980585.0
2022-12-06,141031306910.0
2022-12-07,140892699531.0
2022-12-08,140728332181.0
2022-12-09,140665248584.0
2022-12-10,140587487802.0
2022-12-11,140634134203.0
2022-12-12,140748682010.0
2022-12-13,140396114017.0
2022-12-14,140008478227.0
2022-12-15,139796532354.0
2022-12-16,139827012912.0
2022-12-17,139367752776.0
2022-12-18,139538766142.0
2022-12-19,139561090303.0
2022-12-20,139197132905.0
2022-12-21,138935084247.0
2022-12-22,138709461547.0
2022-12-23,138566492407.0
2022-12-24,138066241077.0
2022-12-25,138112325948.0
2022-12-26,138119567624.0
2022-12-27,138102727108.0
2022-12-28,137634147686.0
2022-12-29,137674202313.0
2022-12-30,137585903468.0
2022-12-31,137457066907.0
2023-01-01,137354723242.0
2023-01-02,137454973923.0
2023-01-03,137442015493.0
2023-01-04,137110563314.0
2023-01-05,137062846905.0
2023-01-06,136772164881.0
2023-01-07,136459013265.0
2023-01-08,136596474461.0
2023-01-09,136575021783.0
2023-01-10,136326203322.0
2023-01-11,136506356344.0
2023-01-12,136572855908.0
2023-01-13,136671912282.0
2023-01-14,136420249118.0
2023-01-15,136612025328.0
2023-01-16,136787130533.0
2023-01-17,136710186110.0
2023-01-18,136254621761.0
2023-01-19,136136583497.0
2023-01-20,136088256279.0
2023-01-21,136280273037.0
2023-01-22,136562513589.0
2023-01-23,136658943316.0
2023-01-24,136496759260.0
2023-01-25,136518041461.0
2023-01-26,136806901696.0
2023-01-27,137016558937.0
2023-01-28,136844934538.0
2023-01-29,137001726301.0
2023-01-30,136954238448.0
2023-01-31,136622261802.0
2023-02-01,136701038486.0
2023-02-02,136648060543.0
2023-02-03,136920131292.0
2023-02-04,136640143005.0
2023-02-05,136664055095.0
2023-02-06,136708667208.0
2023-02-07,136596615395.0
2023-02-08,136440741078.0
2023-02-09,136312002815.0
2023-02-10,136174027423.0
2023-02-11,136181813978.0
2023-02-12,136176267826.0
2023-02-13,136121109034.0
2023-02-14,136233489369.0
2023-02-15,136088895947.0
2023-02-16,135703043005.0
2023-02-17,135833107481.0
2023-02-18,135770978035.0
2023-02-19,135788590695.0
2023-02-20,135838652785.0
2023-02-21,135504034616.0
2023-02-22,135272901820.0
2023-02-23,135012058601.0
2023-02-24,134871069073.0
2023-02-25,134855093502.0
2023-02-26,134976439527.0
2023-02-27,134897788649.0
2023-02-28,134598011067.0
2023-03-01,134455610391.0
2023-03-02,134286929536.0
2023-03-03,134462132798.0
2023-03-04,134487439968.0
2023-03-05,134578051700.0
2023-03-06,134646041124.0
2023-03-07,134442923214.0
2023-03-08,134466136644.0
2023-03-09,134364643505.0
2023-03-10,134371491348.0
2023-03-11,134015399006.0
2023-03-12,131234867571.0
2023-03-13,134768059720.0
2023-03-14,133438643231.0
2023-03-15,132321136166.0
2023-03-16,132679479135.0
2023-03-17,132774050347.0
2023-03-18,132755579538.0
2023-03-19,133136757166.0
2023-03-20,132866172521.0
2023-03-21,133171107299.0
2023-03-22,132992860397.0
2023-03-23,132823056549.0
2023-03-24,133009932398.0
2023-03-25,133314984725.0
2023-03-26,133441042456.0
2023-03-27,132584857852.0
2023-03-28,132169678294.0
2023-03-29,131798152588.0
2023-03-30,131744789169.0
2023-03-31,131727344888.0
2023-04-01,131215079685.0
2023-04-02,131142616209.0
2023-04-03,131367953551.0
2023-04-04,131919729431.0
2023-04-05,131285300974.0
2023-04-06,131221409261.0
2023-04-07,131432566779.0
2023-04-08,131444301689.0
2023-04-09,131634513804.0
2023-04-10,131322420932.0
2023-04-11,131428767130.0
2023-04-12,131367794570.0
2023-04-13,131292870912.0
2023-04-14,131408503342.0
2023-04-15,131357055451.0
2023-04-16,131247395572.0
2023-04-17,131166144989.0
2023-04-18,131050337662.0
2023-04-19,130782715221.0
2023-04-20,130815625349.0
2023-04-21,130642993399.0
2023-04-22,129430536024.0
2023-04-23,130306403993.0
2023-04-24,130340660576.0
2023-04-25,130271173682.0
2023-04-26,130106693959.0
2023-04-27,130269178722.0
2023-04-28,130073483667.0
2023-04-29,129957434267.0
2023-04-30,129898107897.0
2023-05-01,129933348723.0
2023-05-02,130274969492.0
2023-05-03,130297022520.0
2023-05-04,129882757831.0
2023-05-05,129762123803.0
2023-05-06,130260153565.0
2023-05-07,130181863824.0
2023-05-08,130015021695.0
2023-05-09,130102993575.0
2023-05-10,130230224084.0
2023-05-11,130081156232.0
2023-05-12,130004263179.0
2023-05-13,130044117826.0
2023-05-14,130017558582.0
2023-05-15,130013225266.0
2023-05-16,129924836362.0
2023-05-17,129746997186.0
2023-05-18,129478180511.0
2023-05-19,129604708095.0
2023-05-20,129477882174.0
2023-05-21,129602545343.0
2023-05-22,129496286275.0
2023-05-23,129379033068.0
2023-05-24,129309993488.0
2023-05-25,128914199572.0
2023-05-26,128888069148.0
2023-05-27,128880297082.0
2023-05-28,128912215482.0
2023-05-29,128960826208.0
2023-05-30,128945183621.0
2023-05-31,128901070051.0
2023-06-01,128850909985.0
2023-06-02,128776525845.0
2023-06-03,128812123354.0
2023-06-04,128726003080.0
2023-06-05,128768606277.0
2023-06-06,128634295777.0
2023-06-07,128487699325.0
2023-06-08,128360181677.0
2023-06-09,128279669325.0
2023-06-10,127790754993.0
2023-06-11,127926193259.0
2023-06-12,127984088696.0
2023-06-13,127697723276.0
2023-06-14,127559408969.0
2023-06-15,127336855690.0
2023-06-16,128136945268.0
2023-06-17,128325882394.0
2023-06-18,127988897513.0
2023-06-19,127985635138.0
2023-06-20,128099603715.0
2023-06-21,128647589491.0
2023-06-22,128164024627.0
2023-06-23,128152201330.0
2023-06-24,128206046421.0
2023-06-25,128488626473.0
2023-06-26,128266719969.0
2023-06-27,128199350198.0
2023-06-28,128253857345.0
2023-06-29,127762528299.0
2023-06-30,127696126803.0
2023-07-01,127088380083.0
2023-07-02,127066828482.0
2023-07-03,127110699448.0
2023-07-04,127297876207.0
2023-07-05,127420692365.0
2023-07-06,127253062727.0
2023-07-07,126793981553.0
2023-07-08,126790389101.0
2023-07-09,126812683815.0
2023-07-10,126706340037.0
2023-07-11,126613586102.0
2023-07-12,126462339306.0
2023-07-13,126329651268.0
2023-07-14,126598324525.0
2023-07-15,126614821831.0
2023-07-16,126662902641.0
2023-07-17,126581288602.0
2023-07-18,126421281412.0
2023-07-19,126361242382.0
2023-07-20,126087049767.0
2023-07-21,126046063882.0
2023-07-22,125893021769.0
2023-07-23,125891829858.0
2023-07-24,125792659517.0
2023-07-25,125599210218.0
2023-07-26,125513024946.0
2023-07-27,125490996957.0
2023-07-28,125320416785.0
2023-07-29,125158144769.0
2023-07-30,125400346941.0
2023-07-31,125275869934.0
2023-08-01,125210740962.0
2023-08-02,124991322409.0
2023-08-03,124819044906.0
2023-08-04,124567396680.0
2023-08-05,124313963282.0
2023-08-06,124348346873.0
2023-08-07,124301871611.0
2023-08-08,124162214646.0
2023-08-09,124384601724.0
2023-08-10,124285507588.0
2023-08-11,124030372626.0
2023-08-12,123931009927.0
2023-08-13,124042323821.0
2023-08-14,124075359010.0
2023-08-15,123627747939.0
2023-08-16,123335304802.0
2023-08-17,123030572214.0
2023-08-18,123012242741.0
2023-08-19,122660540921.0
2023-08-20,122877645464.0
2023-08-21,122997339160.0
2023-08-22,124056504405.0
2023-08-23,123951660114.0
2023-08-24,123991720072.0
2023-08-25,124056023295.0
2023-08-26,124100056074.0
2023-08-27,124112326374.0
2023-08-28,124224026630.0
2023-08-29,124282763061.0
2023-08-30,124716260826.0
2023-08-31,124842345255.0
2023-09-01,124857422696.0
2023-09-02,124851396659.0
2023-09-03,124844882378.0
2023-09-04,124881384157.0
2023-09-05,124621537377.0
2023-09-06,124164753687.0
2023-09-07,123979226402.0
2023-09-08,123755131754.0
2023-09-09,123879024531.0
2023-09-10,123949683291.0
2023-09-11,124118973773.0
2023-09-12,123888598516.0
2023-09-13,124031159518.0
2023-09-14,124045053187.0
2023-09-15,124016889579.0
2023-09-16,123888049181.0
2023-09-17,123985604359.0
2023-09-18,124011406235.0
2023-09-19,123952475546.0
2023-09-20,124073751114.0
2023-09-21,124062274685.0
2023-09-22,123992125119.0
2023-09-23,124071821734.0
2023-09-24,124084379622.0
2023-09-25,124129856904.0
2023-09-26,123913314418.0
2023-09-27,123780062851.0
2023-09-28,123702780585.0
2023-09-29,123888758903.0
2023-09-30,123444764341.0
2023-10-01,123559096211.0
2023-10-02,123590096529.0
2023-10-03,123766591747.0
2023-10-04,123613379470.0
2023-10-05,123479583561.0
2023-10-06,123655656671.0
2023-10-07,123915345838.0
2023-10-08,123903415258.0
2023-10-09,123968708195.0
2023-10-10,124019782417.0
2023-10-11,123715682819.0
2023-10-12,123492177938.0
2023-10-13,123279382689.0
2023-10-14,123274463607.0
2023-10-15,123326762798.0
2023-10-16,123394960965.0
2023-10-17,123454281528.0
2023-10-18,123648473815.0
2023-10-19,123867559182.0
2023-10-20,124462550355.0
2023-10-21,124375033968.0
2023-10-22,124346542758.0
2023-10-23,124309587906.0
2023-10-24,124601884858.0
2023-10-25,123833880750.0
2023-10-26,124233627337.0
2023-10-27,124227611046.0
2023-10-28,124055967622.0
2023-10-29,124068582062.0
2023-10-30,124190150653.0
2023-10-31,124008468597.0
2023-11-01,123905832203.0
2023-11-02,124171216171.0
2023-11-03,124056198829.0
2023-11-04,124431862326.0
2023-11-05,124583648486.0
2023-11-06,124649601746.0
2023-11-07,124690345432.0
2023-11-08,125025863698.0
2023-11-09,124978127264.0
2023-11-10,125113811720.0
2023-11-11,125405350270.0
2023-11-12,125469906734.0
2023-11-13,125482870660.0
2023-11-14,125642666933.0
2023-11-15,125494252603.0
2023-11-16,125824738001.0
2023-11-17,126149974871.0
2023-11-18,126338101585.0
2023-11-19,126498683249.0
2023-11-20,126486272743.0
2023-11-21,126953745063.0
2023-11-22,127042938163.0
2023-11-23,127068895756.0
2023-11-24,127059418511.0
2023-11-25,127689655425.0
2023-11-26,127670199178.0
2023-11-27,127640205277.0
2023-11-28,127485552663.0
2023-11-29,127772474167.0
2023-11-30,127852719134.0
2023-12-01,127948093173.0
2023-12-02,128110223308.0
2023-12-03,128174740983.0
2023-12-04,128296081082.0
2023-12-05,128103483042.0
2023-12-06,128382059184.0
2023-12-07,128409230273.0
2023-12-08,128393716769.0
2023-12-09,128575863142.0
2023-12-10,128899947357.0
2023-12-11,128869596763.0
2023-12-12,128669914738.0
2023-12-13,128030693760.0
2023-12-14,128451763108.0
2023-12-15,128634831991.0
2023-12-16,128882935843.0
2023-12-17,129041436012.0
2023-12-18,128992830308.0
2023-12-19,128948737697.0
2023-12-20,129400463250.0
2023-12-21,129746203152.0
2023-12-22,129728001569.0
2023-12-23,130073496579.0
2023-12-24,130241787760.0
2023-12-25,130182219084.0
2023-12-26,130142144288.0
2023-12-27,129831928513.0
2023-12-28,130283545191.0
2023-12-29,130102946794.0
2023-12-30,130198905763.0
2023-12-31,130100873955.0
2024-01-01,129835465344.0
2024-01-02,130359543289.0
2024-01-03,130495587520.0
2024-01-04,131034400020.0
2024-01-05,131721601505.0
2024-01-06,132136850036.0
2024-01-07,132515556695.0
2024-01-08,132442642373.0
2024-01-09,132722037672.0
2024-01-10,132693055518.0
2024-01-11,133148676456.0
2024-01-12,133467506552.0
2024-01-13,132822771248.0
2024-01-14,133458626347.0
2024-01-15,133618377331.0
2024-01-16,133303795971.0
2024-01-17,133278138346.0
2024-01-18,133813139215.0
2024-01-19,133187146307.0
2024-01-20,133357755233.0
2024-01-21,133576068810.0
2024-01-22,133298151343.0
2024-01-23,133445247758.0
2024-01-24,134239664029.0
2024-01-25,134071787725.0
2024-01-26,134259049797.0
2024-01-27,134480470305.0
2024-01-28,134553192201.0
2024-01-29,134614894664.0
2024-01-30,134937258573.0
2024-01-31,134750117737.0
2024-02-01,134786519351.0
2024-02-02,135157723114.0
2024-02-03,135132492095.0
2024-02-04,135090414698.0
2024-02-05,135168564024.0
2024-02-06,135012752422.0
2024-02-07,135351706897.0
2024-02-08,135667630993.0
2024-02-09,135966774702.0
2024-02-10,136192593198.0
2024-02-11,136463514053.0
2024-02-12,136688944067.0
2024-02-13,136284379153.0
2024-02-14,136470963551.0
2024-02-15,137431095301.0
2024-02-16,137262657542.0
2024-02-17,137619179089.0
2024-02-18,137810375209.0
2024-02-19,137706207623.0
2024-02-20,137709750897.0
2024-02-21,137807503911.0
2024-02-22,137841062988.0
2024-02-23,138199151984.0
2024-02-24,138821066421.0
2024-02-25,138581467409.0
2024-02-26,138693603544.0
2024-02-27,139148005602.0
2024-02-28,139722158180.0
2024-02-29,140197045346.0
2024-03-01,140749449279.0
2024-03-02,141304851068.0
2024-03-03,141394227581.0
2024-03-04,141792254627.0
2024-03-05,141999585537.0
2024-03-06,142164715866.0
2024-03-07,142487669141.0
2024-03-08,143005261947.0
2024-03-09,144209742982.0
2024-03-10,144508363687.0
2024-03-11,144736914503.0
2024-03-12,145477904658.0
2024-03-13,145732944341.0
2024-03-14,146536570116.0
2024-03-15,146807368620.0
2024-03-16,146722849744.0
2024-03-17,146855193193.0
2024-03-18,146529001543.0
2024-03-19,147234672494.0
2024-03-20,147623147605.0
2024-03-21,147143684059.0
2024-03-22,147707634309.0
2024-03-23,147752673617.0
2024-03-24,148085040442.0
2024-03-25,147906937959.0
2024-03-26,149232929479.0
2024-03-27,149528490726.0
2024-03-28,149487016829.0
2024-03-29,149732467337.0
2024-03-30,149939286818.0
2024-03-31,150171409389.0
2024-04-01,149906995726.0
2024-04-02,150330438571.0
2024-04-03,150981523184.0
2024-04-04,152363668724.0
2024-04-05,153239216598.0
2024-04-06,154339943470.0
2024-04-07,154367571366.0
2024-04-08,154143542854.0
2024-04-09,154172233337.0
2024-04-10,153966643269.0
2024-04-11,153675918103.0
2024-04-12,154273055264.0
2024-04-13,154479368835.0
2024-04-14,155090997992.0
2024-04-15,155118347030.0
2024-04-16,155664848712.0
2024-04-17,156656885689.0
2024-04-18,154364386476.0
2024-04-19,157600994660.0
2024-04-20,156276857598.0
2024-04-21,156392908286.0
2024-04-22,158570394751.0
2024-04-23,159115199780.0
2024-04-24,159058333668.0
2024-04-25,159599142810.0
2024-04-26,159639918567.0
2024-04-27,159431076344.0
2024-04-28,159606156862.0
2024-04-29,159599684201.0
2024-04-30,159322079673.0
2024-05-01,159481996837.0
2024-05-02,159118521542.0
2024-05-03,159253694523.0
2024-05-04,159894414081.0
2024-05-05,160193853222.0
2024-05-06,160178998468.0
2024-05-07,160125836168.0
2024-05-08,159868427948.0
2024-05-09,159760675591.0
2024-05-10,159805642752.0
2024-05-11,159596976793.0
2024-05-12,159728264899.0
2024-05-13,159685207983.0
2024-05-14,159776738180.0
2024-05-15,159556754306.0
2024-05-16,160123997700.0
2024-05-17,160267110601.0
2024-05-18,160515760602.0
2024-05-19,160852464994.0
2024-05-20,160806872161.0
2024-05-21,160510917895.0
2024-05-22,160585011241.0
2024-05-23,160635544091.0
2024-05-24,160450160582.0
2024-05-25,160809224456.0
2024-05-26,160811334981.0
2024-05-27,160514814670.0
2024-05-28,160429560300.0
2024-05-29,160175004615.0
2024-05-30,159839802866.0
2024-05-31,160250795420.0
2024-06-01,160372577740.0
2024-06-02,160426735664.0
2024-06-03,160203799385.0
2024-06-04,160531048086.0
2024-06-05,160815349817.0
2024-06-06,161005142656.0
2024-06-07,161153566834.0
2024-06-08,161477742937.0
2024-06-09,161523651297.0
2024-06-10,161576828310.0
2024-06-11,161250169068.0
2024-06-12,161073600343.0
2024-06-13,161333446753.0
2024-06-14,161424314240.0
2024-06-15,161481659849.0
2024-06-16,161212016131.0
2024-06-17,161304990194.0
2024-06-18,161141160511.0
2024-06-19,161592233764.0
2024-06-20,161381854536.0
2024-06-21,161482664543.0
2024-06-22,161757170763.0
2024-06-23,161774637166.0
2024-06-24,161488233084.0
2024-06-25,161432664723.0
2024-06-26,161460465681.0
2024-06-27,161496819479.0
2024-06-28,161401479371.0
2024-06-29,161156681324.0
2024-06-30,161137048879.0
2024-07-01,160894863846.0
2024-07-02,161101909610.0
2024-07-03,161015967366.0
2024-07-04,161079667216.0
2024-07-05,161405027123.0
2024-07-06,161768957778.0
2024-07-07,161841086940.0
2024-07-08,161862400565.0
2024-07-09,161868637236.0
2024-07-10,162169059294.0
2024-07-11,162622935591.0
2024-07-12,162592883467.0
2024-07-13,162302698096.0
2024-07-14,162581563234.0
2024-07-15,162980738522.0
2024-07-16,163053294252.0
2024-07-17,163343379573.0
2024-07-18,163518525359.0
2024-07-19,163506488355.0
2024-07-20,164457700269.0
2024-07-21,164460787772.0
2024-07-22,164454125832.0
2024-07-23,164564507920.0
2024-07-24,164785658324.0
2024-07-25,164615187589.0
2024-07-26,164167580656.0
2024-07-27,164404103991.0
2024-07-28,164577172043.0
2024-07-29,164555814828.0
2024-07-30,164196969774.0
2024-07-31,164152316176.0
2024-08-01,164097940238.0
2024-08-02,163698121201.0
2024-08-03,163811455087.0
2024-08-04,163886091228.0
2024-08-05,164034551489.0
2024-08-06,164115340449.0
2024-08-07,164590563449.0
2024-08-08,166217852588.0
2024-08-09,165849951016.0
2024-08-10,166071437731.0
2024-08-11,165681861165.0
2024-08-12,166103815034.0
2024-08-13,166476981789.0
2024-08-14,166812394380.0
2024-08-15,167448511246.0
2024-08-16,167677294725.0
2024-08-17,168280656208.0
2024-08-18,168371441163.0
2024-08-19,168354565969.0
2024-08-20,168327592985.0
2024-08-21,168759965224.0
2024-08-22,169028967211.0
2024-08-23,169168390377.0
2024-08-24,169789134953.0
2024-08-25,170136977125.0
2024-08-26,170118850202.0
2024-08-27,169860936977.0
2024-08-28,169796376470.0
2024-08-29,170020873057.0
2024-08-30,170240016007.0
2024-08-31,170154023384.0
2024-09-01,169852487984.0
2024-09-02,170323947850.0
2024-09-03,170189401578.0
2024-09-04,169815754210.0
2024-09-05,170138556354.0
2024-09-06,169847577712.0
2024-09-07,169809434976.0
2024-09-08,170068015116.0
2024-09-09,170038121083.0
2024-09-10,170711490230.0
2024-09-11,170578919124.0
2024-09-12,170591470034.0
2024-09-13,170366803889.0
2024-09-14,171131815875.0
2024-09-15,171808167416.0
2024-09-16,171459675809.0
2024-09-17,171096882209.0
2024-09-18,171696197462.0
2024-09-19,171923050856.0
2024-09-20,171822156899.0
2024-09-21,172400244705.0
2024-09-22,172642788466.0
2024-09-23,172553651277.0
2024-09-24,172449498325.0
2024-09-25,172484067379.0
2024-09-26,172708914572.0
2024-09-27,173157646836.0
2024-09-28,172900519296.0
2024-09-29,172926402160.0
2024-09-30,172915390270.0
2024-10-01,172269887975.0
2024-10-02,172681212957.0
2024-10-03,172806561818.0
2024-10-04,172671680514.0
2024-10-05,172707070715.0
2024-10-06,173489750814.0
2024-10-07,172268154305.0
2024-10-08,172846457976.0
2024-10-09,172930782212.0
2024-10-10,172969080562.0
2024-10-11,172589272700.0
2024-10-12,172961657978.0
2024-10-13,173240261989.0
2024-10-14,173555657548.0
2024-10-15,172837006995.0
2024-10-16,172892786783.0
2024-10-17,172591920253.0
2024-10-18,172564172571.0
2024-10-19,172881953469.0
2024-10-20,172904777148.0
2024-10-21,172801521764.0
2024-10-22,172985285030.0
2024-10-23,172855847778.0
2024-10-24,172345339827.0
2024-10-25,171709248250.0
2024-10-26,172583435552.0
2024-10-27,172664156927.0
2024-10-28,173088838687.0
2024-10-29,172327514396.0
2024-10-30,172931965244.0
2024-10-31,173186270241.0
2024-11-01,172620431472.0
2024-11-02,173074254930.0
2024-11-03,173144642725.0
2024-11-04,173442669155.0
2024-11-05,174853875597.0
2024-11-06,174985162161.0
2024-11-07,176739065473.0
2024-11-08,177464487981.0
2024-11-09,178630187640.0
2024-11-10,178654990442.0
2024-11-11,179919461318.0
2024-11-12,180554325995.0
2024-11-13,180726749856.0
2024-11-14,181772685778.0
2024-11-15,184020401752.0
2024-11-16,184221005244.0
2024-11-17,184574182506.0
2024-11-18,185007978018.0
2024-11-19,185243953568.0
2024-11-20,185918391523.0
2024-11-21,187726450727.0
2024-11-22,188553218802.0
2024-11-23,190465133514.0
2024-11-24,192254183924.0
2024-11-25,192596998828.0
2024-11-26,191504522053.0
2024-11-27,191871112668.0
2024-11-28,193459346693.0
2024-11-29,194382167862.0
2024-11-30,195138344244.0
2024-12-01,193249248373.0
2024-12-02,193526654335.0
2024-12-03,194461844198.0
2024-12-04,194805780838.0
2024-12-05,196121439361.0
2024-12-06,196699879203.0
2024-12-07,197842340728.0
2024-12-08,198279763478.0
2024-12-09,199172116375.0
2024-12-10,199240351052.0
2024-12-11,199636431005.0
2024-12-12,201876584760.0
2024-12-13,202360407739.0
2024-12-14,203262648631.0
2024-12-15,203541755212.0
2024-12-16,203637654582.0
2024-12-17,204143257036.0
2024-12-18,204339806386.0
2024-12-19,204567611363.0
2024-12-20,205072235080.0
2024-12-21,205131105196.0
2024-12-22,205175402233.0
2024-12-23,205846252887.0
2024-12-24,205353501033.0
2024-12-25,205779052450.0
2024-12-26,206049222766.0
2024-12-27,206545342648.0
2024-12-28,206812344590.0
2024-12-29,206582524990.0
2024-12-30,206119081266.0
2024-12-31,205431937343.0
2025-01-01,204785078112.0
2025-01-02,204337231443.0
2025-01-03,206255536701.0
2025-01-04,207992359749.0
2025-01-05,207948088195.0
2025-01-06,207892531889.0
2025-01-07,208162486088.0
2025-01-08,207627594043.0
2025-01-09,207730075100.0
2025-01-10,207471929038.0
2025-01-11,207650602584.0
2025-01-12,207543958997.0
2025-01-13,207845788361.0
2025-01-14,207763775484.0
2025-01-15,208061410928.0
2025-01-16,208917873333.0
2025-01-17,209134129707.0
2025-01-18,210852186509.0
2025-01-19,210828614150.0
2025-01-20,211199915298.0
2025-01-21,211253188608.0
2025-01-22,213970967867.0
2025-01-23,215276201612.0
2025-01-24,216025321649.0
2025-01-25,216639657638.0
2025-01-26,216678179410.0
2025-01-27,216640335488.0
2025-01-28,216852211136.0
2025-01-29,217309213899.0
2025-01-30,217520237986.0
2025-01-31,218179842770.0
2025-02-01,218378577054.0
2025-02-02,218461587942.0
2025-02-03,218510886474.0
2025-02-04,219290787417.0
2025-02-05,221967731878.0
2025-02-06,223290249401.0
2025-02-07,223734738785.0
2025-02-08,224866419686.0
2025-02-09,224948036781.0
2025-02-10,225087080169.0
2025-02-11,225256449595.0
2025-02-12,225297621667.0
2025-02-13,225537217335.0
2025-02-14,225718350068.0
2025-02-15,226041263368.0
2025-02-16,226184348398.0
2025-02-17,226404124842.0
2025-02-18,226127540774.0
2025-02-19,226037006558.0
2025-02-20,226848076738.0
2025-02-21,226762633144.0
2025-02-22,227458909674.0
2025-02-23,227237419602.0
2025-02-24,227387946750.0
2025-02-25,226785819234.0
2025-02-26,225671233519.0
2025-02-27,225089299044.0
2025-02-28,225073231655.0
2025-03-01,225946477518.0
2025-03-02,225235773166.0
2025-03-03,225215903923.0
2025-03-04,225352576925.0
2025-03-05,225897458396.0
2025-03-06,226893019781.0
2025-03-07,226974868862.0
2025-03-08,228069912183.0
2025-03-09,228155401760.0
2025-03-10,228042980354.0
2025-03-11,227652661270.0
2025-03-12,228430393320.0
2025-03-13,228820967152.0
2025-03-14,229011981437.0
2025-03-15,229794949730.0
2025-03-16,229938838413.0
2025-03-17,229900087434.0
2025-03-18,230088510826.0
2025-03-19,230415791622.0
2025-03-20,231000016341.0
2025-03-21,230880655979.0
2025-03-22,231666519399.0
2025-03-23,232612981772.0
2025-03-24,232964284877.0
2025-03-25,233978235122.0
2025-03-26,235082096376.0
2025-03-27,235214040753.0
2025-03-28,234577428899.0
2025-03-29,233999407833.0
2025-03-30,234240218962.0
2025-03-31,234189354342.0
2025-04-01,234388583436.0
2025-04-02,234598324363.0
2025-04-03,234993686401.0
2025-04-04,235124738730.0
2025-04-05,234635849173.0
2025-04-06,234335159646.0
2025-04-07,233881007365.0
2025-04-08,233498529186.0
2025-04-09,233120214377.0
2025-04-10,233239436024.0
2025-04-11,233082820832.0
2025-04-12,232952354869.0
2025-04-13,233313893653.0
2025-04-14,233112095406.0
2025-04-15,233072291388.0
2025-04-16,233519238092.0
2025-04-17,233694848781.0
2025-04-18,234210033971.0
2025-04-19,233676037727.0
2025-04-20,233726176548.0
2025-04-21,233904041126.0
2025-04-22,234072976657.0
2025-04-23,235274332096.0
2025-04-24,235796317362.0
2025-04-25,236851053580.0
2025-04-26,237476805619.0
2025-04-27,238109747683.0
2025-04-28,238829271617.0
2025-04-29,239528471890.0
2025-04-30,240996530235.0
2025-05-01,241259187187.0
2025-05-02,241411335434.0
2025-05-03,241826228602.0
2025-05-04,242200463848.0
2025-05-05,242166110323.0
2025-05-06,242046794734.0
2025-05-07,241272355629.0
2025-05-08,241410362308.0
2025-05-09,242047597829.0
2025-05-10,241929876437.0
2025-05-11,242148862194.0
2025-05-12,242156607724.0
2025-05-13,241617022762.0
2025-05-14,241470406995.0
2025-05-15,241883399599.0
2025-05-16,242443307976.0
2025-05-17,242985941780.0
2025-05-18,243043705715.0
2025-05-19,243190956992.0
2025-05-20,243129103411.0
2025-05-21,243449711221.0
2025-05-22,244474459306.0
2025-05-23,244995420792.0
2025-05-24,245318500679.0
2025-05-25,245612750491.0
2025-05-26,245622199207.0
2025-05-27,245861719850.0
2025-05-28,245635918419.0
2025-05-29,245632061271.0
2025-05-30,245809250833.0
2025-05-31,245964482083.0
2025-06-01,246090901195.0
2025-06-02,246343309192.0
2025-06-03,246975587187.0
2025-06-04,247662843582.0
2025-06-05,248069260729.0
2025-06-06,247857537204.0
2025-06-07,248523097039.0
2025-06-08,248860081305.0
2025-06-09,248873743831.0
2025-06-10,249224165846.0
2025-06-11,248965485140.0
2025-06-12,249527799917.0
2025-06-13,249480543740.0
2025-06-14,250287171463.0
2025-06-15,250154043051.0
2025-06-16,250154695952.0
2025-06-17,250064483509.0
2025-06-18,250244433439.0
2025-06-19,250279494300.0
2025-06-20,250168870580.0
2025-06-21,249953183016.0
2025-06-22,249942038527.0
2025-06-23,250120228719.0
2025-06-24,249570395652.0
2025-06-25,251338256136.0
2025-06-26,251161550412.0
2025-06-27,251327787730.0
2025-06-28,251644108339.0
2025-06-29,251971975909.0
2025-06-30,251967194979.0
2025-07-01,252246006568.0
2025-07-02,252510052634.0
2025-07-03,252907976927.0
2025-07-04,253213764208.0
2025-07-05,253365509951.0
2025-07-06,253593958463.0
2025-07-07,253624573901.0
2025-07-08,253801531346.0
2025-07-09,253732755022.0
2025-07-10,254198610341.0
2025-07-11,255347971929.0
2025-07-12,256306609638.0
2025-07-13,256578550130.0
2025-07-14,256735751514.0
2025-07-15,256376418308.0
2025-07-16,255351946480.0
2025-07-17,258046012022.0
2025-07-18,258847249296.0
2025-07-19,259309627744.0
2025-07-20,259663835116.0
2025-07-21,260040571330.0
2025-07-22,260493613425.0
2025-07-23,260981139350.0
2025-07-24,261990146318.0
2025-07-25,263133951371.0
2025-07-26,262934046857.0
2025-07-27,263543931462.0
2025-07-28,263898387564.0
2025-07-29,263858726958.0
2025-07-30,263913092524.0
2025-07-31,264554732786.0
2025-08-01,265089821098.0
2025-08-02,265354443284.0
2025-08-03,265360953967.0
2025-08-04,265916477879.0
2025-08-05,266409936235.0
2025-08-06,266562153182.0
2025-08-07,266686114051.0
2025-08-08,267616837670.0
2025-08-09,268211482906.0
2025-08-10,268934134982.0
2025-08-11,268313342034.0
2025-08-12,269047044452.0
2025-08-13,269913101113.0
2025-08-14,271556865524.0
2025-08-15,273204824162.0
2025-08-16,274724938941.0
2025-08-17,274682297542.0
2025-08-18,275500547628.0
2025-08-19,275522084950.0
2025-08-20,275480236253.0
2025-08-21,275882120721.0
2025-08-22,274763839591.0
2025-08-23,274667591061.0
2025-08-24,276007433601.0
2025-08-25,276078250202.0
2025-08-26,277933582010.0
2025-08-27,278211602595.0
2025-08-28,278752407213.0
2025-08-29,281123967487.0
2025-08-30,281297167465.0
2025-08-31,281659422502.0
2025-09-01,282401368811.0
2025-09-02,282399321134.0
2025-09-03,281551434804.0
2025-09-04,283407269490.0
2025-09-05,286032820536.0
2025-09-06,284479434678.0
2025-09-07,284539894991.0
2025-09-08,284306598060.0
2025-09-09,284467255669.0
2025-09-10,284968384622.0
2025-09-11,285081721534.0
2025-09-12,285875808027.0
2025-09-13,287256890650.0
2025-09-14,287968734198.0
2025-09-15,287997381440.0
2025-09-16,288302617320.0
2025-09-17,289100096063.0
2025-09-18,289295176974.0
2025-09-19,290412321016.0
2025-09-20,291201134611.0
2025-09-21,291410556395.0
2025-09-22,291406282237.0
2025-09-23,292281017652.0
2025-09-24,293107653165.0
2025-09-25,293906162075.0
2025-09-26,294061773289.0
2025-09-27,294799352742.0
2025-09-28,294996807937.0
2025-09-29,295236003382.0
2025-09-30,296048529507.0
2025-10-01,297471602974.0
2025-10-02,298372319876.0
2025-10-03,299556080090.0
2025-10-04,301083297644.0
2025-10-05,301610371718.0
2025-10-06,301144577608.0
2025-10-07,301818012398.0
2025-10-08,302611531190.0
2025-10-09,302627851165.0
2025-10-10,302849875505.0
2025-10-11,303178028784.0
2025-10-12,302739653952.0
2025-10-13,302796236035.0
2025-10-14,303683188538.0
2025-10-15,304915958054.0
2025-10-16,305731381071.0
2025-10-17,305800384427.0
2025-10-18,306070883233.0
2025-10-19,306096681568.0
2025-10-20,306372320870.0
2025-10-21,306331302763.0
2025-10-22,307364896393.0
2025-10-23,306768666035.0
2025-10-24,306963913527.0
2025-10-25,307588240865.0
2025-10-26,307347561030.0
2025-10-27,307206250156.0
2025-10-28,306855280443.0
2025-10-29,307037346687.0
2025-10-30,306314159695.0
2025-10-31,305933042208.0
2025-11-01,305961406808.0
2025-11-02,306113688965.0
2025-11-03,305860508376.0
2025-11-04,305808632637.0
2025-11-05,304638132899.0
2025-11-06,304476248638.0
2025-11-07,303711142244.0
2025-11-08,304057498008.0
2025-11-09,303520608762.0
2025-11-10,303466555829.0
2025-11-11,303672357024.0
2025-11-12,304034726419.0
2025-11-13,303969714640.0
2025-11-14,303412423988.0
2025-11-15,302720423859.0
2025-11-16,302599206816.0
2025-11-17,302255569929.0
2025-11-18,301947990570.0
2025-11-19,301919959505.0
2025-11-20,301699304326.0
2025-11-21,301642342993.0
2025-11-22,301375765322.0
2025-11-23,301556566107.0
2025-11-24,301314496631.0
2025-11-25,302623276839.0
2025-11-26,303341231287.0
2025-11-27,304163455739.0
2025-11-28,304588307653.0
2025-11-29,305143719680.0
2025-11-30,305306156403.0
2025-12-01,304997220558.0
2025-12-02,305844955118.0
2025-12-03,306625068627.0
2025-12-04,306583923762.0
2025-12-05,307091952542.0
2025-12-06,307293328658.0
2025-12-07,307246724192.0
2025-12-08,307439748694.0
2025-12-09,307788235910.0
2025-12-10,307944763737.0
2025-12-11,308042512486.0
2025-12-12,309011048797.0
2025-12-13,309084230383.0
2025-12-14,308960882031.0
2025-12-15,308660782755.0
2025-12-16,308446036726.0
2025-12-17,308434763215.0
2025-12-18,308355171220.0
2025-12-19,307805774366.0
2025-12-20,308296741495.0
2025-12-21,309367299228.0
2025-12-22,308134901546.0
2025-12-23,308223903272.0
2025-12-24,307829317245.0
2025-12-25,307334092434.0
2025-12-26,307503137422.0
2025-12-27,307433560514.0
2025-12-28,307312147871.0
2025-12-29,307156351920.0
2025-12-30,307037143653.0
2025-12-31,306699981263.0
2026-01-01,305955566233.0
2026-01-02,305983575121.0
2026-01-03,306768487599.0
2026-01-04,306668275252.0
2026-01-05,307008868827.0
2026-01-06,307562654947.0
2026-01-07,307135254619.0
2026-01-08,306878328177.0
2026-01-09,306521479547.0
2026-01-10,306839328881.0
2026-01-11,306699390528.0
2026-01-12,306698669935.0
2026-01-13,306153881199.0
2026-01-14,307663814541.0
2026-01-15,308569736323.0
2026-01-16,309434805511.0
2026-01-17,310005953515.0
2026-01-18,310286743956.0
2026-01-19,310102243610.0
2026-01-20,309898051395.0
2026-01-21,308207657073.0
2026-01-22,307680713392.0
2026-01-23,307388172931.0
2026-01-24,307796588815.0
2026-01-25,307772209665.0
2026-01-26,307717269701.0
2026-01-27,307155842770.0
2026-01-28,307088196631.0
2026-01-29,306774683597.0
2026-01-30,305448524777.0
2026-01-31,304389155765.0
2026-02-01,303781296041.0
2026-02-02,304107893991.0
2026-02-03,304348240443.0
2026-02-04,304799210101.0
2026-02-05,304864350177.0
2026-02-06,304150048720.0
2026-02-07,304511408947.0
2026-02-08,305053343190.0
2026-02-09,306251162223.0
2026-02-10,305962025683.0
2026-02-11,305768338320.0
2026-02-12,305664604184.0
2026-02-13,305453742818.0
2026-02-14,306324847302.0
2026-02-15,306434177453.0
2026-02-16,306574457688.0
2026-02-17,306807419313.0
2026-02-18,306421888821.0
2026-02-19,306679514736.0
2026-02-20,306687912013.0
2026-02-21,306239903054.0
2026-02-22,306170201653.0
2026-02-23,307331681499.0
2026-02-24,307139584476.0
2026-02-25,307382796834.0
2026-02-26,308013030584.0
2026-02-27,307517540020.0
2026-02-28,307804849084.0
2026-03-01,308096707052.0
2026-03-02,307714905903.0
2026-03-03,308821502941.0
2026-03-04,309075781582.0
2026-03-05,310026543699.0
2026-03-06,311061555544.0
2026-03-07,311244972520.0
2026-03-08,311266063070.0
2026-03-09,311425328927.0
2026-03-10,312461284672.0
2026-03-11,312784337366.0
2026-03-12,313094488534.0
2026-03-13,313718201289.0
2026-03-14,314176223289.0
2026-03-15,314131672817.0
2026-03-16,314101155128.0
2026-03-17,314167066481.0
2026-03-18,314301503964.0
2026-03-19,313835393421.0
2026-03-20,314179320603.0
2026-03-21,314344120431.0
2026-03-22,314343277129.0
2026-03-23,314307906390.0
2026-03-24,313744448140.0
2026-03-25,313865615278.0
2026-03-26,313978157633.0
2026-03-27,313484864979.0
2026-03-28,313343894160.0
2026-03-29,313270116122.0
2026-03-30,313396011760.0
2026-03-31,313672024041.0
2026-04-01,314438452515.0
2026-04-02,314670193717.0
2026-04-03,314939820261.0
2026-04-04,315333200618.0
2026-04-05,315260093363.0
2026-04-06,315275586950.0
2026-04-07,314795000495.0
2026-04-08,315497679408.0
2026-04-09,315527579567.0
2026-04-10,315943636508.0
2026-04-11,316653022473.0
2026-04-12,316733787158.0
2026-04-13,316828653212.0
2026-04-14,316968254805.0
2026-04-15,318013907501.0
2026-04-16,318060424815.0
2026-04-17,318562773401.0
2026-04-18,319405969969.0
2026-04-19,319571497474.0
2026-04-20,318647882605.0
2026-04-21,318705593499.0
2026-04-22,319428044979.0
2026-04-23,319035076631.0
2026-04-24,318767372667.0
2026-04-25,318593241972.0
2026-04-26,318699818484.0
2026-04-27,318681574472.0
2026-04-28,318466532200.0
2026-04-29,318596755146.0
2026-04-30,317799858872.0
2026-05-01,318486780827.0
2026-05-02,318716096426.0
2026-05-03,318785221155.0
2026-05-04,319128183762.0
2026-05-05,319661340380.0
2026-05-06,320551488172.0
2026-05-07,320821069947.0
2026-05-08,321086040534.0
2026-05-09,319730488918.0
2026-05-10,320467765875.0
2026-05-11,320750087394.0
2026-05-12,320957893216.0
2026-05-13,320712500131.0
2026-05-14,320282613155.0
2026-05-15,320398593728.0
2026-05-16,321078775785.0
2026-05-17,321375062201.0
2026-05-18,321276699056.0
2026-05-19,321032457493.0
2026-05-20,320544125278.0
2026-05-21,320021145407.0
2026-05-22,320784210502.0
2026-05-23,320847672861.0
2026-05-24,320784430898.0
2026-05-25,320521060947.0
2026-05-26,320674670611.0
2026-05-27,320333727356.0
2026-05-28,319717750186.0
2026-05-29,318768265582.0
2026-05-30,318335352529.0
2026-05-31,318100785200.0
2026-06-01,317890705207.0
2026-06-02,317890714779.0
2026-06-03,317205884459.0
2026-06-04,316471666936.0
2026-06-05,315158958590.0
2026-06-06,314591010637.0
2026-06-07,314119695877.0
2026-06-08,314246651239.0
2026-06-09,314703065413.0
2026-06-10,313726013359.0
2026-06-11,313632906460.0
2026-06-12,313489024645.0
2026-06-13,313194615283.0
2026-06-14,313253163286.0
2026-06-15,313155354284.0
2026-06-16,313606632803.0
2026-06-17,313484896767.0
2026-06-18,313139082334.0
2026-06-19,313314425047.0
2026-06-20,313342947578.0
2026-06-21,313401867156.0
2026-06-22,313444117954.0
2026-06-23,313504750569.0
2026-06-24,312871825162.0
2026-06-25,312477526578.0
2026-06-26,312611326492.0
2026-06-27,311367207338.0
2026-06-28,311354190637.0
2026-06-29,311020341775.0
2026-06-30,310482323480.0
2026-07-01,309604970168.0
2026-07-02,309617626800.0
2026-07-03,309494864910.0
2026-07-04,309372725490.8
