event_ticker,ticker,source,status,result,direction,strike_num,open_ended,open_time,close_time,volume_total,expiration_value,strike_date
FEDDECISION-23MAY,FEDDECISION-23MAY-TH50,historical,finalized,no,Hike,50,True,2023-04-07T14:00:00Z,2023-05-03T17:55:00Z,0.0,,2023-05-03T18:00:00Z
FEDDECISION-23MAY,FEDDECISION-23MAY-H50,historical,finalized,no,Hike,50,False,2023-04-07T14:00:00Z,2023-05-03T17:55:00Z,10009.0,,2023-05-03T18:00:00Z
FEDDECISION-23MAY,FEDDECISION-23MAY-H25,historical,finalized,yes,Hike,25,False,2023-04-07T14:00:00Z,2023-05-03T17:55:00Z,178672.0,Hike 25bps,2023-05-03T18:00:00Z
FEDDECISION-23MAY,FEDDECISION-23MAY-H0,historical,finalized,no,Hike,0,False,2023-04-07T14:00:00Z,2023-05-03T17:55:00Z,138918.0,,2023-05-03T18:00:00Z
FEDDECISION-23MAY,FEDDECISION-23MAY-TC25,historical,finalized,no,Cut,25,True,2023-04-07T14:00:00Z,2023-05-03T17:55:00Z,1199.0,,2023-05-03T18:00:00Z
FEDDECISION-23MAY,FEDDECISION-23MAY-C25,historical,finalized,no,Cut,25,False,2023-04-07T14:00:00Z,2023-05-03T17:55:00Z,3459.0,,2023-05-03T18:00:00Z
FEDDECISION-23JUN,FEDDECISION-23JUN-H>25,historical,finalized,no,Hike,25,True,2023-05-03T20:00:00Z,2023-06-14T17:55:00Z,12082.0,,2023-06-14T18:00:00Z
FEDDECISION-23JUN,FEDDECISION-23JUN-H25,historical,finalized,no,Hike,25,False,2023-05-03T20:00:00Z,2023-06-14T17:55:00Z,155870.0,,2023-06-14T18:00:00Z
FEDDECISION-23JUN,FEDDECISION-23JUN-H0,historical,finalized,yes,Hike,0,False,2023-05-03T20:00:00Z,2023-06-14T17:55:00Z,187855.0,No hike or cut,2023-06-14T18:00:00Z
FEDDECISION-23JUN,FEDDECISION-23JUN-C25,historical,finalized,no,Cut,25,False,2023-05-03T20:00:00Z,2023-06-14T17:55:00Z,74914.0,,2023-06-14T18:00:00Z
FEDDECISION-23JUN,FEDDECISION-23JUN-C>25,historical,finalized,no,Cut,25,True,2023-05-03T20:00:00Z,2023-06-14T17:55:00Z,24557.0,,2023-06-14T18:00:00Z
FEDDECISION-23JUL,FEDDECISION-23JUL-H>25,historical,finalized,no,Hike,25,True,2023-06-14T16:00:00Z,2023-07-26T17:55:00Z,25300.0,,2023-07-26T18:00:00Z
FEDDECISION-23JUL,FEDDECISION-23JUL-H25,historical,finalized,yes,Hike,25,False,2023-06-14T16:00:00Z,2023-07-26T17:55:00Z,76525.0,Hike 25bps,2023-07-26T18:00:00Z
FEDDECISION-23JUL,FEDDECISION-23JUL-H0,historical,finalized,no,Hike,0,False,2023-06-14T16:00:00Z,2023-07-26T17:55:00Z,122636.0,,2023-07-26T18:00:00Z
FEDDECISION-23JUL,FEDDECISION-23JUL-C>25,historical,finalized,no,Cut,25,True,2023-06-14T16:00:00Z,2023-07-26T17:55:00Z,287.0,,2023-07-26T18:00:00Z
FEDDECISION-23JUL,FEDDECISION-23JUL-C25,historical,finalized,no,Cut,25,False,2023-06-14T16:00:00Z,2023-07-26T17:55:00Z,940.0,,2023-07-26T18:00:00Z
FEDDECISION-23SEP,FEDDECISION-23SEP-H>25,historical,finalized,no,Hike,25,True,2023-07-26T18:00:00Z,2023-09-20T17:55:00Z,51.0,,2023-09-20T18:00:00Z
FEDDECISION-23SEP,FEDDECISION-23SEP-H25,historical,finalized,no,Hike,25,False,2023-07-26T18:00:00Z,2023-09-20T17:55:00Z,138085.0,,2023-09-20T18:00:00Z
FEDDECISION-23SEP,FEDDECISION-23SEP-H0,historical,finalized,yes,Hike,0,False,2023-07-26T18:00:00Z,2023-09-20T17:55:00Z,106598.0,Hike 0bps,2023-09-20T18:00:00Z
FEDDECISION-23SEP,FEDDECISION-23SEP-C>25,historical,finalized,no,Cut,25,True,2023-07-26T18:00:00Z,2023-09-20T17:55:00Z,252.0,,2023-09-20T18:00:00Z
FEDDECISION-23SEP,FEDDECISION-23SEP-C25,historical,finalized,no,Cut,25,False,2023-07-26T18:00:00Z,2023-09-20T17:55:00Z,1245.0,,2023-09-20T18:00:00Z
FEDDECISION-23NOV,FEDDECISION-23NOV-H26,historical,finalized,no,Hike,25,True,2023-09-22T20:00:00Z,2023-11-01T17:55:00Z,4961.0,,2023-11-01T18:00:00Z
FEDDECISION-23NOV,FEDDECISION-23NOV-H25,historical,finalized,no,Hike,25,False,2023-09-22T20:00:00Z,2023-11-01T17:55:00Z,146825.0,,2023-11-01T18:00:00Z
FEDDECISION-23NOV,FEDDECISION-23NOV-H0,historical,finalized,yes,Hike,0,False,2023-09-22T20:00:00Z,2023-11-01T17:55:00Z,141476.0,No hike,2023-11-01T18:00:00Z
FEDDECISION-23NOV,FEDDECISION-23NOV-C26,historical,finalized,no,Cut,25,True,2023-09-22T20:00:00Z,2023-11-01T17:55:00Z,5510.0,,2023-11-01T18:00:00Z
FEDDECISION-23NOV,FEDDECISION-23NOV-C25,historical,finalized,no,Cut,25,False,2023-09-22T20:00:00Z,2023-11-01T17:55:00Z,5364.0,,2023-11-01T18:00:00Z
FEDDECISION-23DEC,FEDDECISION-23DEC-H26,historical,finalized,no,Hike,25,True,2023-11-01T19:00:00Z,2023-12-13T18:55:00Z,1984.0,,2023-12-13T19:00:00Z
FEDDECISION-23DEC,FEDDECISION-23DEC-H25,historical,finalized,no,Hike,25,False,2023-11-01T19:00:00Z,2023-12-13T18:55:00Z,48712.0,,2023-12-13T19:00:00Z
FEDDECISION-23DEC,FEDDECISION-23DEC-H0,historical,finalized,yes,Hike,0,False,2023-11-01T19:00:00Z,2023-12-13T18:55:00Z,81794.0,Hike 0bps,2023-12-13T19:00:00Z
FEDDECISION-23DEC,FEDDECISION-23DEC-C25,historical,finalized,no,Cut,25,False,2023-11-01T19:00:00Z,2023-12-13T18:55:00Z,10535.0,,2023-12-13T19:00:00Z
FEDDECISION-23DEC,FEDDECISION-23DEC-C24,historical,finalized,no,Cut,25,True,2023-11-01T19:00:00Z,2023-12-13T18:55:00Z,1835.0,,2023-12-13T19:00:00Z
FEDDECISION-24JAN31,FEDDECISION-24JAN31-H26,historical,finalized,no,Hike,25,True,2023-12-13T19:05:00Z,2024-01-31T18:55:00Z,600.0,,2024-01-31T19:00:00Z
FEDDECISION-24JAN31,FEDDECISION-24JAN31-H25,historical,finalized,no,Hike,25,False,2023-12-13T19:05:00Z,2024-01-31T18:55:00Z,2788.0,,2024-01-31T19:00:00Z
FEDDECISION-24JAN31,FEDDECISION-24JAN31-H0,historical,finalized,yes,Hike,0,False,2023-12-13T19:05:00Z,2024-01-31T18:55:00Z,176465.0,0bps,2024-01-31T19:00:00Z
FEDDECISION-24JAN31,FEDDECISION-24JAN31-C25,historical,finalized,no,Cut,25,False,2023-12-13T19:05:00Z,2024-01-31T18:55:00Z,102686.0,,2024-01-31T19:00:00Z
FEDDECISION-24JAN31,FEDDECISION-24JAN31-C26,historical,finalized,no,Cut,25,True,2023-12-13T19:05:00Z,2024-01-31T18:55:00Z,505.0,,2024-01-31T19:00:00Z
FEDDECISION-24MAR20,FEDDECISION-24MAR20-H26,historical,finalized,no,Hike,25,True,2024-01-31T19:05:00Z,2024-03-20T17:55:00Z,84.0,,2024-03-20T18:00:00Z
FEDDECISION-24MAR20,FEDDECISION-24MAR20-H25,historical,finalized,no,Hike,25,False,2024-01-31T19:05:00Z,2024-03-20T17:55:00Z,15481.0,,2024-03-20T18:00:00Z
FEDDECISION-24MAR20,FEDDECISION-24MAR20-H0,historical,finalized,yes,Hike,0,False,2024-01-31T19:05:00Z,2024-03-20T17:55:00Z,255738.0,Hike 0bps,2024-03-20T18:00:00Z
FEDDECISION-24MAR20,FEDDECISION-24MAR20-C25,historical,finalized,no,Cut,25,False,2024-01-31T19:05:00Z,2024-03-20T17:55:00Z,133511.0,,2024-03-20T18:00:00Z
FEDDECISION-24MAR20,FEDDECISION-24MAR20-C26,historical,finalized,no,Cut,25,True,2024-01-31T19:05:00Z,2024-03-20T17:55:00Z,30855.0,,2024-03-20T18:00:00Z
FEDDECISION-24MAY,FEDDECISION-24MAY-H26,historical,finalized,no,Hike,25,True,2024-03-20T18:05:00Z,2024-05-01T17:55:00Z,1041.0,,2024-05-01T18:00:00Z
FEDDECISION-24MAY,FEDDECISION-24MAY-H25,historical,finalized,no,Hike,25,False,2024-03-20T18:05:00Z,2024-05-01T17:55:00Z,20983.0,,2024-05-01T18:00:00Z
FEDDECISION-24MAY,FEDDECISION-24MAY-H0,historical,finalized,yes,Hike,0,False,2024-03-20T18:05:00Z,2024-05-01T17:55:00Z,333580.0,Hike 0bps,2024-05-01T18:00:00Z
FEDDECISION-24MAY,FEDDECISION-24MAY-C25,historical,finalized,no,Cut,25,False,2024-03-20T18:05:00Z,2024-05-01T17:55:00Z,248882.0,,2024-05-01T18:00:00Z
FEDDECISION-24MAY,FEDDECISION-24MAY-C26,historical,finalized,no,Cut,25,True,2024-03-20T18:05:00Z,2024-05-01T17:55:00Z,14712.0,,2024-05-01T18:00:00Z
FEDDECISION-24JUN,FEDDECISION-24JUN-H25,historical,finalized,no,Hike,25,False,2024-05-01T14:00:00Z,2024-06-12T17:55:00Z,22016.0,,2024-06-12T18:00:00Z
FEDDECISION-24JUN,FEDDECISION-24JUN-H0,historical,finalized,yes,Hike,0,False,2024-05-01T14:00:00Z,2024-06-12T17:55:00Z,458584.0,0.0,2024-06-12T18:00:00Z
FEDDECISION-24JUN,FEDDECISION-24JUN-C25,historical,finalized,no,Cut,25,False,2024-05-01T14:00:00Z,2024-06-12T17:55:00Z,407221.0,,2024-06-12T18:00:00Z
FEDDECISION-24JUN,FEDDECISION-24JUN-C26,historical,finalized,no,Cut,25,True,2024-05-01T14:00:00Z,2024-06-12T17:55:00Z,1205.0,,2024-06-12T18:00:00Z
FEDDECISION-24JUL,FEDDECISION-24JUL-H26,historical,finalized,no,Hike,25,True,2024-06-11T14:00:00Z,2024-07-31T17:55:00Z,7.0,,2024-07-31T18:00:00Z
FEDDECISION-24JUL,FEDDECISION-24JUL-H25,historical,finalized,no,Hike,25,False,2024-06-11T14:00:00Z,2024-07-31T17:55:00Z,29746.0,,2024-07-31T18:00:00Z
FEDDECISION-24JUL,FEDDECISION-24JUL-H0,historical,finalized,yes,Hike,0,False,2024-06-11T14:00:00Z,2024-07-31T17:55:00Z,513208.0,0.0,2024-07-31T18:00:00Z
FEDDECISION-24JUL,FEDDECISION-24JUL-C25,historical,finalized,no,Cut,25,False,2024-06-11T14:00:00Z,2024-07-31T17:55:00Z,566064.0,,2024-07-31T18:00:00Z
FEDDECISION-24JUL,FEDDECISION-24JUL-C26,historical,finalized,no,Cut,25,True,2024-06-11T14:00:00Z,2024-07-31T17:55:00Z,2549.0,,2024-07-31T18:00:00Z
FEDDECISION-24SEP,FEDDECISION-24SEP-H26,historical,finalized,no,Hike,25,True,2024-07-30T14:00:00Z,2024-09-18T17:55:00Z,57.0,,2024-09-18T18:00:00Z
FEDDECISION-24SEP,FEDDECISION-24SEP-H25,historical,finalized,no,Hike,25,False,2024-07-30T14:00:00Z,2024-09-18T17:55:00Z,1316.0,,2024-09-18T18:00:00Z
FEDDECISION-24SEP,FEDDECISION-24SEP-H0,historical,finalized,no,Hike,0,False,2024-07-30T14:00:00Z,2024-09-18T17:55:00Z,718309.0,,2024-09-18T18:00:00Z
FEDDECISION-24SEP,FEDDECISION-24SEP-C26,historical,finalized,yes,Cut,25,True,2024-07-30T14:00:00Z,2024-09-18T17:55:00Z,920181.0,-50.0,2024-09-18T18:00:00Z
FEDDECISION-24SEP,FEDDECISION-24SEP-C25,historical,finalized,no,Cut,25,False,2024-07-30T14:00:00Z,2024-09-18T17:55:00Z,807315.0,,2024-09-18T18:00:00Z
FEDDECISION-24NOV,FEDDECISION-24NOV-H26,historical,finalized,no,Hike,25,True,2024-09-17T14:00:00Z,2024-11-07T18:55:00Z,199.0,,2024-11-07T19:00:00Z
FEDDECISION-24NOV,FEDDECISION-24NOV-H25,historical,finalized,no,Hike,25,False,2024-09-17T14:00:00Z,2024-11-07T18:55:00Z,5881.0,,2024-11-07T19:00:00Z
FEDDECISION-24NOV,FEDDECISION-24NOV-H0,historical,finalized,no,Hike,0,False,2024-09-17T14:00:00Z,2024-11-07T18:55:00Z,385296.0,,2024-11-07T19:00:00Z
FEDDECISION-24NOV,FEDDECISION-24NOV-C26,historical,finalized,no,Cut,25,True,2024-09-17T14:00:00Z,2024-11-07T18:55:00Z,307242.0,,2024-11-07T19:00:00Z
FEDDECISION-24NOV,FEDDECISION-24NOV-C25,historical,finalized,yes,Cut,25,False,2024-09-17T14:00:00Z,2024-11-07T18:55:00Z,406066.0,Cut 25bps,2024-11-07T19:00:00Z
KXFEDDECISION-24DEC,KXFEDDECISION-24DEC-H26,historical,finalized,no,Hike,25,True,2024-10-30T14:00:00Z,2024-12-18T18:55:00Z,10665.0,,2024-12-18T19:00:00Z
KXFEDDECISION-24DEC,KXFEDDECISION-24DEC-H25,historical,finalized,no,Hike,25,False,2024-10-30T14:00:00Z,2024-12-18T18:55:00Z,99564.0,,2024-12-18T19:00:00Z
KXFEDDECISION-24DEC,KXFEDDECISION-24DEC-H0,historical,finalized,no,Hike,0,False,2024-10-30T14:00:00Z,2024-12-18T18:55:00Z,1204354.0,,2024-12-18T19:00:00Z
KXFEDDECISION-24DEC,KXFEDDECISION-24DEC-C25,historical,finalized,yes,Cut,25,False,2024-10-30T14:00:00Z,2024-12-18T18:55:00Z,1573321.0,Cut 25bps,2024-12-18T19:00:00Z
KXFEDDECISION-24DEC,KXFEDDECISION-24DEC-C26,historical,finalized,no,Cut,25,True,2024-10-30T14:00:00Z,2024-12-18T18:55:00Z,755775.0,,2024-12-18T19:00:00Z
KXFEDDECISION-25JAN,KXFEDDECISION-25JAN-H26,historical,finalized,no,Hike,25,True,2024-12-18T15:00:00Z,2025-01-29T18:55:00Z,12558.0,,2025-01-29T19:00:00Z
KXFEDDECISION-25JAN,KXFEDDECISION-25JAN-H25,historical,finalized,no,Hike,25,False,2024-12-18T15:00:00Z,2025-01-29T18:55:00Z,46221.0,,2025-01-29T19:00:00Z
KXFEDDECISION-25JAN,KXFEDDECISION-25JAN-H0,historical,finalized,yes,,,False,2024-12-18T15:00:00Z,2025-01-29T18:55:00Z,942876.0,0.0,2025-01-29T19:00:00Z
KXFEDDECISION-25JAN,KXFEDDECISION-25JAN-C26,historical,finalized,no,Cut,25,True,2024-12-18T15:00:00Z,2025-01-29T18:55:00Z,93740.0,,2025-01-29T19:00:00Z
KXFEDDECISION-25JAN,KXFEDDECISION-25JAN-C25,historical,finalized,no,Cut,25,False,2024-12-18T15:00:00Z,2025-01-29T18:55:00Z,938590.0,,2025-01-29T19:00:00Z
KXFEDDECISION-25MAR,KXFEDDECISION-25MAR-H26,historical,finalized,no,Hike,25,True,2025-01-29T15:00:00Z,2025-03-19T17:55:00Z,80753.0,0.0,2025-03-19T18:00:00Z
KXFEDDECISION-25MAR,KXFEDDECISION-25MAR-H25,historical,finalized,no,Hike,25,False,2025-01-29T15:00:00Z,2025-03-19T17:55:00Z,157202.0,0.0,2025-03-19T18:00:00Z
KXFEDDECISION-25MAR,KXFEDDECISION-25MAR-H0,historical,finalized,yes,Hike,0,False,2025-01-29T15:00:00Z,2025-03-19T17:55:00Z,1322446.0,0.0,2025-03-19T18:00:00Z
KXFEDDECISION-25MAR,KXFEDDECISION-25MAR-C25,historical,finalized,no,Cut,25,False,2025-01-29T15:00:00Z,2025-03-19T17:55:00Z,944579.0,0.0,2025-03-19T18:00:00Z
KXFEDDECISION-25MAR,KXFEDDECISION-25MAR-C26,historical,finalized,no,Cut,25,True,2025-01-29T15:00:00Z,2025-03-19T17:55:00Z,345005.0,0.0,2025-03-19T18:00:00Z
KXFEDDECISION-25MAY,KXFEDDECISION-25MAY-H26,historical,finalized,no,Hike,25,True,2025-03-19T14:00:00Z,2025-05-07T17:55:00Z,740332.0,0.0,2025-05-07T18:00:00Z
KXFEDDECISION-25MAY,KXFEDDECISION-25MAY-H25,historical,finalized,no,Hike,25,False,2025-03-19T14:00:00Z,2025-05-07T17:55:00Z,2008280.0,0.0,2025-05-07T18:00:00Z
KXFEDDECISION-25MAY,KXFEDDECISION-25MAY-H0,historical,finalized,yes,Hike,0,False,2025-03-19T14:00:00Z,2025-05-07T17:55:00Z,13237803.0,0.0,2025-05-07T18:00:00Z
KXFEDDECISION-25MAY,KXFEDDECISION-25MAY-C26,historical,finalized,no,Cut,25,True,2025-03-19T14:00:00Z,2025-05-07T17:55:00Z,7617148.0,0.0,2025-05-07T18:00:00Z
KXFEDDECISION-25MAY,KXFEDDECISION-25MAY-C25,historical,finalized,no,Cut,25,False,2025-03-19T14:00:00Z,2025-05-07T17:55:00Z,17739576.0,0.0,2025-05-07T18:00:00Z
KXFEDDECISION-25JUN,KXFEDDECISION-25JUN-H26,historical,finalized,no,Hike,25,True,2025-05-07T14:00:00Z,2025-06-18T17:55:00Z,231169.0,0.0,2025-06-18T18:00:00Z
KXFEDDECISION-25JUN,KXFEDDECISION-25JUN-H25,historical,finalized,no,Hike,25,False,2025-05-07T14:00:00Z,2025-06-18T17:55:00Z,911763.0,0.0,2025-06-18T18:00:00Z
KXFEDDECISION-25JUN,KXFEDDECISION-25JUN-H0,historical,finalized,yes,Hike,0,False,2025-05-07T14:00:00Z,2025-06-18T17:55:00Z,12292142.0,0.0,2025-06-18T18:00:00Z
KXFEDDECISION-25JUN,KXFEDDECISION-25JUN-C26,historical,finalized,no,Cut,25,True,2025-05-07T14:00:00Z,2025-06-18T17:55:00Z,6007639.0,0.0,2025-06-18T18:00:00Z
KXFEDDECISION-25JUN,KXFEDDECISION-25JUN-C25,historical,finalized,no,Cut,25,False,2025-05-07T14:00:00Z,2025-06-18T17:55:00Z,17062008.0,0.0,2025-06-18T18:00:00Z
KXFEDDECISION-25JUL,KXFEDDECISION-25JUL-H26,historical,finalized,no,Hike,25,True,2025-06-18T14:00:00Z,2025-07-30T17:55:00Z,161263.0,0.0,2025-07-30T18:00:00Z
KXFEDDECISION-25JUL,KXFEDDECISION-25JUL-H25,historical,finalized,no,Hike,25,False,2025-06-18T14:00:00Z,2025-07-30T17:55:00Z,558764.0,0.0,2025-07-30T18:00:00Z
KXFEDDECISION-25JUL,KXFEDDECISION-25JUL-H0,historical,finalized,yes,Hike,0,False,2025-06-18T14:00:00Z,2025-07-30T17:55:00Z,15032203.0,0.0,2025-07-30T18:00:00Z
KXFEDDECISION-25JUL,KXFEDDECISION-25JUL-C26,historical,finalized,no,Cut,25,True,2025-06-18T14:00:00Z,2025-07-30T17:55:00Z,11766116.0,0.0,2025-07-30T18:00:00Z
KXFEDDECISION-25JUL,KXFEDDECISION-25JUL-C25,historical,finalized,no,Cut,25,False,2025-06-18T14:00:00Z,2025-07-30T17:55:00Z,20535325.0,0.0,2025-07-30T18:00:00Z
KXFEDDECISION-25SEP,KXFEDDECISION-25SEP-H26,historical,finalized,no,Hike,25,True,2025-07-30T14:00:00Z,2025-09-17T17:55:00Z,525757.0,Cut 25bps,2025-09-17T18:00:00Z
KXFEDDECISION-25SEP,KXFEDDECISION-25SEP-H25,historical,finalized,no,Hike,25,False,2025-07-30T14:00:00Z,2025-09-17T17:55:00Z,1144857.0,Cut 25bps,2025-09-17T18:00:00Z
KXFEDDECISION-25SEP,KXFEDDECISION-25SEP-H0,historical,finalized,no,Hike,0,False,2025-07-30T14:00:00Z,2025-09-17T17:55:00Z,42718863.0,Cut 25bps,2025-09-17T18:00:00Z
KXFEDDECISION-25SEP,KXFEDDECISION-25SEP-C26,historical,finalized,no,Cut,25,True,2025-07-30T14:00:00Z,2025-09-17T17:55:00Z,29261331.0,Cut 25bps,2025-09-17T18:00:00Z
KXFEDDECISION-25SEP,KXFEDDECISION-25SEP-C25,historical,finalized,yes,Cut,25,False,2025-07-30T14:00:00Z,2025-09-17T17:55:00Z,18168848.0,Cut 25bps,2025-09-17T18:00:00Z
KXFEDDECISION-25OCT,KXFEDDECISION-25OCT-H26,historical,finalized,no,Hike,25,True,2025-08-05T14:00:00Z,2025-10-29T17:59:00Z,127186.0,Cut 25bps,2025-10-29T18:00:00Z
KXFEDDECISION-25OCT,KXFEDDECISION-25OCT-H25,historical,finalized,no,Hike,25,False,2025-08-05T14:00:00Z,2025-10-29T17:59:00Z,221464.0,Cut 25bps,2025-10-29T18:00:00Z
KXFEDDECISION-25OCT,KXFEDDECISION-25OCT-H0,historical,finalized,no,Hike,0,False,2025-08-05T14:00:00Z,2025-10-29T17:59:00Z,15137495.0,Cut 25bps,2025-10-29T18:00:00Z
KXFEDDECISION-25OCT,KXFEDDECISION-25OCT-C26,historical,finalized,no,Cut,25,True,2025-08-05T14:00:00Z,2025-10-29T17:59:00Z,13693429.0,Cut 25bps,2025-10-29T18:00:00Z
KXFEDDECISION-25OCT,KXFEDDECISION-25OCT-C25,historical,finalized,yes,Cut,25,False,2025-08-05T14:00:00Z,2025-10-29T17:59:00Z,9914224.0,Cut 25bps,2025-10-29T18:00:00Z
KXFEDDECISION-25DEC,KXFEDDECISION-25DEC-H26,historical,finalized,no,Hike,25,True,2025-08-05T14:00:00Z,2025-12-10T18:59:00Z,113500.0,Cut 25bps,2025-12-10T19:00:00Z
KXFEDDECISION-25DEC,KXFEDDECISION-25DEC-H25,historical,finalized,no,Hike,25,False,2025-08-05T14:00:00Z,2025-12-10T18:59:00Z,308409.0,Cut 25bps,2025-12-10T19:00:00Z
KXFEDDECISION-25DEC,KXFEDDECISION-25DEC-H0,historical,finalized,no,Hike,0,False,2025-08-05T14:00:00Z,2025-12-10T18:59:00Z,15760947.0,Cut 25bps,2025-12-10T19:00:00Z
KXFEDDECISION-25DEC,KXFEDDECISION-25DEC-C25,historical,finalized,yes,Cut,25,False,2025-08-05T14:00:00Z,2025-12-10T18:59:00Z,12184561.0,Cut 25bps,2025-12-10T19:00:00Z
KXFEDDECISION-25DEC,KXFEDDECISION-25DEC-C26,historical,finalized,no,Cut,25,True,2025-08-05T14:00:00Z,2025-12-10T18:59:00Z,11614979.0,Cut 25bps,2025-12-10T19:00:00Z
KXFEDDECISION-26JAN,KXFEDDECISION-26JAN-H26,historical,finalized,no,Hike,25,True,2025-09-29T14:00:00Z,2026-01-28T18:59:00Z,290042.0,Fed maintains rate,2026-01-28T19:00:00Z
KXFEDDECISION-26JAN,KXFEDDECISION-26JAN-H25,historical,finalized,no,Hike,25,False,2025-09-29T14:00:00Z,2026-01-28T18:59:00Z,1462769.0,Fed maintains rate,2026-01-28T19:00:00Z
KXFEDDECISION-26JAN,KXFEDDECISION-26JAN-H0,historical,finalized,yes,Hike,0,False,2025-09-29T14:00:00Z,2026-01-28T18:59:00Z,10488486.0,Fed maintains rate,2026-01-28T19:00:00Z
KXFEDDECISION-26JAN,KXFEDDECISION-26JAN-C26,historical,finalized,no,Cut,25,True,2025-09-29T14:00:00Z,2026-01-28T18:59:00Z,5268472.0,Fed maintains rate,2026-01-28T19:00:00Z
KXFEDDECISION-26JAN,KXFEDDECISION-26JAN-C25,historical,finalized,no,Cut,25,False,2025-09-29T14:00:00Z,2026-01-28T18:59:00Z,18466757.0,Fed maintains rate,2026-01-28T19:00:00Z
KXFEDDECISION-26MAR,KXFEDDECISION-26MAR-H26,historical,finalized,no,Hike,25,True,2025-09-29T14:00:00Z,2026-03-18T17:59:00Z,270016.0,Fed maintains rate,2026-03-18T18:00:00Z
KXFEDDECISION-26MAR,KXFEDDECISION-26MAR-H25,historical,finalized,no,Hike,25,False,2025-09-29T14:00:00Z,2026-03-18T17:59:00Z,1713234.0,Fed maintains rate,2026-03-18T18:00:00Z
KXFEDDECISION-26MAR,KXFEDDECISION-26MAR-H0,historical,finalized,yes,Hike,0,False,2025-09-29T14:00:00Z,2026-03-18T17:59:00Z,13370432.0,Fed maintains rate,2026-03-18T18:00:00Z
KXFEDDECISION-26MAR,KXFEDDECISION-26MAR-C26,historical,finalized,no,Cut,25,True,2025-09-29T14:00:00Z,2026-03-18T17:59:00Z,4697935.0,Fed maintains rate,2026-03-18T18:00:00Z
KXFEDDECISION-26MAR,KXFEDDECISION-26MAR-C25,historical,finalized,no,Cut,25,False,2025-09-29T14:00:00Z,2026-03-18T17:59:00Z,14345705.0,Fed maintains rate,2026-03-18T18:00:00Z
KXFEDDECISION-26APR,KXFEDDECISION-26APR-H26,historical,finalized,no,Hike,25,True,2025-09-29T14:00:00Z,2026-04-29T17:59:00Z,1212514.75,Fed maintains rate,2026-04-29T18:00:00Z
KXFEDDECISION-26APR,KXFEDDECISION-26APR-H25,historical,finalized,no,Hike,25,False,2025-09-29T14:00:00Z,2026-04-29T17:59:00Z,4122068.96,Fed maintains rate,2026-04-29T18:00:00Z
KXFEDDECISION-26APR,KXFEDDECISION-26APR-H0,historical,finalized,yes,Hike,0,False,2025-09-29T14:00:00Z,2026-04-29T17:59:00Z,6884363.13,Fed maintains rate,2026-04-29T18:00:00Z
KXFEDDECISION-26APR,KXFEDDECISION-26APR-C26,historical,finalized,no,Cut,25,True,2025-09-29T14:00:00Z,2026-04-29T17:59:00Z,1784201.99,Fed maintains rate,2026-04-29T18:00:00Z
KXFEDDECISION-26APR,KXFEDDECISION-26APR-C25,historical,finalized,no,Cut,25,False,2025-09-29T14:00:00Z,2026-04-29T17:59:00Z,5803643.83,Fed maintains rate,2026-04-29T18:00:00Z
KXFEDDECISION-26JUN,KXFEDDECISION-26JUN-H26,historical,finalized,no,Hike,25,True,2025-09-29T14:00:00Z,2026-06-17T17:59:00Z,1608414.91,Fed maintains rate,2026-06-17T18:00:00Z
KXFEDDECISION-26JUN,KXFEDDECISION-26JUN-H25,historical,finalized,no,Hike,25,False,2025-09-29T14:00:00Z,2026-06-17T17:59:00Z,6471952.48,Fed maintains rate,2026-06-17T18:00:00Z
KXFEDDECISION-26JUN,KXFEDDECISION-26JUN-H0,historical,finalized,yes,Hike,0,False,2025-09-29T14:00:00Z,2026-06-17T17:59:00Z,11917184.36,Fed maintains rate,2026-06-17T18:00:00Z
KXFEDDECISION-26JUN,KXFEDDECISION-26JUN-C26,historical,finalized,no,Cut,25,True,2025-09-29T14:00:00Z,2026-06-17T17:59:00Z,3382986.13,Fed maintains rate,2026-06-17T18:00:00Z
KXFEDDECISION-26JUN,KXFEDDECISION-26JUN-C25,historical,finalized,no,Cut,25,False,2025-09-29T14:00:00Z,2026-06-17T17:59:00Z,9796684.97,Fed maintains rate,2026-06-17T18:00:00Z
KXFEDDECISION-26JUL,KXFEDDECISION-26JUL-H26,historical,finalized,no,Hike,25,True,2025-09-29T14:00:00Z,2026-07-29T17:59:00Z,15632302.75,Fed maintains rate,2026-07-29T18:00:00Z
KXFEDDECISION-26JUL,KXFEDDECISION-26JUL-H25,historical,finalized,no,Hike,25,False,2025-09-29T14:00:00Z,2026-07-29T17:59:00Z,19713687.51,Fed maintains rate,2026-07-29T18:00:00Z
KXFEDDECISION-26JUL,KXFEDDECISION-26JUL-H0,historical,finalized,yes,Hike,0,False,2025-09-29T14:00:00Z,2026-07-29T17:59:00Z,23802367.03,Fed maintains rate,2026-07-29T18:00:00Z
KXFEDDECISION-26JUL,KXFEDDECISION-26JUL-C26,historical,finalized,no,Cut,25,True,2025-09-29T14:00:00Z,2026-07-29T17:59:00Z,2330631.58,Fed maintains rate,2026-07-29T18:00:00Z
KXFEDDECISION-26JUL,KXFEDDECISION-26JUL-C25,historical,finalized,no,Cut,25,False,2025-09-29T14:00:00Z,2026-07-29T17:59:00Z,7276758.07,Fed maintains rate,2026-07-29T18:00:00Z
KXFEDDECISION-26SEP,KXFEDDECISION-26SEP-H26,live,finalized,no,Hike,25,True,2025-09-29T14:00:00Z,2026-09-16T17:59:00Z,19945019.56,Hike 25bps,2026-09-16T18:00:00Z
KXFEDDECISION-26SEP,KXFEDDECISION-26SEP-C25,live,finalized,no,Cut,25,False,2025-09-29T14:00:00Z,2026-09-16T17:59:00Z,13833555.97,Hike 25bps,2026-09-16T18:00:00Z
KXFEDDECISION-26SEP,KXFEDDECISION-26SEP-C26,live,finalized,no,Cut,25,True,2025-09-29T14:00:00Z,2026-09-16T17:59:00Z,2370153.9,Hike 25bps,2026-09-16T18:00:00Z
KXFEDDECISION-26SEP,KXFEDDECISION-26SEP-H25,live,finalized,yes,Hike,25,False,2025-09-29T14:00:00Z,2026-09-16T17:59:00Z,18770408.08,Hike 25bps,2026-09-16T18:00:00Z
KXFEDDECISION-26SEP,KXFEDDECISION-26SEP-H0,live,finalized,no,Hike,0,False,2025-09-29T14:00:00Z,2026-09-16T17:59:00Z,48286115.02,Hike 25bps,2026-09-16T18:00:00Z
