event_ticker,series_ticker,strike_date,title,sub_title
FEDDECISION-23MAY,KXFEDDECISION,2023-05-03T18:00:00Z,Fed meeting in May 2023?,In May 2023
FEDDECISION-23JUN,KXFEDDECISION,2023-06-14T18:00:00Z,Fed meeting in Jun 2023?,In Jun 2023
FEDDECISION-23JUL,KXFEDDECISION,2023-07-26T18:00:00Z,Fed meeting in Jul 2023?,In Jul 2023
FEDDECISION-23SEP,KXFEDDECISION,2023-09-20T18:00:00Z,Fed meeting in Sep 2023?,In Sep 2023
FEDDECISION-23NOV,KXFEDDECISION,2023-11-01T18:00:00Z,Fed meeting in Nov 2023?,In Nov 2023
FEDDECISION-23DEC,KXFEDDECISION,2023-12-13T19:00:00Z,Fed meeting in Dec 2023?,In Dec 2023
FEDDECISION-24JAN31,KXFEDDECISION,2024-01-31T19:00:00Z,Fed meeting in Jan 2024?,In Jan 2024
FEDDECISION-24MAR20,KXFEDDECISION,2024-03-20T18:00:00Z,Fed meeting in Mar 2024?,In Mar 2024
FEDDECISION-24MAY,KXFEDDECISION,2024-05-01T18:00:00Z,Fed meeting in May 2024?,In May 2024
FEDDECISION-24JUN,KXFEDDECISION,2024-06-12T18:00:00Z,Fed meeting in June?,In Jun 2024
FEDDECISION-24JUL,KXFEDDECISION,2024-07-31T18:00:00Z,Fed meeting in July?,In Jul 2024
FEDDECISION-24SEP,KXFEDDECISION,2024-09-18T18:00:00Z,Fed decision in Sep 2024?,"In Sep 18, 2024"
FEDDECISION-24NOV,KXFEDDECISION,2024-11-07T19:00:00Z,Fed decision on Nov 7th meeting?,"On Nov 7, 2024"
KXFEDDECISION-24DEC,KXFEDDECISION,2024-12-18T19:00:00Z,Fed decision in Dec 2024?,"On Dec 18, 2024"
KXFEDDECISION-25JAN,KXFEDDECISION,2025-01-29T19:00:00Z,Fed decision in Jan 2025?,"On Jan 29, 2025"
KXFEDDECISION-25MAR,KXFEDDECISION,2025-03-19T18:00:00Z,Fed decision in Mar 2025?,"On Mar 19, 2025"
KXFEDDECISION-25MAY,KXFEDDECISION,2025-05-07T18:00:00Z,Fed decision in May 2025?,"On May 7, 2025"
KXFEDDECISION-25JUN,KXFEDDECISION,2025-06-18T18:00:00Z,Fed decision in Jun 2025?,"On Jun 18, 2025"
KXFEDDECISION-25JUL,KXFEDDECISION,2025-07-30T18:00:00Z,Fed decision in Jul 2025?,"On Jul 30, 2025"
KXFEDDECISION-25SEP,KXFEDDECISION,2025-09-17T18:00:00Z,Fed decision in Sep 2025?,"On Sep 17, 2025"
KXFEDDECISION-25OCT,KXFEDDECISION,2025-10-29T18:00:00Z,Fed decision in Oct 2025?,"On Oct 29, 2025"
KXFEDDECISION-25DEC,KXFEDDECISION,2025-12-10T19:00:00Z,Fed decision in Dec 2025?,"On Dec 10, 2025"
KXFEDDECISION-26JAN,KXFEDDECISION,2026-01-28T19:00:00Z,Fed decision in Jan 2026?,"On Jan 28, 2026"
KXFEDDECISION-26MAR,KXFEDDECISION,2026-03-18T18:00:00Z,Fed decision in Mar 2026?,"On Mar 18, 2026"
KXFEDDECISION-26APR,KXFEDDECISION,2026-04-29T18:00:00Z,Fed decision in Apr 2026?,"On Apr 29, 2026"
KXFEDDECISION-26JUN,KXFEDDECISION,2026-06-17T18:00:00Z,Fed decision in Jun 2026?,"On Jun 17, 2026"
KXFEDDECISION-26JUL,KXFEDDECISION,2026-07-29T18:00:00Z,Fed decision in July?,"On Jul 29, 2026"
KXFEDDECISION-26SEP,KXFEDDECISION,2026-09-16T18:00:00Z,Fed decision in Sep 2026?,"On Sep 16, 2026"
KXFEDDECISION-26OCT,KXFEDDECISION,2026-10-28T18:00:00Z,Fed decision in Oct 2026?,"On Oct 28, 2026"
KXFEDDECISION-26DEC,KXFEDDECISION,2026-12-09T19:00:00Z,Fed decision in Dec 2026?,"On Dec 9, 2026"
KXFEDDECISION-27JAN,KXFEDDECISION,2027-01-27T19:00:00Z,Fed decision in Jan 2027?,"On Jan 27, 2027"
KXFEDDECISION-27MAR,KXFEDDECISION,2027-03-17T18:00:00Z,Fed decision in Mar 2027?,"On Mar 17, 2027"
KXFEDDECISION-27APR,KXFEDDECISION,2027-04-28T18:00:00Z,Fed decision in Apr 2027?,"On Apr 28, 2027"
KXFEDDECISION-27JUN,KXFEDDECISION,2027-06-09T18:00:00Z,Fed decision in Jun 2027?,"On Jun 9, 2027"
KXFEDDECISION-27JUL,KXFEDDECISION,2027-07-28T18:00:00Z,Fed decision in Jul 2027?,"On Jul 28, 2027"
KXFEDDECISION-27SEP,KXFEDDECISION,2027-09-15T18:00:00Z,Fed decision in Sep 2027?,"On Sep 15, 2027"
KXFEDDECISION-27OCT,KXFEDDECISION,2027-10-27T18:00:00Z,Fed decision in Oct 2027?,"On Oct 27, 2027"
KXFEDDECISION-27DEC,KXFEDDECISION,2027-12-08T19:00:00Z,Fed decision in Dec 2027?,"On Dec 8, 2027"
KXFEDDECISION-28JAN,KXFEDDECISION,2028-01-26T19:00:00Z,Fed decision in Jan 2028?,"On Jan 26, 2028"
