coin,network,address,balance,Height,Third party custodian name
BTC,BTC,bc1qhnkhmyx43k9uewvftqup259yp8h39wj2ewc50h,2499.99094,964957,Ceffu
BTC,BTC,bc1qm34lsc65zpw79lxes69zkqmk6ee3ewf0j77s3h,13332.22028,964957,
BTC,BTC,3M3EtJGx5Dy9nCATLDhyRCrKGc38QC9z2e,3.265e-05,964957,
BTC,BTC,34xp4vRoCGJym3xR7yCVPFHoCNxv4Twseo,248597.5923,964957,
BTC,BTC,bc1qq393eyjh8hdjvcchy0mxquhh9wx8h3kzlkchfs,1958.062611,964957,Ceffu
BTC,BTC,3HkPQSi1xso1Zh1EeqLjkMpura63fr5HRn,215.6870838,964957,
BTC,BTC,bc1qdtmav38lca8yu3rrcknnqx5242cckgxqws7m72,949.3594929,964957,
BTC,BTC,3AQ8bAh88TQU7JV1H3ovXrwsuV6s3zYZuN,1.087e-05,964957,
BTC,BTC,bc1qquax5zzensg9mkejdgq3q3h76v34cug96zk0f6,763.0606057,964957,
BTC,BTC,bc1q78ufzeu8w8fwvxuphrdlg446xhyptf28fkatu5,0.0049376,964957,Ceffu
BTC,BTC,1DEuKerATHWRfyB14s6QCt4LPkfCTx4zaW,2537.710158,964957,
BTC,BTC,395vnFScKQ1ay695C6v7gf89UzoFpx3WuJ,1758.530405,964957,
BTC,BTC,3F1ZmTDAv6q3xrnT3tpm55DkCDzxhstU2Z,39.11899505,964957,
BTC,BTC,bc1q32lyrhp9zpww22phqjwwmelta0c8a5q990ghs6,4046.580755,964957,Ceffu
BTC,BTC,3AtnehKDkFPC1bKvdrEVPSRGCtxQH8F1R8,5.46e-06,964957,
BTC,BTC,378GLcve92X2Q4UrCyoMFDL5k5QrzeG7JN,1.093e-05,964957,
BTC,BTC,3QK5vQ9hucSg8ZC8Vizq83qEWeHFLAWMud,1.093e-05,964957,
BTC,BTC,3NjHh71XgjikBoTNYdWgXiNeZcLaKNThgb,6e-06,964957,
BTC,BTC,3FHNBLobJnbCTFTVakh5TXmEneyf5PT61B,31275.35267,964957,
BTC,BTC,32bhzEniykYRFADVaRM5PYswsjC23cxtes,2.767e-05,964957,
BTC,BTC,34ryUknRsda7w9yXqzjLhgRPZLPV43rpsd,5564.886064,964957,
BTC,BTC,32BgTv3NSYbMsBTwDbNNN2GKZPCTJSkqDv,7e-06,964957,
BTC,BTC,31jUs8yQNVc9p6YuUPctWCkdhH7u8UiUba,707.1119885,964957,
BTC,BTC,bc1q5n5dy7jgqhmpnmx44d3780qefzaphjreds0z9y,164.5862727,964957,
BTC,BTC,bc1q9n7j6a5wwru6tad9xrlncnagresvyjt96pl3en,1200.019572,964957,
BTC,BTC,3EVVc8e2rxwUuERtdJCduWig8DnpsUqyA6,5.46e-06,964957,
BTC,BTC,3HkgC2R5PhqyXy6RVFyemvxN1VuFbQiQ5V,0.00010556,964957,
BTC,BTC,3M219KR5vEneNb47ewrPfWyb5jQ2DjxRP6,214225.4581,964957,
BTC,BTC,1PPWMe42cywnM61nVatkmiggwdRQYLiCyS,406.2428213,964957,
BTC,BTC,3PXBET2GrTwCamkeDzKCx8DeGDyrbuGKoc,8.737e-05,964957,
BTC,BTC,36oiSkAi1VVuUpfdv8E2V5fZ2EarHRJpis,7.77e-06,964957,
BTC,BTC,3AeUiDpPPUrUBS377584sFCpx8KLfpX9Ry,467.5131812,964957,
BTC,BTC,39CnKMu9KWvFAabLJ5BYghVfSqHgC2VShe,8092.51561,964957,
BTC,BTC,3BzYxZXkdpkrFTWzKkWGRoWXJMuN2Ko621,1193.180014,964957,
BTC,BTC,3Kyo49ThRZPMukuYqPgqPejYeUpHvkA1EM,535.3240454,964957,
BTC,BTC,bc1q5qvs2dzzydqt4ygfn0k0ertjnv8ctytgcdz7l0,1731.029921,964957,
BTC,BTC,1KuPikhUYtHz3fmSQ2UvotpUuN672NuEcm,4178.349539,964957,
BTC,BTC,3FJ9hQuRtzy7pCqKHjeBGRDcY3fJbhHYXD,177.3881167,964957,
BTC,BTC,1Pzaqw98PeRfyHypfqyEgg5yycJRsENrE7,1811.001283,964957,
BTC,BTC,bc1q5rsc4uscnmemlwru8xsys26k3xgxewqfnf3k7j,500.9999244,964957,
BTC,BTC,3CySuFKbBS29M7rE5iJakZRNqb3msMeFoN,1.146e-05,964957,
BTC,BTC,3Q6ZCgJ3e4shasccLHen1VNUpReZTsjmsR,179.1729825,964957,
BTC,BTC,3JFJPpH8Chwo7CDbyYQ4XcfgcjEP1FGRMJ,193.9484952,964957,
BTC,BTC,3KRduELtTmxBtqYpZviPysXoJDxdtdxFLZ,626.7930362,964957,
BTC,BTC,3E97AjYaCq9QYnfFMtBCYiCEsN956Rvpj2,0.00027358,964957,
BTC,BTC,12VuUfQHTGqWDvBzm8TBad1mZBm4hjGEzN,10355.84598,964957,
BTC,BTC,bc1q7t9fxfaakmtk8pj7tdxjvwsng6y9x76czuaf5h,6276.000201,964957,
BTC,BTC,3LcgLHzTvjLKBixBvkKGiadtiw2GBSKKqH,1999.797819,964957,
BTC,BTC,3LQUu4v9z6KNch71j7kbj8GPeAGUo1FW6a,37927.07835,964957,
BTC,BTC,1PJiGp2yDLvUgqeBsuZVCBADArNsk6XEiw,15799.583,964957,
BTC,BTC,34HpHYiyQwg69gFmCq2BGHjF1DZnZnBeBP,16306.62958,964957,
BTC,BTC,3HdGoUTbcztBnS7UzY4vSPYhwr424CiWAA,1999.917091,964957,
BTC,BTC,3Nm3c4gqVmvCmeP1sYvDchbb1r4QMu6emn,23.34298709,964957,
BTC,BTC,32KqbtrRVxC6GLUJgJhVQtFTaCdq4GrgBb,1.852e-05,964957,
BTC,BSC,0xe2fc31f816a9b94326492132018c3aecc4a93ae1,248.1861008,119243645,
BTC,ETH,0xf977814e90da44bfa03b6295a0616a897441acec,1000.0,25878704,
BTC,ETH,0x28c6c06298d514db089934071355e5743bf21d60,4.13419411,25878704,
BTC,ETH,0x18e226459ccf0eec276514a4fd3b226d8961e4d1,0.01955194,25878704,
BTC,ETH,0xdfd5293d8e347dfe59e90efd55b2956a1343963d,4.3419185,25878704,
BTC,ETH,0x21a31ee1afc51d94c2efccaa2092ad1028285549,9.14749885,25878704,
BTC,ETH,0x5a52e96bacdabb82fd05763e25335261b270efcb,1156.4841,25878704,
BTC,BSC,0x8894e0a0c962cb723c1976a4421c95949be2d4e3,1846.095848,119243645,
BTC,BSC,0x18e226459ccf0eec276514a4fd3b226d8961e4d1,0.09464091,119243645,
BTC,BSC,0x835678a611b28684005a5e2233695fb6cbbb0007,514.0,119243645,
BTC,BSC,0x5a52e96bacdabb82fd05763e25335261b270efcb,17781.95647,119243645,
BTC,BSC,0xd3a22590f8243f8e83ac230d1842c9af0404c4a1,1070.966805,119243645,Ceffu
BTC,BSC,0xf977814e90da44bfa03b6295a0616a897441acec,19000.0,119243645,
BTC,BSC,0x08439901c2bb071cd0812ed329675c9657434083,196.1037358,119243645,Ceffu
USD1,ETH,0xdfd5293d8e347dfe59e90efd55b2956a1343963d,11979506.07,25878704,
USD1,ETH,0xf977814e90da44bfa03b6295a0616a897441acec,427687917.2,25878704,
USD1,ETH,0x3a3c006053a9b40286b9951a11be4c5808c11dc8,7311266.216,25878704,Ceffu
USD1,ETH,0x28c6c06298d514db089934071355e5743bf21d60,54272836.8,25878704,
USD1,ETH,0x5a52e96bacdabb82fd05763e25335261b270efcb,471262416.4,25878704,
USD1,ETH,0x21a31ee1afc51d94c2efccaa2092ad1028285549,8829727.0,25878704,
USD1,BSC,0xeb2d2f1b8c558a40207669291fda468e50c8a0bb,10455400.5,119243645,
USD1,AB,0x59fbc084aeed2c8e6e9b6ebe8a11d443efcb40d2,15423241.92,14503665,
USD1,BSC,0xe2fc31f816a9b94326492132018c3aecc4a93ae1,10557675.24,119243645,
USD1,BSC,0x515b72ed8a97f42c568d6a143232775018f133c8,13142254.79,119243645,
USD1,BSC,0x8894e0a0c962cb723c1976a4421c95949be2d4e3,24436402.15,119243645,
USD1,SOL,5tzFkiKscXHK5ZXCGbXZxdw7gTjjD1mBwuoFbhUvuAi9,39472432.27,443282097,
USD1,BSC,0x161ba15a5f335c9f06bb5bbb0a9ce14076fbb645,9384405.945,119243645,
USD1,BSC,0xa180fe01b906a1be37be6c534a3300785b20d947,15125060.6,119243645,
USD1,BSC,0xbd612a3f30dca67bf60a39fd0d35e39b7ab80774,10740404.07,119243645,
USD1,BSC,0x18e226459ccf0eec276514a4fd3b226d8961e4d1,13723.76569,119243645,
USD1,BSC,0xf977814e90da44bfa03b6295a0616a897441acec,292998743.3,119243645,
USD1,BSC,0x5a52e96bacdabb82fd05763e25335261b270efcb,80000000.0,119243645,
USD1,BSC,0x08439901c2bb071cd0812ed329675c9657434083,7103798.713,119243645,Ceffu
USD1,BSC,0x98adef6f2ac8572ec48965509d69a8dd5e8bba9d,10950374.39,119243645,
USD1,SOL,3gd3dqgtJ4jWfBfLYTX67DALFetjc5iS72sCgRhCkW2u,352225915.9,443282097,
USD1,SOL,9WzDXwBbmkg8ZTbNMqUxvQRAyrZzDsGYdLVL9zYtAWWM,679358605.4,443282097,
USDC,HBAR,0.0.1030878,3635049.277,99493123,
USDC,ETH,0xee7ae85f2fe2239e27d9c1e23fffe168d63b4055,1016233287.0,25878704,
USDC,BSC,0x8894e0a0c962cb723c1976a4421c95949be2d4e3,128733695.1,119243645,
USDC,OPTIMISM,0xee7ae85f2fe2239e27d9c1e23fffe168d63b4055,11090881.54,156311011,
USDC,MATIC,0xee7ae85f2fe2239e27d9c1e23fffe168d63b4055,78021059.13,93010514,
USDC,XLM,GC5LF63GRVIT5ZXXCXLPI3RX2YXKJQFZVBSAO6AUELN3YIMSWPD6Z6FH,99396596.73,64216184,
USDC,ALGO,QYXDGS2XJJT7QNR6EJ2YHNZFONU6ROFM6BKTBNVT63ZXQ5OC6IYSPNDJ4U,15376571.8,64610362,
USDC,BASE,0xee7ae85f2fe2239e27d9c1e23fffe168d63b4055,90184443.92,50715726,
USDC,ZKSYNCERA,0x7aed074ca56f5050d5a2e512ecc5bf7103937d76,697343.4895,71798708,
USDC,RON,0xb32e9a84ae0b55b8ab715e4ac793a61b277bafa3,223792.416,60376006,
USDC,BSC,0xe2fc31f816a9b94326492132018c3aecc4a93ae1,38058315.83,119243645,
USDC,SOL,5tzFkiKscXHK5ZXCGbXZxdw7gTjjD1mBwuoFbhUvuAi9,365841869.0,443282097,
USDC,AVAXC,0xee7ae85f2fe2239e27d9c1e23fffe168d63b4055,45965791.04,94159927,
USDC,SONIC,0xee7ae85f2fe2239e27d9c1e23fffe168d63b4055,24725825.77,78496667,
USDC,ZKSYNCERA,0xf977814e90da44bfa03b6295a0616a897441acec,0.0,71798708,
USDC,ZKSYNCERA,0x4aec0e98fc1fb55b9cc2faaa7a81acca42cb4e96,0.0,71798708,
USDC,ZKSYNCERA,0x4ed6cf63bd9c009d247ee51224fc1c7041f517f1,0.0,71798708,
USDC,ZKSYNCERA,0xa84fd90d8640fa63d194601e0b2d1c9094297083,1.400996,71798708,
USDC,ZKSYNCERA,0x43684d03d81d3a4c70da68febdd61029d426f042,0.0,71798708,
USDC,ETH,0x43684d03d81d3a4c70da68febdd61029d426f042,0.0,25878704,
USDC,ETH,0xf977814e90da44bfa03b6295a0616a897441acec,142.2445,25878704,
USDC,ETH,0xbe0eb53f46cd790cd13851d5eff43d12404d33e8,13.0,25878704,
USDC,ETH,0x1b46970cfe6a271e884f636663c257a5a571fb2c,1.0,25878704,
USDC,ETH,0x18e226459ccf0eec276514a4fd3b226d8961e4d1,0.0,25878704,
USDC,ETH,0xe1940f578743367f38d3f25c2d2d32d6636929b6,1699999999.0,25878704,
USDC,ARBITRUM,0xee7ae85f2fe2239e27d9c1e23fffe168d63b4055,107170502.9,500455224,
USDC,ETH,0x28c6c06298d514db089934071355e5743bf21d60,50828.46732,25878704,
USDC,ETH,0xad354cfbaa4a8572dd6df021514a3931a8329ef5,1400000001.0,25878704,
USDC,ETH,0x3a3c006053a9b40286b9951a11be4c5808c11dc8,2.000845,25878704,Ceffu
USDC,ETH,0x56eddb7aa87536c09ccc2793473599fd21a8b17f,403.251567,25878704,
USDC,ETH,0x9696f59e4d72e237be84ffd425dcad154bf96976,1270.228217,25878704,
USDC,ETH,0x21a31ee1afc51d94c2efccaa2092ad1028285549,1590.184919,25878704,
USDC,ETH,0x71a7de1bdad3904b312717843597f549d2a79eb8,0.0,25878704,Ceffu
USDC,ETH,0x4aec0e98fc1fb55b9cc2faaa7a81acca42cb4e96,0.0012,25878704,
USDC,ETH,0xa7c0d36c4698981fab42a7d8c783674c6fe2592d,0.0,25878704,
USDC,ETH,0x835678a611b28684005a5e2233695fb6cbbb0007,0.0,25878704,
USDC,ETH,0xb93b82f33e2653b544e046128f3cb47879dc917b,32609393.93,25878704,Ceffu
USDC,ETH,0xdfd5293d8e347dfe59e90efd55b2956a1343963d,1343.599631,25878704,
USDC,ETH,0xd3a22590f8243f8e83ac230d1842c9af0404c4a1,0.0112,25878704,Ceffu
USDC,ETH,0x4976a4a02f38326660d17bf34b431dc6e2eb2327,302.419621,25878704,
USDC,LINEA,0x4ed6cf63bd9c009d247ee51224fc1c7041f517f1,0.0,31896444,
USDC,ETH,0x87433fec6f8d9df13d1e17c4b11364ecd2e93a51,2.493186,25878704,
USDC,ETH,0x4a9e49a45a4b2545cb177f79c7381a30e1dc261f,0.0,25878704,Ceffu
USDC,ETH,0x030e37ddd7df1b43db172b23916d523f1599c6cb,0.0,25878704,
USDC,ETH,0x5a52e96bacdabb82fd05763e25335261b270efcb,0.0,25878704,
USDC,ETH,0x38aaef3782910bdd9ea3566c839788af6ff9b200,1341277873.0,25878704,
USDC,ETH,0x4ed6cf63bd9c009d247ee51224fc1c7041f517f1,0.0,25878704,
USDC,LINEA,0xf977814e90da44bfa03b6295a0616a897441acec,0.0,31896444,
USDC,STARKNET,0x0213c67ed78bc280887234fe5ed5e77272465317978ae86c25a71531d9332a2d,541352.4062,14172969,
USDC,XLM,GBAIA5U6E3FSRUW55AXACIVGX2QR5JYAS74OWLED3S22EGXVYEHPLGPA,1675167.198,64216184,
USDC,TRX,TVGDpgtCs45PJE7ZMHhiC76L3v77qAwJW9,5.91822,85849746,Ceffu
USDC,TRX,TRGCqsUXeynKTgynp2j9g3sg7Nux2KtB3u,1e-06,85849746,
USDC,TRX,TKoMMAMrDCUY212N6M4pzmYABtgkgo7XZn,0.0,85849746,Ceffu
USDC,TRX,TYASr5UV6HEcXatwdFQfmLVUqQQQMUxHLS,0.0,85849746,
USDC,TRX,TQrY8tryqsYVCYS3MFbtffiPp2ccyn4STm,0.0,85849746,
USDC,TRX,TAzsQ9Gx8eqFNFSKbeXrbi45CuVPHzA8wr,0.0,85849746,
USDC,TRX,TDqSquXBgUCLYvYC4XZgrprLK589dkhSCf,79913.95874,85849746,
USDC,TRX,TJDENsfBJs4RFETt1X1W8wMDc8M5XnJhCe,0.0,85849746,
USDC,TRX,TNXoiAJ3dct8Fjg4M9fkLFh9S2v9TXc32G,0.681669,85849746,
USDC,TRX,TQq26fUorctUZvrAgKg8Wz6QyYHvYd6xWK,0.0,85849746,Ceffu
USDC,TRX,TWd4WrZ9wn84f5x1hZhL4DHvk738ns5jwb,0.0,85849746,
USDC,TRX,TJCo98saj6WND61g1uuKwJ9GMWMT9WkJFo,0.0,85849746,
USDC,TRX,TMuA6YqfCeX8EhbfYEg5y7S4DqzSJireY9,0.0,85849746,
USDC,NEAR,5c33c6218d47e00ef229f60da78d0897e1ee9665312550b8afd5f9c7bc6957d2,10813231.8,213761241,
USDC,ALGO,MTCEM5YJJSYGW2RCXYXGE4SXLSPUUEJKQAWG2GUX6CNN72KQ3XPJCM6NOI,412770.365,64610362,
USDC,WLD,0xee7ae85f2fe2239e27d9c1e23fffe168d63b4055,148788.045,34442580,
USDC,STATEMINT,13vg3Mrxm3GL9eXxLsGgLYRueiwFCiMbkdHBL4ZN5aob5D4N,5624006.59,20119207,
USDC,STATEMINT,1qnJN7FViy3HZaxZK9tGAA71zxHSBeUweirKqCaox4t8GT7,4.731572,20119207,
USDC,OPTIMISM,0xacd03d601e5bb1b275bb94076ff46ed9d753435a,25.292665,156311011,
USDC,OPTIMISM,0x5a52e96bacdabb82fd05763e25335261b270efcb,0.0,156311011,
USDC,RON,0x030e37ddd7df1b43db172b23916d523f1599c6cb,0.0,60376006,
USDC,RON,0x5a52e96bacdabb82fd05763e25335261b270efcb,0.0,60376006,
USDC,OPTIMISM,0x8c991b8bb43859d2f3dff541eb43add2ce92505f,0.0,156311011,
USDC,OPTIMISM,0x4ed6cf63bd9c009d247ee51224fc1c7041f517f1,0.0,156311011,
USDC,BASE,0x4ed6cf63bd9c009d247ee51224fc1c7041f517f1,0.0,50715726,
USDC,BASE,0xf977814e90da44bfa03b6295a0616a897441acec,15115.03505,50715726,
USDC,BASE,0x18e226459ccf0eec276514a4fd3b226d8961e4d1,0.0,50715726,
USDC,BASE,0xa7c0d36c4698981fab42a7d8c783674c6fe2592d,0.0,50715726,
USDC,BASE,0x5a52e96bacdabb82fd05763e25335261b270efcb,0.727829,50715726,
USDC,OPTIMISM,0x18e226459ccf0eec276514a4fd3b226d8961e4d1,17.8615,156311011,
USDC,OPTIMISM,0xf977814e90da44bfa03b6295a0616a897441acec,0.000805,156311011,
USDC,BASE,0x3304e22ddaa22bcdc5fca2269b418046ae7b566a,78278.60214,50715726,
USDC,BASE,0x2b9ffcd7a44f9afc8770ac1d5e6405410816dab4,0.000273,50715726,Ceffu
USDC,BASE,0xd62e55b19135eb3c645573288ee4b6050f86ff54,67591187.54,50715726,
USDC,BASE,0x71a7de1bdad3904b312717843597f549d2a79eb8,0.0,50715726,Ceffu
USDC,SONIC,0x7ca1f5c11e298b8e5f6d8ddcc685a90c95dd8b44,66016017.27,78496667,
USDC,SONIC,0xd3a22590f8243f8e83ac230d1842c9af0404c4a1,0.0,78496667,Ceffu
USDC,SONIC,0x43684d03d81d3a4c70da68febdd61029d426f042,0.0,78496667,
USDC,SONIC,0xf977814e90da44bfa03b6295a0616a897441acec,0.0,78496667,
USDC,BASE,0x835678a611b28684005a5e2233695fb6cbbb0007,0.0,50715726,
USDC,BASE,0xb93b82f33e2653b544e046128f3cb47879dc917b,622039.888,50715726,Ceffu
USDC,SONIC,0xa4e471dbfe8c95d4c44f520b19cee436c01c3267,0.0,78496667,
USDC,SONIC,0x18e226459ccf0eec276514a4fd3b226d8961e4d1,0.0,78496667,
USDC,WLD,0x43684d03d81d3a4c70da68febdd61029d426f042,0.0,34442580,
USDC,WLD,0x18e226459ccf0eec276514a4fd3b226d8961e4d1,0.0,34442580,
USDC,WLD,0xf977814e90da44bfa03b6295a0616a897441acec,0.0,34442580,
USDC,WLD,0xbccf3e48d170f9af130e20c2d42243f528770452,0.0,34442580,
USDC,WLD,0x4ed6cf63bd9c009d247ee51224fc1c7041f517f1,0.0,34442580,
USDC,NEAR,451913e633c72fb951effe076d3bd2977e3f08083dcf6c87fa89992b0d437c5c,995617.9653,213761241,
USDC,NEAR,9c484fa5d2d069569ba063fc555c34e621ccd88fdbb0295fc79bad232621c5c1,966805.8,213761241,
USDC,MATIC,0xf977814e90da44bfa03b6295a0616a897441acec,268.209996,93010514,
USDC,MATIC,0xe7804c37c13166ff0b37f5ae0bb07a3aebb6e245,21260.84231,93010514,
USDC,MATIC,0x18e226459ccf0eec276514a4fd3b226d8961e4d1,750.0,93010514,
USDC,MATIC,0x505e71695e9bc45943c58adec1650577bca68fd9,5.20448,93010514,
USDC,MATIC,0x290275e3db66394c52272398959845170e4dcb88,258.301895,93010514,
USDC,MATIC,0x43684d03d81d3a4c70da68febdd61029d426f042,0.0,93010514,
USDC,MATIC,0x5a52e96bacdabb82fd05763e25335261b270efcb,0.0,93010514,
USDC,MATIC,0x4ed6cf63bd9c009d247ee51224fc1c7041f517f1,0.0,93010514,
USDC,MATIC,0x082489a616ab4d46d1947ee3f912e080815b08da,0.0,93010514,
USDC,MATIC,0xa7c0d36c4698981fab42a7d8c783674c6fe2592d,0.0,93010514,
USDC,MATIC,0xb75f972af41d6ff0bcc6b2613b832632de1e418b,0.0,93010514,
USDC,MATIC,0xd3a22590f8243f8e83ac230d1842c9af0404c4a1,0.0,93010514,Ceffu
USDC,MATIC,0x835678a611b28684005a5e2233695fb6cbbb0007,17.6,93010514,
USDC,AVAXC,0x978b21a854dbefcd6d51dfd269875d158046240b,3479.905,94159927,
USDC,AVAXC,0x43684d03d81d3a4c70da68febdd61029d426f042,0.216825,94159927,
USDC,AVAXC,0xaba2d404c5c41da5964453a368aff2604ae80a14,573.551202,94159927,
USDC,AVAXC,0x4aec0e98fc1fb55b9cc2faaa7a81acca42cb4e96,0.0,94159927,
USDC,AVAXC,0x5a52e96bacdabb82fd05763e25335261b270efcb,0.0,94159927,
USDC,AVAXC,0x4aefa39caeadd662ae31ab0ce7c8c2c9c0a013e8,0.0,94159927,
USDC,AVAXC,0x4ed6cf63bd9c009d247ee51224fc1c7041f517f1,0.0,94159927,
USDC,AVAXC,0xa7c0d36c4698981fab42a7d8c783674c6fe2592d,0.0,94159927,
USDC,AVAXC,0x3bce63c6c9abf7a47f52c9a3a7950867700b0158,0.0,94159927,
USDC,AVAXC,0x6d8be5cdf0d7dee1f04e25fd70b001ae3b907824,0.0,94159927,
USDC,CELO,0x4ed6cf63bd9c009d247ee51224fc1c7041f517f1,0.0,76320041,
USDC,CELO,0xf6436829cf96ea0f8bc49d300c536fcc4f84c4ed,0.0,76320041,
USDC,AVAXC,0x45d3d68f14038099530b1c4448db8ecdd78179b1,50285457.25,94159927,
USDC,AVAXC,0x835678a611b28684005a5e2233695fb6cbbb0007,0.216825,94159927,
USDC,AVAXC,0x9f8c163cba728e99993abe7495f06c0a3c8ac8b9,0.0,94159927,
USDC,AVAXC,0xcddc5d0ebeb71a08fff26909aa6c0d4e256b4fe1,0.0,94159927,
USDC,CELO,0xee7ae85f2fe2239e27d9c1e23fffe168d63b4055,8852773.897,76320041,
USDC,CELO,0x2977aa854ac29251afccaa3935369483eb296a3b,0.0,76320041,
USDC,CELO,0xef268b5c05452d63a17da12f562368e88a036ef1,0.0,76320041,
USDC,SUI,0x935029ca5219502a47ac9b69f556ccf6e2198b5e7815cf50f68846f723739cbd,0.0,317287615,
USDC,NEAR,d04204b6591fefb973a8ed60929f8211af89ee38020da9faf905acdc7a320063,749801.5586,213761241,
USDC,NEAR,binancecold3.near,0.0,213761241,
USDC,SEIEVM,0xee7ae85f2fe2239e27d9c1e23fffe168d63b4055,544986.8531,229479307,
USDC,SEIEVM,0xf055616bfc551a314f24ab6c09e8e1582b49cb44,1000000.0,229479307,
USDC,BSC,0x0e4158c85ff724526233c1aeb4ff6f0c46827fbe,1e-08,119243645,Ceffu
USDC,BSC,0x01c952174c24e1210d26961d456a77a39e1f0bb0,0.0,119243645,
USDC,BSC,0x1fbe2acee135d991592f167ac371f3dd893a508b,0.0,119243645,
USDC,BSC,0x73f5ebe90f27b46ea12e5795d16c4b408b19cc6f,0.0,119243645,
USDC,BSC,0xa180fe01b906a1be37be6c534a3300785b20d947,0.0,119243645,
USDC,BSC,0x18e226459ccf0eec276514a4fd3b226d8961e4d1,2459865.906,119243645,
USDC,BSC,0xdccf3b77da55107280bd850ea519df3705d1a75a,0.0,119243645,
USDC,BSC,0x161ba15a5f335c9f06bb5bbb0a9ce14076fbb645,1e-08,119243645,
USDC,BSC,0xbe0eb53f46cd790cd13851d5eff43d12404d33e8,0.02,119243645,
USDC,BSC,0xbd612a3f30dca67bf60a39fd0d35e39b7ab80774,0.0,119243645,
USDC,BSC,0x3c783c21a0383057d128bae431894a5c19f9cf06,0.0,119243645,
USDC,BSC,0x835678a611b28684005a5e2233695fb6cbbb0007,0.0,119243645,
USDC,BSC,0x4ed6cf63bd9c009d247ee51224fc1c7041f517f1,6569546.23,119243645,
USDC,BSC,0x29bdfbf7d27462a2d115748ace2bd71a2646946c,0.0,119243645,
USDC,BSC,0x43684d03d81d3a4c70da68febdd61029d426f042,5292381.692,119243645,
USDC,BSC,0xf977814e90da44bfa03b6295a0616a897441acec,480000000.0,119243645,
USDC,BSC,0x515b72ed8a97f42c568d6a143232775018f133c8,1e-08,119243645,
USDC,BSC,0xa7c0d36c4698981fab42a7d8c783674c6fe2592d,0.0,119243645,
USDC,BSC,0xd3a22590f8243f8e83ac230d1842c9af0404c4a1,1.001e-05,119243645,Ceffu
USDC,BSC,0x08439901c2bb071cd0812ed329675c9657434083,7492311.989,119243645,Ceffu
USDC,BSC,0x5a52e96bacdabb82fd05763e25335261b270efcb,0.0,119243645,
USDC,BSC,0xeb2d2f1b8c558a40207669291fda468e50c8a0bb,1e-08,119243645,
USDC,BSC,0x4aec0e98fc1fb55b9cc2faaa7a81acca42cb4e96,127048.7056,119243645,
USDC,BSC,0x98adef6f2ac8572ec48965509d69a8dd5e8bba9d,106001506.9,119243645,
USDC,SOL,G9RCBaYb8aBRxoe8QBC2ucGrVqjuZFysRhY8d56cnNT1,0.002036,443282097,
USDC,SOL,2ojv9BAiHUrvsm9gxDe7fJSzbNZSJcxZvf8dqmWGHG8S,4.883151,443282097,
USDC,SOL,H8BgJgae6qhMtf7BM2JtddywSQt11WdxHHxkGLNX5hss,516235415.2,443282097,
USDC,SOL,5SDrsMNTYdhmApjfqYHDvjoW92f2S42vcc7zNDVcQ9Ej,581765.9675,443282097,Ceffu
USDC,SOL,3gd3dqgtJ4jWfBfLYTX67DALFetjc5iS72sCgRhCkW2u,0.0003,443282097,
USDC,SOL,28nYGHJyUVcVdxZtzKByBXEj127XnrUkrE3VaGuWj1ZU,0.0,443282097,Ceffu
USDC,SOL,6QJzieMYfp7yr3EdrePaQoG3Ghxs2wM98xSLRu8Xh56U,0.0,443282097,
USDC,SOL,9WzDXwBbmkg8ZTbNMqUxvQRAyrZzDsGYdLVL9zYtAWWM,1094.24345,443282097,
USDC,SOL,HXsKP7wrBWaQ8T2Vtjry3Nj3oUgwYcqq9vrHDM12G664,0.0,443282097,
USDC,ARBITRUM,0x1b5b4e441f5a22bfd91b7772c780463f66a74b35,0.017052,500455224,
USDC,ARBITRUM,0xf92402bb795fd7cd08fb83839689db79099c8c9c,163.01,500455224,
USDC,ARBITRUM,0x4aec0e98fc1fb55b9cc2faaa7a81acca42cb4e96,0.0,500455224,
USDC,ARBITRUM,0x5a52e96bacdabb82fd05763e25335261b270efcb,2e-06,500455224,
USDC,ARBITRUM,0x3931dab967c3e2dbb492fe12460a66d0fe4cc857,242.530693,500455224,
USDC,ARBITRUM,0xf977814e90da44bfa03b6295a0616a897441acec,0.050059,500455224,
USDC,ARBITRUM,0x71a7de1bdad3904b312717843597f549d2a79eb8,1083298.242,500455224,Ceffu
USDC,ARBITRUM,0x18e226459ccf0eec276514a4fd3b226d8961e4d1,0.0,500455224,
USDC,ARBITRUM,0x4ed6cf63bd9c009d247ee51224fc1c7041f517f1,0.0,500455224,
USDC,ARBITRUM,0x25681ab599b4e2ceea31f8b498052c53fc2d74db,12.729713,500455224,
USDC,ARBITRUM,0xc8812d1d1918587924ad84bcf8687bfbb1231f85,2.005413,500455224,Ceffu
USDC,ARBITRUM,0xb93b82f33e2653b544e046128f3cb47879dc917b,814333.0943,500455224,Ceffu
USDC,ARBITRUM,0xb38e8c17e38363af6ebdcb3dae12e0243582891d,2534.086971,500455224,
USDC,ARBITRUM,0x43684d03d81d3a4c70da68febdd61029d426f042,0.0,500455224,
USDC,ARBITRUM,0x9dfb9014e88087fba78cc9309c64031d02be9a33,0.0,500455224,
USDC,ARBITRUM,0xa7c0d36c4698981fab42a7d8c783674c6fe2592d,0.0,500455224,
USDC,ARBITRUM,0x835678a611b28684005a5e2233695fb6cbbb0007,0.0,500455224,
USDC,ARBITRUM,0xd3a22590f8243f8e83ac230d1842c9af0404c4a1,1e-05,500455224,Ceffu
USDC,APT,0xaa367ea8e145e3af459d3b8f6d50b96c76d9cf9c7dabedf9fff192f36eda0ee0,96583226.28,1012869185,
USDC,SUI,0xac5bceec1b789ff840d7d4e6ce4ce61c90d190a7f8c4f4ddf0bff6ee2413c33c,0.287396,317287615,
USDC,SUI,0x7ab9a6a7109dcb9cb357a109f32dfcc78a7aa2d6029084eb924d95133fc71cec,0.0,317287615,
USDC,APT,0xae1a6f3d3daccaf77b55044cea133379934bba04a11b9d0bbd643eae5e6e9c70,182487.1009,1012869185,
USDC,APT,0x80174e0fe8cb2d32b038c6c888dd95c3e1560736f0d4a6e8bed6ae43b5c91f6f,1791897.02,1012869185,
USDC,APT,0xd91c64b777e51395c6ea9dec562ed79a4afa0cd6dad5a87b187c37198a1f855a,0.0,1012869185,
USDC,APT,0x5bd7de5c56d5691f32ea86c973c73fec7b1445e59736c97158020018c080bb00,0.0,1012869185,
USDC,APT,0xbe13ea18241ed83ada91e8f5ca37b5507b397cb66ae1e52151cf32a96547600b,44777230.28,1012869185,
USDC,APT,0xed8c46bec9dbc2b23c60568f822b95b87ea395f7e3fdb5e3adc0a30c55c0a60e,0.0,1012869185,
USDT,MATIC,0x290275e3db66394c52272398959845170e4dcb88,13441356.36,93010514,
USDT,TRX,TYASr5UV6HEcXatwdFQfmLVUqQQQMUxHLS,49959069.41,85849746,
USDT,TRX,TK4ykR48cQQoyFcZ5N4xZCbsBaHcg6n3gJ,38987865.48,85849746,
USDT,TRX,TJDENsfBJs4RFETt1X1W8wMDc8M5XnJhCe,46788664.35,85849746,
USDT,TRX,TDqSquXBgUCLYvYC4XZgrprLK589dkhSCf,708267249.6,85849746,
USDT,TRX,TJ5usJLLwjwn7Pw3TPbdzreG7dvgKzfQ5y,40525326.24,85849746,
USDT,TRX,TQrY8tryqsYVCYS3MFbtffiPp2ccyn4STm,42678967.5,85849746,
USDT,TRX,TJqwA7SoZnERE4zW5uDEiPkbz4B66h9TFj,34674262.43,85849746,
USDT,TRX,TCLgK89AnXbC9rewvhNb9UgXCc2qJJpBXh,52398665.38,85849746,
USDT,TRX,TNXoiAJ3dct8Fjg4M9fkLFh9S2v9TXc32G,30513459.14,85849746,
USDT,TRX,TAzsQ9Gx8eqFNFSKbeXrbi45CuVPHzA8wr,50815743.24,85849746,
USDT,ETH,0x21a31ee1afc51d94c2efccaa2092ad1028285549,61215418.61,25878704,
USDT,ETH,0x56eddb7aa87536c09ccc2793473599fd21a8b17f,77541653.77,25878704,
USDT,ETH,0x28c6c06298d514db089934071355e5743bf21d60,621548106.7,25878704,
USDT,ETH,0xdfd5293d8e347dfe59e90efd55b2956a1343963d,78450022.67,25878704,
USDT,ETH,0x9696f59e4d72e237be84ffd425dcad154bf96976,60471243.64,25878704,
USDT,MATIC,0xe7804c37c13166ff0b37f5ae0bb07a3aebb6e245,17035460.37,93010514,
USDT,BSC,0xe2fc31f816a9b94326492132018c3aecc4a93ae1,24283125.68,119243645,
USDT,BSC,0xa180fe01b906a1be37be6c534a3300785b20d947,28726559.6,119243645,
USDT,BSC,0xeb2d2f1b8c558a40207669291fda468e50c8a0bb,21536884.68,119243645,
USDT,BSC,0x161ba15a5f335c9f06bb5bbb0a9ce14076fbb645,29301592.56,119243645,
USDT,BSC,0x8894e0a0c962cb723c1976a4421c95949be2d4e3,192024101.4,119243645,
USDT,BSC,0x515b72ed8a97f42c568d6a143232775018f133c8,23313472.73,119243645,
USDT,BSC,0xbd612a3f30dca67bf60a39fd0d35e39b7ab80774,23439549.09,119243645,
USDT,PLASMA,0x8741b106e9738a6971ad07dabcfe95ff66337b51,214135810.3,31280237,
USDT,MATIC,0x505e71695e9bc45943c58adec1650577bca68fd9,15898495.82,93010514,
USDT,TON,UQDKHZ7e70CzqdvZCC83Z4WVR8POC_ZB0J1Y4zo88G-zCSRH,12248890.88,89799585,
USDT,AVAXC,0x6d8be5cdf0d7dee1f04e25fd70b001ae3b907824,2545158.425,94159927,
USDT,OPTIMISM,0xacd03d601e5bb1b275bb94076ff46ed9d753435a,15573155.45,156311011,
USDT,SOL,5tzFkiKscXHK5ZXCGbXZxdw7gTjjD1mBwuoFbhUvuAi9,476368442.4,443282097,
USDT,AVAXC,0xcddc5d0ebeb71a08fff26909aa6c0d4e256b4fe1,3266946.366,94159927,
USDT,CELO,0xf6436829cf96ea0f8bc49d300c536fcc4f84c4ed,6959293.861,76320041,
USDT,SCROLL,0xf977814e90da44bfa03b6295a0616a897441acec,1686694.999,34869157,
USDT,SCROLL,0x687b50a70d33d71f9a82dd330b8c091e4d772508,8856.338654,34869157,
USDT,ETH,0x3a3c006053a9b40286b9951a11be4c5808c11dc8,106172344.6,25878704,Ceffu
USDT,ETH,0xf977814e90da44bfa03b6295a0616a897441acec,17000000000.0,25878704,
USDT,ETH,0x18e226459ccf0eec276514a4fd3b226d8961e4d1,430961.7484,25878704,
USDT,ARBITRUM,0x3931dab967c3e2dbb492fe12460a66d0fe4cc857,6816666.393,500455224,
USDT,ARBITRUM,0xb38e8c17e38363af6ebdcb3dae12e0243582891d,29011328.88,500455224,
USDT,ETH,0x43684d03d81d3a4c70da68febdd61029d426f042,122953055.2,25878704,
USDT,ETH,0x5a52e96bacdabb82fd05763e25335261b270efcb,3040521385.0,25878704,
USDT,ETH,0x4ed6cf63bd9c009d247ee51224fc1c7041f517f1,26295126.04,25878704,
USDT,ETH,0x4fdfe365436b5273a42f135c6a6244a20404271e,2.001,25878704,
USDT,ETH,0xa7c0d36c4698981fab42a7d8c783674c6fe2592d,618929684.8,25878704,
USDT,ETH,0x835678a611b28684005a5e2233695fb6cbbb0007,5544575956.0,25878704,
USDT,ETH,0xd3a22590f8243f8e83ac230d1842c9af0404c4a1,0.000447,25878704,Ceffu
USDT,ETH,0x4a9e49a45a4b2545cb177f79c7381a30e1dc261f,0.012569,25878704,Ceffu
USDT,ETH,0x98adef6f2ac8572ec48965509d69a8dd5e8bba9d,657068380.1,25878704,
USDT,ETH,0x22132139bf7f3921b1cadeab931f4fbf7bf2bc9e,600000001.4,25878704,
USDT,ETH,0xc8daf809c7d7c27dd62d006196d8901ba57e5eae,10.000392,25878704,
USDT,KAIA,0x86d2660297c82ac656715e00c979fb5ca65eecc5,21984523.81,226020599,
USDT,STATEMINT,13vg3Mrxm3GL9eXxLsGgLYRueiwFCiMbkdHBL4ZN5aob5D4N,10928911.12,20119207,
USDT,KAVAEVM,0x952b67a8dd64d136ddee8ea6117a643e0f8278a7,13935926.22,22363856,
USDT,OPBNB,0x001ceb373c83ae75b9f5cf78fc2aba3e185d09e2,1046795.443,180415476,
USDT,AVAXC,0xaba2d404c5c41da5964453a368aff2604ae80a14,2978814.903,94159927,
USDT,XTZ,tz2WDATNYnp7FdsmuZDYSidioZqeoLNZqXvE,2937517.122,14748075,
USDT,XTZ,tz1Q3jvYU9knekDYJfyvj3GjUy6898MNjvb2,14579292.92,14748075,
USDT,AVAXC,0x9f8c163cba728e99993abe7495f06c0a3c8ac8b9,34279327.83,94159927,
USDT,AVAXC,0x3bce63c6c9abf7a47f52c9a3a7950867700b0158,1711358.932,94159927,
USDT,STATEMINT,1qnJN7FViy3HZaxZK9tGAA71zxHSBeUweirKqCaox4t8GT7,106333.6468,20119207,
USDT,AVAXC,0x978b21a854dbefcd6d51dfd269875d158046240b,2028210.277,94159927,
USDT,TRX,TPtW5TEHhouj6KGshVu5ZQSKZA48QPBnXG,3084166.245,85849746,
USDT,TRX,TMuA6YqfCeX8EhbfYEg5y7S4DqzSJireY9,3.1,85849746,
USDT,TRX,TQq26fUorctUZvrAgKg8Wz6QyYHvYd6xWK,13412511.42,85849746,Ceffu
USDT,TRX,TCEn8ogRSiqdqv26UhsJmQQemrgJS56ZBD,3054944.819,85849746,
USDT,TRX,TVGDpgtCs45PJE7ZMHhiC76L3v77qAwJW9,109453827.8,85849746,Ceffu
USDT,TRX,TWd4WrZ9wn84f5x1hZhL4DHvk738ns5jwb,4.05,85849746,
USDT,TRX,TMwf7KT8CCdUKuZfKNPTTjbYkFb3eGRbzY,0.13,85849746,
USDT,ARBITRUM,0x25681ab599b4e2ceea31f8b498052c53fc2d74db,7198025.11,500455224,
USDT,NEAR,5c33c6218d47e00ef229f60da78d0897e1ee9665312550b8afd5f9c7bc6957d2,1513975.088,213761241,
USDT,OPTIMISM,0x18e226459ccf0eec276514a4fd3b226d8961e4d1,1783.335686,156311011,
USDT,OPTIMISM,0x98adef6f2ac8572ec48965509d69a8dd5e8bba9d,187097.6339,156311011,
USDT,OPTIMISM,0xf977814e90da44bfa03b6295a0616a897441acec,73341107.18,156311011,
USDT,MATIC,0xf977814e90da44bfa03b6295a0616a897441acec,20000000.0,93010514,
USDT,MATIC,0x18e226459ccf0eec276514a4fd3b226d8961e4d1,656702.2399,93010514,
USDT,MATIC,0xd3a22590f8243f8e83ac230d1842c9af0404c4a1,122.73988,93010514,Ceffu
USDT,MATIC,0x98adef6f2ac8572ec48965509d69a8dd5e8bba9d,279088.5622,93010514,
USDT,NEAR,9c484fa5d2d069569ba063fc555c34e621ccd88fdbb0295fc79bad232621c5c1,207502.5928,213761241,
USDT,APT,0xae1a6f3d3daccaf77b55044cea133379934bba04a11b9d0bbd643eae5e6e9c70,244818308.8,1012869185,
USDT,AVAXC,0x98adef6f2ac8572ec48965509d69a8dd5e8bba9d,7619.6,94159927,
USDT,AVAXC,0x5a52e96bacdabb82fd05763e25335261b270efcb,0.00139,94159927,
USDT,AVAXC,0x4aefa39caeadd662ae31ab0ce7c8c2c9c0a013e8,20000000.0,94159927,
USDT,CELO,0xef268b5c05452d63a17da12f562368e88a036ef1,40095425.87,76320041,
USDT,PLASMA,0x5d87f3b8fe3f0e4a18694d80806e09dc3a4f710a,121126.5401,31280237,Ceffu
USDT,PLASMA,0xc8daf809c7d7c27dd62d006196d8901ba57e5eae,1.00001,31280237,
USDT,PLASMA,0xf977814e90da44bfa03b6295a0616a897441acec,100000000.0,31280237,
USDT,NEAR,d04204b6591fefb973a8ed60929f8211af89ee38020da9faf905acdc7a320063,110419.2872,213761241,
USDT,NEAR,binancecold3.near,32361545.51,213761241,
USDT,NEAR,451913e633c72fb951effe076d3bd2977e3f08083dcf6c87fa89992b0d437c5c,182068.3188,213761241,
USDT,BSC,0x0e4158c85ff724526233c1aeb4ff6f0c46827fbe,0.00199901,119243645,Ceffu
USDT,BSC,0x18e226459ccf0eec276514a4fd3b226d8961e4d1,69587619.15,119243645,
USDT,BSC,0xbe0eb53f46cd790cd13851d5eff43d12404d33e8,17.4620001,119243645,
USDT,BSC,0x835678a611b28684005a5e2233695fb6cbbb0007,0.07010012,119243645,
USDT,BSC,0x4ed6cf63bd9c009d247ee51224fc1c7041f517f1,0.0004,119243645,
USDT,BSC,0x29bdfbf7d27462a2d115748ace2bd71a2646946c,1e-08,119243645,
USDT,BSC,0xf977814e90da44bfa03b6295a0616a897441acec,696927871.5,119243645,
USDT,BSC,0x5a52e96bacdabb82fd05763e25335261b270efcb,0.11589254,119243645,
USDT,TON,UQD4uGNdB4a3f52mYOZf0x1nCmdd1DAvrLppL0a1cetTYCQx,116701523.3,89799585,
USDT,BSC,0xd3a22590f8243f8e83ac230d1842c9af0404c4a1,2578517.445,119243645,Ceffu
USDT,BSC,0x08439901c2bb071cd0812ed329675c9657434083,7331392.772,119243645,Ceffu
USDT,BSC,0x4fdfe365436b5273a42f135c6a6244a20404271e,52679580.68,119243645,
USDT,BSC,0x4aec0e98fc1fb55b9cc2faaa7a81acca42cb4e96,11111812.88,119243645,
USDT,TON,UQAdCl0uTEHMLzvmsD6o69FXjxbNavwaP7pPAGMLCRf9aEbe,25023.74664,89799585,Ceffu
USDT,BSC,0x98adef6f2ac8572ec48965509d69a8dd5e8bba9d,3174832.314,119243645,
USDT,SOL,2ojv9BAiHUrvsm9gxDe7fJSzbNZSJcxZvf8dqmWGHG8S,5.000001,443282097,
USDT,SOL,G9RCBaYb8aBRxoe8QBC2ucGrVqjuZFysRhY8d56cnNT1,311489.4215,443282097,
USDT,SOL,28nYGHJyUVcVdxZtzKByBXEj127XnrUkrE3VaGuWj1ZU,33609724.97,443282097,Ceffu
USDT,SOL,5SDrsMNTYdhmApjfqYHDvjoW92f2S42vcc7zNDVcQ9Ej,99748.93144,443282097,Ceffu
USDT,SOL,38xCLm9kSExfGU1GdyVuX4vop7SZns9kU2mQyTmmMdUP,204488.2677,443282097,
USDT,SOL,9WzDXwBbmkg8ZTbNMqUxvQRAyrZzDsGYdLVL9zYtAWWM,457173943.7,443282097,
USDT,ARBITRUM,0xc8812d1d1918587924ad84bcf8687bfbb1231f85,1720955.481,500455224,Ceffu
USDT,ARBITRUM,0xd3a22590f8243f8e83ac230d1842c9af0404c4a1,30.86,500455224,Ceffu
USDT,ARBITRUM,0x98adef6f2ac8572ec48965509d69a8dd5e8bba9d,522190.7494,500455224,
USDT,ARBITRUM,0x18e226459ccf0eec276514a4fd3b226d8961e4d1,14409.77795,500455224,
USDT,ARBITRUM,0xf977814e90da44bfa03b6295a0616a897441acec,50000000.0,500455224,
USDT,OPBNB,0xf977814e90da44bfa03b6295a0616a897441acec,38000000.0,180415476,
USDT,APT,0xd91c64b777e51395c6ea9dec562ed79a4afa0cd6dad5a87b187c37198a1f855a,11582.955,1012869185,
USDT,APT,0xed8c46bec9dbc2b23c60568f822b95b87ea395f7e3fdb5e3adc0a30c55c0a60e,60000000.0,1012869185,
